title,author,Text,sentenceFeed,character_count
27세기의 발명왕,휴고 건즈백,"랄프 플러스


젊고 재기에 넘쳐있는 청년 랄프는 기쁨에 넘친 눈으로 유리 용기 안에 들어있는 한 마리의 모르모트를 바라보고 있었습니다.
귀여운 눈을 반짝이면서, 완전히 죽어있던 그 모르모트가 24시간만에 다시 살아난 것입니다. 청년 랄프는 실험대 위에 놓여있는 둥근 유리 용기를 바라보면서 기쁨의 함성을 올렸습니다.




놀랄만한 대성공을 이룩한 것입니다. 오늘, 2660년 9월 1일, 달력이 가리키는 이 날은 인류를 위하여 하나의 획기적인 기념일이 될 것입니다.
랄프는 넓은 방의 모퉁이에 있는 대형 텔레비전 전화 앞에 우뚝 멈추었습니다.
복잡한 버튼과 스위치가 빽빽하게 장치되어 있는 텔레비전 전화 앞의 조종대에는 또 미터 자동계기와 신호등이 붙어 있었습니다.
랄프는 재빠른 솜씨로 스위치들을 조작하고는 버튼을 눌렀습니다.
그 순간 벽 중앙에 있는 가로 세로 1미터의 정사각형 모양을 가진 스크린이 환해지면서 밝게 웃는 한 청년이 나타났습니다. 랄프는 명랑하게 그 청년에게 인사를 하였습니다.
“잘 있었나? 에드워드.”
“물론 잘 있었지. 자네는 어떤가, 랄프.”
랄프는 에드워드라고 불린 청년에게 연구실에 꼭 들러 달라는 부탁을 했습니다.
무슨 일 때문인가 궁금해하는 에드워드에게 랄프는 뒤를 돌아보며 손가락으로 실험대 위의 유리 용기를 가리켰습니다.
입체 텔레비전이기 때문에 몸을 내밀어 용기를 보려고 하는 에드워드의 몸이 스크린 밖으로 튀어나올 것같이 보였습니다.
눈을 가늘게 뜨고 용기를 바라보던 에드워드는 감탄을 하기 시작했습니다.
“오오, 랄프! 자네는 기어이 그것을 완성하고 말았군.”
“그렇다네.”




랄프는 마음을 가다듬으며 엄숙하게 말했습니다.
“난 죽은 것을 다시 살려냈네.”
에드워드는 들뜬 목소리로 축하를 했습니다.
“과연 랄프. 자네는 훌륭한 천재야. 아니 어떻게 죽은 것을 다시 살려낼 수 있단 말인가! 그건 아무도 생각할 수 없었을 거야. 자넨 인류를 위해 훌륭한 발명을 했어! 어쨌든 축하하네. 자네야말로 우리들의 랄프 124C41 플러스군 그래.”
“고맙네, 에드워드 350B11.”
랄프는 기쁨에 찬 얼굴로 말했습니다.
지구에는 전쟁이 사라진지 오래 되었고, 각국의 국민들은 세계 정부를 세우고, 그 지배하에 세계 전체가 평화스럽게 살고 있는 서기 2600년대는 그 옛날에 상상할 수도 없었던 아주 놀라운 시대로 접어든 것입니다.
전쟁이라는 것은 찾아볼 수 없습니다. 전쟁이 없어지자 어떤 군비도 필요 없게 되었습니다.




세계의 모든 사람들이 한 나라 국민처럼 서로를 사랑하며 인류를 위하여 과학을 발달시키고 기술을 연구하여 이용하게 되었습니다.
전쟁이 없어졌으므로 군비에 소요되던 지금까지의 엄청난 돈과 연구, 그것들을 위해 일하고 있던 많은 과학자들이 이제는 평화를 위해 힘쓰고 있습니다.
편리해진 사회에서 생활하고 있었지만 단 한 가지의 곤란한 점이 있었습니다.
그것은 세계 각국의 언어가 서로 다르다는 점이었습니다. 사람의 이름도 나라마다 달랐습니다. 여러 가지 불편한 점을 없애기 위해 200년 전부터 세계 각국의 언어를 통일하기 위한 작업이 시작되었습니다.
어느 나라 사람에게도 알맞은 공통 언어를 만든다는 것은 결코 쉬운 일이 아니었습니다. 그것은 실로 오랜 시일을 요구했습니다.
그렇지만 인간의 노력의 힘은 위대했습니다. 어느 나라 사람이라도 한결같이 먼저 ‘랄프’라든가 ‘에드워드’라든가, ‘민수’ ‘영수’라는 이름을 지어놓고 그 밑에 살고 있는 땅이나 자기의 직업 등으로 서로 다른 번호와 기호를 붙였던 것입니다.
그러니까 ‘랄프 C41’이라든가 ‘에드워드 11’이라는 이름이 그것입니다. 그러나 단, 이름 맨 끝에 붙어있는 +(플러스)라는 기호는 아무에게나 붙여지는 것이 아닙니다. 세계에서 + 기호를 가지고 있는 사람은 세계 정부의 수상을 비롯하여 단 10명도 채 되지 않습니다.
그도 그럴 것이 +기호는 인류를 위하여 아주 특별히 위대한 공적을 남긴 사람에게만 내리는 영광스러운 기호이기 때문입니다.
랄프는 여러 가지 위대한 발명을 함으로써 인류에게 봉사했으므로 그 명예로운 +기호를 받았던 것입니다.

텔레비전 전화의 혼선


에드워드는 아직 흥분해서 이야기를 하고 있었습니다.




“자네는 정말 훌륭해. 이제 죽은 사람이 다시 살아날 수 있는 게 아닌가. 앓고 있는 사람, 그 모든 불행을 겪는 사람들이 구원받을 수 있게 된 거네.”
랄프는 에드워드에게 겸손하게 대답했습니다.
“아니, 너무 그러지 말게. 아직은 완전히 성공한 것은 아니야. 이제 겨우 동물을 실험해서 성공한 것 뿐이야. 사람에게 적용시키려면 많은 실험과 연구를 거듭해야 돼.”
“난 자네를 믿어. 빠른 시일 내로 성공하고 말 거야.”
대화 도중 갑자기 텔레비전 스크린이 마구 흔들리다가 곧 어두워지면서 꺼져 버렸습니다.
이 텔레비전 전화는 세계 어느 곳이라도 통화할 수 있도록 되어 있습니다.
그러나 가끔 혼선이 되기도 하였습니다. 스크린을 바라보면서 랄프는 얼굴을 찡그렸습니다. 고장이 난 것입니다.




랄프는 고장난 곳을 고치기 위해 스위치를 이리 저리로 돌려보기도 하고 버튼을 눌러 보기도 하였습니다. 그러나 그렇게 쉽사리 고쳐지지 않을 것 같았습니다. 랄프가 중계소의 교환수를 부르기 위해 스위치에 손을 댔을 때였습니다.
갑자기 스크린이 밝아졌습니다. 랄프는 스크린을 바라보았습니다. 순간 랄프는 깜짝 놀랐습니다. 스크린 속에는 에드워드가 아닌 한 아름다운 아가씨가 랄프보다 더 놀란 얼굴을 하고 있었기 때문입니다.
아가씨는 프랑스 투의 말씨로 랄프에게 물었습니다.
“누구세요, 당신은……?”
어딘지 알 수 없는 시골의 어느 집에 아가씨는 혼자서 있었습니다. 랄프는 정중하게 그 아가씨에게 사과를 했습니다.
“텔레비전 전화가 혼선이 된 모양입니다. 친구와 함께 얘기를 하다 도중에 갑자기 끊어져 버렸어요. 정말 죄송하게 되었습니다. 곧 중계소에 연락을 해 고치도록 해야겠어요.”
아가씨는 의외로 상냥하게 질문을 했습니다.
“아니에요. 당신은 뭐하는 사람인가요? 당신 방은 온통 기계로 꽉 차 있군요. 무슨 연구실 아니면 우주선의 조종실 같아 보여요. 거기 어디죠?”
“아, 여기는 뉴욕입니다. 그쪽은 프랑스인가요?”
“아니에요. 여기는 스위스에요. 알프스 산 중턱이랍니다.”
아가씨는 랄프를 자세히 바라보고는 이상스럽다는 듯이 고개를 갸우뚱거렸습니다.
“그런데 당신의 얼굴을 어디선가 본 적이 있는 것 같아요. 어디서였을까요?”




“텔레비젼에서 보셨겠죠!”
라고 랄프가 말했습니다.
그러자 그 아가씨는 손뼉을 쳤습니다. 그 아가씨는 지금 텔레비젼 전화에 비치고 있는 사람이 그 유명한 발명왕 ‘랄프 124C플러스’라는 것을 알아냈습니다.
랄프는 그 아가씨를 향해 겸손하게 웃었습니다. 그러자 그 아가씨는 귀여운 눈을 반짝이면서 훌륭한 분과 이야기를 직접 나누게 된 것이 꿈이 아닌지 모르겠다고, 기쁜 얼굴을 하며 자기를 소개하였습니다.
“전 아리스 212B423이라고 해요.”
“반갑습니다. 만나 뵙게 되어서, 아리스.”
랄프 역시 아가씨와 알게 된 것이 진심으로 기뻤습니다.
아리스는 알프스의 로잔산 중턱에 아버지, 언니와 같이 살고있는 아가씨였습니다. 5일 전에 가족들이 반중력 비행차로 파리에 가고 없었기 때문에 아리스는 5일 만에 처음으로 이야기를 나눌 수 있는 사람을 만난 셈입니다.
아버지와 언니는 곧 돌아오기로 되어 있었는데 심한 눈보라로 인하여 도저히 로잔산 근처까지 오지 못하고 있는 상태였습니다. 아리스는 오랜만에 대화를 나누는 사람이, 더군다나 그 유명한 랄프 124C41플러스라는 것에 흥분이 되어 있었습니다.
좀처럼 흥분은 가라앉지 않는 모양이었습니다. 아리스가 있는 곳에는 눈 때문에 텔레비젼 전화 안테나까지 부러질 정도였습니다.




안테나를 간신히 응급 수리하여 파리와 연락을 취하려고 했던 것이었는데, 혼선이 되는 바람에 랄프의 텔레비젼 전화에 나타나게 된 것입니다.
아리스는 계속 예쁘게 웃었습니다. 아리스는 의지가 대단히 강한 아가씨였습니다. 알프스 산중에서 5일 동안이나 눈 속에 갇혀 있었으면서도 조금도 두려워하지 않았습니다.
게다가 직접 자기 손으로 안테나를 수리할 정도였습니다.
랄프는 조금 화가 났습니다. 이 시대는 세계의 기후도 과학의 힘으로 완전히 조종할 수 있게 되어 있었습니다.




비나 눈을 필요로 할 때는 그것들을 인공적으로 만들어 내리게 할 수 있었고, 필요 이상의 큰 눈, 비는 보통 때에는 내리지 않게 하고 있었는데 아리스가 그런 일을 당하다니. 그럼 스위스의 기상 조정 센터는 대체 무엇을 하고 있었는지. 랄프는 도저히 이해가 가지 않았습니다.
“아니 스위스의 기상 조정 센터는 낮잠을 자고 있는 건가요? 5일 동안이나 눈보라가 계속 되고 있다니 참으로 이상한 일이군요.”
“그것은 기상 조정 센터의 기사들이 스위스 지사와의 불화 때문에 파업에 들어갔기 때문이에요.”
아리스가 랄프에게 그 이유를 설명하자 랄프는 몹시 노했습니다.
남들이 당하는 피해를 생각하지 않고 자기들만 생각하는 이기주의자를 랄프는 무척 싫어합니다. 사람의 안전을 지켜야 되는 기상 조정 센터의 기사들이 파업을 했다는 것은 이유야 어찌 되었건 간에 괘씸한 일이었습니다.
“잠깐 기다려요, 아리스. 제가 파리에 연락하여 눈이 멈출 수 있도록 해보죠.”
랄프가 그렇게 말한 순간이었습니다.




‘리리리리리리. 리리리링. 리리리리링’
하는 벨 소리가 울렸습니다.
아리스의 얼굴이 창백해졌습니다. 그 벨 소리는 사태를 알리는 경보였던 것입니다.","젊고 재기에 넘쳐있는 청년 랄프는 기쁨에 넘친 눈으로 유리 용기 안에 들어있는 한 마리의 모르모트를 바라보고 있었습니다.
귀여운 눈을 반짝이면서, 완전히 죽어있던 그 모르모트가 24시간만에 다시 살아난 것입니다. 청년 랄프는 실험대 위에 놓여있는 둥근 유리 용기를 바라보면서 기쁨의 함성을 올렸습니다.",3511
K박사의 연구,김동인,,"“자네 선생은 이즈음 뭘 하나?”
나는 어떤 날 K박사의 조수로 있는 C를 만나서 말끝에 이런 말을 물어보았다.",10741
가신어머니,김동인,"가신 어머니


나의 집안이 서울로 이사를 한 것은 지금으로부터 만 6년 전이다.
그 전해 가을부터 심한 신경쇠약에 불면증을 겸하여 고생하던 나는 가족을 평양에 남겨두고 혼자서 서울로 올라와서 치료를 하고 있었다. 나의 가족이라는 것은 나의 아내와 아들 하나와 딸 둘(아들과 큰딸은 전처의 소생이다) 이었다. 그 가족들을 평양에 남겨두었는데, 그들 위에는 늙은 어머님이 계셨고, 아직 시집가지 않은 누이동생이 하나 있었다.
지금껏 평양 있을 동안의 생활방식이라는 것은 어머님의 약간의 토지에서 수입되는 나락과, 미약한 나의 원고료 수입에 의지하여 지탱해왔다. 그러던 것이 내가 서울로 올라와서 병치료를 하고 있게 되매 나의 원고료 수입이 치료비에도 도리어 부족이 될 형편이라 일이 딱하게 되었다.
생각하고 생각한 끝에 맏형을 찾아갔다. 그리고 맏형께 내가 서울에서 치료를 하는 동안 어머님을 비롯하여 내 가족들의 생활을 돌보아주기를 부탁 하였다.
그해, 진실로 적적한 과세를 하였다. 잠 못 드는 긴 밤을 외로운 여사에서 새우고…… 흥분되는 일과 음식 등을 의사에게 금지당하였는지라, 이웃집 곁방 등에서 술 먹고 윷 놀고 화투하고 좋아하고 야단들 하는 신구세(新舊歲) 교환절기를 나는 자리에 누워서 눈이 꺼벅꺼벅 밤을 새우고 하였다.
길고 지리한 밤을 새운 뒤에 들창에 훤히 새벽 동이 트면 그렇게 기쁜 일이 다시 없었다. 인젠 낮이로다. 나다닐 수도 있고 사람의 얼굴을 볼 수도 있고 이야기할 수도 있는 낮이로다. 길고 지루하던 밤도 이제는 갔구나.
낮이 차차 기울어오면 인제 장차 이를 밤이 진실로 무서웠다. 이 길고 지리한 밤을 또한 천장을 바라보며 새울 생각을 하면 괴롭기 짝이 없었다. 의사는 늘 잠 못 자는 것을 걱정 말라고 권고를 한다. 에디슨은 하루에 네 시간씩밖에 안 잤다. 누구는 몇 시간씩밖에 안 잤다. 고금의 온갖 예를 들어가면서 ‘잠이라는 것은 한낱 습관에 지나지 못하지 자지 않을지라도 괜찮다’는 설명을 가하여 안심을 주려 한다. 그러나 과거 30년간을 하루에 여덟 시간 이상을 잔 경력을 가지고 있는 이 까다로운 인생은 의사의 그런 말을 귓등으로도 듣지 않았다.
불면증이란 것은 괴상한 것으로서, 밤에는 정신이 똑똑한 대신 낮에는 늘 머리가 몽롱하다. 그러나 과거 30년간을 일은 낮에 하고 밤에는 잠을 잘 것 이라는 습관을 가지고 있는 나는, 머리가 몽롱한 낮에 원고를 쓰고 머리가 똑똑해진 밤에는 오지 않는 졸음을 오라고 청을 하고 있다.
불면증은 체험해본 사람이 아니고는 그 고통의 100분의 1도 상상을 못한다.


꘏


K 박사의 지도하에 불면증 치료 3개월, 불면증은 인제는 웬만치 완화가 되었다. 자며 깨며…… 숙수는 못하나마 과한 고통은 면하리만치 되었다.
이렇게 되매 나는 나의 가족을 서울로 불러올려서 서울에서 살기로 계획을 정하였다.
원고료 생활을 하려면 서울에서 살림하는 것이 편리하다. 표면으로는 이러 하였다. 그러나 이면으로는 델리케이트한 문제가 나의 가슴 깊이 있는 것이었다.
본시 우리는 3형제로서 내가 가운데요, 3형제의 아래로 막내로 누이가 하나 있었다.
내가 열일곱 살 적에 아버님이 세상을 떠나셨다. 3형제에게는 각각 적당히 분재(分財)해주셨다. 그러나 누이의 몫은 없었다.
맏형은 장발하였는지라 따로이 살고, 나와 나의 동생과 누이를 어머님이 거느리고 사셨다. 그러는 동안 어머님이 재산을 관할하시며 재산 수입에서 생활비에 충당하고 남는 것으로 약간의 토지를 마련하였다. 물론 그것을 마련한 당시의 어머님의 심산으로서는 그것을 딸에게 주려 하였음일 것이다.
그 뒤에 우리 형제는 방탕을 하였다. 홀짝 다 없이하였다. 이렇게 되매 어머님의 마음은 다시 변하셨다. 어머님은 몇 자려 중에 나를 가장 사랑하셨다. 내가 한 푼 없이 파산을 하매 어머님은 그 약간의 토지를 나에게 주시려고 본시의 예정을 돌이켰다. 그리고 그 토지에 걸리는 입비(세비, 수리조합비, 기타 관할비) 등등을 내게 부담을 시키시고, 감독 등등도 내게 늘 명 하셨다. 본시 입이 무거우신이라, 그 땅을 장차 뉘게 주신다는 말씀은 입 밖에 낸 일이 없으나, 암시는 충분히 하시고 하였다. 언젠가 변변찮은 일로 딸과 다투신 때 같은 때에는 등기와 도장을 내게 맡기시고 집을 나가신다고까지 한 일이 있었다 그러나 나는 그 땅을 원하지 않았다. 아버님께 풍부히 물려받았던 재산을 탕진한 몸으로서 무슨 염치에 그것을 곁눈질이라도 하랴. 그것이 거대한 재산으로서 욕심날 만한 거액이면 모르지만 그것을 가지고도‘생활을 위한 원고’를 쓰지 않고는 먹지 못할 이상에는 그만 것을 가져 무엇하랴.
이러한 생각을 가지고 있었다.
누이도 그때 스물을 지난 처녀로서 재산이란 것이 무엇인지 넉넉히 눈치를 알 처지였다. 누이의 심경도 내게는 번히 들여다보였다. 그 땅이란 본시 자기에게 올 것이었는데 오빠가, 방탕을 하여 재산을 탕진한 탓에 빼앗기는구나…… 이러한 눈치가 늘 역연히 보였다.
어렸을 적부터 내가 매우 사랑해왔고 자기도 나를 퍽 따라서, 어떠한 고집을 부리다가라도 내 말이 떨어지면 즉시로 승복하리만치 나를 따르던 누이인데, 이 눈치를 알자부터 차차 내게 반항을 하며 공연히 앙심을 품는 것이 분명하였다.
집안에는 늘 암운이 떠돌고 있었다. 어머님이 단 한 번이라도 정면으로 ‘그 땅은 장차 너 가져라’하시면 나는 단박에 거절하여 이 암운도 흩어지겠지만 말씀 안 내는 일을 먼저 내가 거절한다면 도리어 그 반대편으로 보 이기가 쉬운 일이라, 먼저 거절할 수도 없고 하여 단지 이 집안에 떠도는 암운에 홀로 혀를 차고 있었다.
그러다가 이번 기회에 내 처자만 서울로 이사를 하게 하여 자연 간단히 내 뜻을 나타내기로 한 것이었다.
과연 아내가 서울로 이사 오라는 내 편지를 받고 그 뜻을 어머님께 여쭈매 곁에 있던 누이가.
“옳다, 그 땅도 이젠 내 것이로다.”
고 농담조로 말하더라고, 대체 그 땅이란 어찌된 땅이냐고 아내는 서울 이사 온 뒤에 내게 물은 일이 있었다.
내 가족이 서울로 이사 오면 평양의 어머님과 누이는 어머님의 땅의 수입과 누이의 모 유치원 보모로서의 월급으로 여유 있게 지낼 수가 있는 것이었다.
그러나 어머님은 내 이 행동을 매우 좋지 않게 보신 모양이었다.
첫째로는 가장 사랑하시던 아들을 슬하에 그냥 두고 싶으셨던 것이었다.
그랬는데 그 아들이 자기의 처자만 서울로 끌고갔다는 점이 매우 불쾌하셨다.
둘째로는, 제아무리 서울로 이사를 간댔자 벌어먹지 못할 것으로 보셨다.
몇 달간 공연히 고생들만 하다가 도로 모두 울레줄레 평양으로 내려올 것으로 믿으셨다.
그런 위에 어머님 소유의 땅 가운데 하나는 평양부 발전에 따라서 가까운 장래에 적지 않은 금액의 것이 다시 회복하시리란 마음이 있었더니만치, 내 가 내 처자만 데리고 서울로 간다는 것을 싫어하셨다.
어차피 서울 가서 자리를 못 잡고 도로 내려오리라고 굳게 믿으셨더니만치 이삿짐이 진실로 박하였다.
아내가 자기의 친정에서 해가지고 온 물건밖에 낡은 것(원래가 대갓집이었더니만치 다른 것은 그만두고 유기그릇만 하여도 큰 뒤주로 몇 뒤주가 되었다 이라고는 내 전실) 아내의 것조차 안 주시고, 단지 빅터 유성기와 레코드와 싱거 재봉틀 하나뿐으로서, 좌우간 이사온 날 저녁밥 담아 먹을 그릇조차 없어 사다가 담아 먹었다면 짐작이 갈 것이다.
그러나 내 계획이란, 어머님의 예상하신 바와 딴판이었다.
좌우간 무턱하고 집을 한 채 월부로 사기로 하였다. 집도 그만하면 정 부 끄러운 집도 아니었다. 그리고 여기서 차차 내 생활이 자리가 잡히는 동안 누이동생도 출가를 하게 되겠고 출가를 하게 되면 어머님의 땅도 누이에게 완전히 건너가게 될 것이고, 그때쯤이면 내 생활도 자리가 잡혀서 어머님을 모셔다가 안온한 여생을 보내시게 하겠다…… 내 생각은 이러하였다.
사실 나는 어머님과 마주 앉을 적마다 죄송하였다. 부귀를 겸전한 가운데서 나셔서 자라셔서 청년 중년 다 부 귀 중에 지내신 어머님을 나의 과도한 방탕 때문에 늙마에 고생하시게 하는 것이 늘 죄송하였다. 언제 어서 생활의 안정을 얻어서 어머님을 다시 평안히 지내시게 할까. 얼마…… 남은 수 (壽)도 그리 많지 못하실 어머님…… 어머님 생전에 다시 근심 없는 살림을 회복하여야겠다. 이것이 나의 제일 초조되는 바요 근심되는 바였다.
그런데 어머님의 생각은 또한 그와 반대였다. 저것(즉 나)이 넉넉한 데서 나서 자라서 지금 재정에 물려 쩔쩔매며 돌아가는 것이 도리어 민망하신 모양이었다. 이 중년의 아들을 간간 어린애들 몰래 즐겨하는 과일 같은 것을 사다주시는 것을 받을 때마다 도리어 칵 울고 싶었다.
10년 미만에 10여 만 원의 재산과 그 재산에서 나는 수입까지 탕진하였으 며 상당히 질탕히 놀았다. 그런지라 어떠한 고난을 겪을지라도 자작지얼로 원망할 곳이 없을 뿐더러 ‘과거에 그만큼 놀았으면……’하는 단념까지 생기는 나이려니와, 어머님이야 무슨 탓으로 늙마에 저렇듯 마음과 몸의 고생을 하실까.
늘 이 죄 많은 아들을 민망히 보시고 맛나는 음식이라도 생기면 당신은 안 잡숫고 반드시 아들에게 주시며, 부족한 주머니를 털어서 아들의 입을 즐겁게 하시며, 사람 된 의무로서 가족의 의식을 구하기 위하여 하는 당연한 노력을 애처롭게 보시는 그 어머님께 대하여 나는 황송히 생각하지 않을 수가 없었다.
서울로 이사를 와서 월부로 정갈한 집을 한 채 산 뒤에, 우리 가족의 생활은 그야말로 ‘긴장’한 마디로 끝이 날 종류의 것이었다. 집을 한 채 사느라고 어머님께 편지를 하였더니 어머님에게서는 그러면 여름방학 때 딸과 함께 서울로 놀러 오시마 하셨다.
우리의 산 집은 아주 새 집이었다. 이 새 집을 사람 사는 집같이 꾸미려면 상당히 손이 걸린다.
나는 시계와 같이 잠시도 쉼 없이 원고를 쓰고 아내는 끊임없이 항아리 나부랭이며 찬장, 그릇 등속을 사들이며…… 어머님이 서울 오시겠다는 여름 방학이 불과 석 달, 그동안에 집을 사람 사람 사는 집처럼 꾸미느라고 전력을 다하였다.
그 여름 약속에 의지하여 상경하실 때에 어머님은 몸소 가지고 올 수 있는 최대 한도의 짐을 가지고 오셨다. 그러나 일껏 가지고 와서 보매, 그런 것들은 벌써 다 구비되어 있는 것이었다.
“쓸데없는 것을 가지구 왔구나.”
아아, 이 한마디가 얼마나 나를 기쁘게 하였을까. 어머님도 또한 헛노력이 된 것을 도리어 기뻐하시는 것이었다.


꘏


그해 가을 어머님은 사위맞이를 하셨다.
딸이 스물을 썩 넘도록 정당한 배우자를 맞지 못하여 근심하시던 그 근심도 인제는 없어졌다.
아들들도 맏아들은 평양 실업계의 거두로 뒤를 근심할 바 없고, 둘째 아들 도 서울로 올라가서 차차 살림이 펴는 모양이요, 셋째 아들도 생활은 이렁저렁 해나가는 모양이요, 단 한 가지 남았던‘딸의 처치’도 되었으매 전혀 전전해 등에 비기면 노후도 펴나가는 모양이었다.
이러한 가운데서 나는 어서 이 집의 매수를 끝낸 뒤에 어머님을 모셔오고 자 잉크와 종이를 연하여 소비하고 있었다.


꘏


서울 이사 온 지 3년째 되는 봄이었다.
그 봄 나는 조선 원고료 생활자에게는 좀 거액이라 할 만한 600원이라는 돈을 횡액으로 잃어버렸다. 집값의 최후 잔액을 치르려던 돈이었다. 그것을 잃었는지라, 다시 반년간 더 지내지 않으면 집값을 완제할 수가 없게 되었 다.
그와 전후하여 평양 누이가 맏아들을 낳았다는 회보…… 또 그와 전후하여 놀라운 소식이 뛰어들었다.
어머님이 중풍으로 위험하다 하는 것이었다. 그러나 이 소식이 전보가 아 니라 편지로 온 것을 보매 위급하지는 않은 모양이었다. 그때 마침 쓰던 원고가 있어서 양일간 더 써야 끝이 나겠으므로 그것을 빨리 마감하고 내려가 보려 하였는데, 뒤이어 염려 없이 되었다는 기별과 의사의 말이 ‘춘추 칠순에 가까운 분으로 그런 위험한 병에서 이렇듯 속히 회복되는 것은 희귀한 일이라’하더라는 말까지 있었다.
그래서 어머님의 병환에는 푹 안심하고 있었는데, 얼마 지나지 않아서 중풍재발이라는 통지가 역시 전보가 아니요 편지로 왔다. 뒤에 상세한 전말을 알아보니 이러하였다.
누이는 그때 해산 직후의 산모라 신경이 엔간히 날카롭게 된 사람이었다.
그런 터라 어떤 날 식모가 좀 마음에 거슬리는 일을 하였다고 당장에 내쫓았다. 내쫓았으면 즉시로 대신을 구하여 들였어야 할 것인데 경향을 물론하고 문제 거리인식모난 때문에 미리 식모를 구하지 못하였다.
어머님이 부엌에 나서지 않을 수가 없게 되었다. 40년, 50년 전 며느리 시절에 부엌에 나서 보신 뿐 부엌에서투르신 어머님이었다.
게다가 중풍에 넘어지셨다가 겨우 지금은 지팡이 짚고 변소 출입이나 하게 된 병인이었다. 그 위에 산모에게는 하루에 칠팔 회를 국을 끊여주어야 할 것이었다.
“아궁이 앞에서 불을 때노라면 자꾸 아궁이로 끌려들어가는 것 같두나.”
이것이 뒷날 어머님의 회상담이었다.
나뭇단을 부엌에 끌어들이고 수도(대문 안에 있어서 부엌에서 꽤 멀다)에서 물을 길어들이고 하루에 칠팔 회를 부엌에 나서야 하니, 칠순 노체에 병환이 없을지라도 견디지 못할 것이었다. 병환 재발된 것이 당연한 일이었다.
그러나 어머님의 체력은 경탄을 지나쳐서 경악할 만하였다. 중풍이란 대체 초발에도 난병이거니와 재발이면 생명을 보장할 수 없고, 어떻게 생명이 유지된다 할지라도 전신불수…… 적어도 반신불수는 될 것이었다.
그러나 어머님의 경악할 만한 체력은 그 모든 과정을 모두 건너뛰어 일삭쯤 뒤에는 다시 약간의 부축만 있으면 변소 출입은 가능하도록 되었다. 잘 요양만 하시면 이 병환에서는 온전히 벗어나서 천수를 다할 수 있다고 의사도 드디어 항복을 하였다.
그러나 성격이나 언행이나 온갖 방면이 돌변하였다.
여장부라 하여도 좋을 만치 강한 성격의 소유자이시던 어머님이 심약한 분으로 변하셨다. 식모에게 물 한 그릇 떠오라는 일이 있어도 명하지를 못하고 탄원하는 형식으로 하신다. 그리고 온갖 일에 나무람이 많고 눈물을 자주 흘리시고 음식을 잡숫는 데에도 귀찮으면 수저 다 내버리고 그냥 손으로 집어 잡숫는 등 전연 다른 분같이 되었다.
“금년에는 서울을 못 오시겠구나.”
금년 여름에 집에 오시기로 되어 있더니만치 매우 섭섭하였다.
아이들이나 평양으로 보내서 병석의 할머님을 귀찮고 기쁘시게 하리라 하였다.
그 여름이 신문 저 잡지 할 것 없이 모두 돌아가면서 원고료 전차를 하여 집값의 최후 잔액을 갚았다.
인제는 이 집은 완전히 내 것으로 되었다.
인제부터는 이 전차한 문채(文債)를 갚기까지는 생활을 극도로 절약을 하여야 하게 되었다.
나는 손꼽아 기다렸다. 생활을 극도 절약에서 통상 시대로 옮기자면 이삼 개월은 걸려야 할 것이다.
그동안에는 어머님의 건강도 썩 회복될 것이다.
그사이 집값으로 뽑혀 나가던 돈이 인제는 떠오르게 되었으며, 어머님을 모셔다가 어머님 보양비로 그것을 전환시키면 될 것이다. 이삼 개월만 더 참자. 호강은 못하시나마 곤궁이야 면하게 해드릴 수 있겠지.
그 어떤 날 평양 누이에게서 편지가 왔다.
‘내일 밤 경성 도착하는 차로 어머님을 모시고 상경합니다.’ 이런 뜻의 편지였다.
반갑기는 반가웠으나 너무도 의외의 일이라 깜짝 놀랐다.
변소 출입까지도 부축하는 사람이 없이는 못하시던 어머님의 서울까지 어떻게 오시며 무엇하러 오시나. 좀 더 안정하여야 할 것이어늘…….
게다가 또한 당황하였다.
어머님께는 생활이 곤란하다는 점을 절대로 보이기 싫었다. 그런데 지금 (될 수 있는) 최대 한도의 원고료 전차를 하였는지라 자그마한 잡지 몇 개에서 들어오는 약소한 금전으로 생활을 극도로 절약하여 지내려는 이 판에 어머님이 올라오시면 큰 탈이다. 곤핍을 안보이자니 불가능한 일이요 보이 면 또한 더욱이나 병중이신 마음에 얼마나 걱정스러우시랴.
그 저녁 정거장에서 어머님을 뵈니 펑펑 눈물만 쏟아지려 하였다. 재작년 상경 때에는 그렇게 원기 좋게 기차에서 내리시던 어머님이 이번은 다른 사람 다 내리기를 기다려서 마지막에야, 그것도 우리 부처와 누이의 부처 네 사람의 부축을 받으시고야 내리셨다. 택시에 오르기까지 시간이 30여 분이 걸렸다.
상경하신 이유는 간단하고 평범하였다. 나의 매부 되는 사람의 본집은 전라남도 완도였다. 취처 이래 아들까지 낳은 아직껏 본집에 가본 일이 없었 다 유치원 방학을 이용하여. 처음으로 아들과 며느리가 시부모를 뵈러 가는 길이었다. 어머님을 빈집에 혼자 둘 수가 없어서 서울까지 모시고 온 것이었다.
내외는 이튿날 저녁 완도로 향하여 떠났다.
딸과 사위가 완도를 다녀올 동안의 약 1주일간 어머님은 장 눈물이었다.
그의 어린 손주들이 무슨 심부름으로 밖에 나갈지라도 애처로워 눈물이었다. 내가 무슨 볼일이 있어서 종로 방면으로 가서 서너 시간만 걸려도 눈물이었다.
또한 성격이 놀랍게도 변하였다.
참외 수박 같은 것을 사다드리면 당신이 값을 내시겠다 한다. 경제에 좀 몰리는 관계상 진짓상 같은 데 반찬이 어머님께서는 좀 후하고 애들에게는 좀 박하면 또한 눈물이었다. 뜰아랫방은 쓰지 않던 방이고 건넌방(아이들이 거처하는)에는 빈대가 많고 하여 큰방을 비워드리고 우리는 대청에서 잤더니 밤새도록 당신이 대청으로 나갈 터이니 우리들을 들어오라고 하시다 못 하여 이튿날은 저녁이 끝나자마자 그 부자유한 몸으로 당신 이부자리를 어느 틈에 내다가 대청에 펴놓으신다. 변소에라도 가실 적에 부축해드리려면 미안해하는 기색이 분명하였다.
그 어느 날, 갑자기 당신 주머니에서 돈 5원을 꺼내주시며 한약으로 지금 당신 병환에 맞는 약을 지어다 달라신다. 이것은 과연 나의 실책이었다.
평양에서 올라오실 때에도 아무 약도 없기에 이 병환은 그저 안정 일로밖에는 없나보다쯤으로 여겨두었던 것이었다. 병환 중에 계신 어머님께 약 채근을 받는다는 것은 자식 된 도리에 희한한 일일 것이다. 나는 어머님이 내 신 5원을 도로 드리고 한방 의사를 알 만한 친구들을 찾아다니며 수소문하 여 박모 씨를 알아내어 톡톡히 비싼 약을 지어왔다.
그 약을 잡수어보았지만 어지럼증만 더하지 차도가 없다고 하시면서도 달 여드리는 것이라 잡숫기는 잡수었으나 평양 내려가서는 다시 안 잡수신 모양이었다.
이 병 저 병 겹치는 중에 또 조그마한 부스럼 하나가 목 뒤에 생겼다. 가렵다고 긁으시더니 그것이 저녁에는 벌겋게 되었다. 그래서 고약을 붙여드렸으나 가렵다고 연방 떼버리고 그냥 긁으시는 바람에 이튿날은 더 범위가 넓어지며 뜬뜬하게 되었다.
그러나 고약만 잘 붙이면 도로 삭을 종류의 것이라. 이튿날은 나의 아들을 할머니 뒤에 지키게 하여 떼버리면 다시 붙여드리고 떼버리면 또다시 붙여 드리고…… 이러한 역할을 하게 하였다.
부스럼이 난 지 사흘 만에 완도 갔던 내외가 왔다. 와서 그 밤을 우리 집에서 지내고 이튿날은 어머님을 모시고 평양으로 내려갔다.
일행이 평양으로 내려간 뒤에 나도 무슨 볼일이 있어서 삼사 일간 어디 갔었다.
돌아와보매 아직 이른 새벽임에도 불구하고 대문이 열려 있고 집안에는 아 이들만이 있고 아내는 나를 찾으러 어젯밤 나갔다가 밤 깊어 돌아오고 방금 또 나갔다는 것이었다. 그리고 나 없는 동안에 평양에서 편지 한 장과 전보 두 장이 와 있었다.
먼저 전보부터 보았다. 첫 전보는 그저께 친 것으로 어머님을 대수술을 하니 즉시 오라는 것이요 둘째 전보는 어제친 것으로 왜 안 오느냐, 위독하다는 것이었다.
편지는‘평양 내려와서 목 뒤의 종처를 수술하셨다는데 수술한 자리가 성 가시고 붕대를 풀고 심지를 뽑고 하여 잘못하다가는 큰 탈이 생길 듯 싶다’는 뜻이었다.
정신이 아득하였다. 어찌할 바를 몰랐다. 무슨 일을 어떻게 하여야 할지 순서를 따질 수가 없었다. 가치 시간표를 보니 7시 반에 떠나는 북행이 있었다. 기차는 있기는 하고 아직 5시 반에 지나지 못하니 시간은 넉넉하다.
주머니에는 꼭 기차삯뿐 점심 사먹을 돈도 없었다. 좌우간 정거장으로 나간다고 아이들한테 말해두고 ‘포수클로랄’이라는 강렬한 최면제 한 병을 갖고 그 달음으로 정거장으로 나갔다. 먼저 정거장에 나간다 한들 기차가 먼저 가 줄 리 없건만.
마치 우리 안의 사자와 같이 정거장에서도 잠시를 앉지도 못하였다. 다른 때 기차를 탈 때에는 생각해보지도 않던 일 ─ 지금 이 정거장 안에서 기차를 타려고 기다리는 무리 중에 친척의 위독 혹은 사망 전보를 받고 황황히 달려가려니. 태반이 그런 사람이 아닐까.
기차 안에서는 강렬한 최면제를 먹고 차장에게 평양에서 깨워주기를 부탁 하고 내내 자면서 갔다. 깨면 마음이 지향할 바를 몰라서…….
평양에서 내려서 병원으로 달려가보매 아직 떠나지 않았다.
후두부의 가죽을 죄 뜯어내고 지금 저 붕대 아래는 두개골이 노출되어 있다 한다. 머리와 목 전체를 붕대로 싼 거대한 육체가 답답한 듯이 한 초도 쉬지 않고 오른편으로 왼편으로 몸을 뒤채는 것이었다.
저렇듯 뒤채는 것이 되려 피곤하시지 않을까. 그러나 피곤을 모르시는 모양이었다. 잠든 때 이외에는 저렇듯 몸을 한 초도 쉬지 않고 이쪽으로 저쪽으로 뒤채신다 한다. 침대에서 떨어지기를 방지하기 위하여 침대의 한쪽은 담벽에 붙여놓고 이쪽으로는 침대 하나를 더 놓았다.
나는 내가 온 것을 알리기 위하여 어머님의 눈이 향하기 가장 편한 쪽에 가 서서 어머님을 찾았다. 어머님은 나를 보셨다. 그러나 그것은 마치 맞은편에 무엇이 보이니 그냥 눈을 그리로 붓고 있는 따름이었다. 표정에 아무 움직임도 없었다.
그로부터 10여 일, 나는 죽음과 고투하시는 어머님을 지켰다. 불면증이라는 특수한 신체 조직을 가지고 있는 나는 병인을 지키기에는 가장 적당한 사람이었다. 한번은 며칠째 되는 날인지, 하도 보기에 민망하였던지 누이가 자기 남편과 한밤을 지킬 터이니 집에 가서 하루 편히 자라고 한다. 그래서 밤들어 누이의 집에 가서 한밤을 자고 이튿날 새벽에 병원으로 가서 누이 내외를 돌려보냈더니 내가 평양으로 내려온 지 여러 날 만에 처음으로 듣는 어머님의 의사 표시가 있었다.
즉 나더러 밤을 지켜달라는 것이었다. 목이 말라서 물을 달라 해도 모르고 자고, 서늘해 무엇을 쓰고 싶으나 아무리 불러도 깨지를 않아 하룻밤을 매우 곤란히 지내셨다는 것이었다. 그 뒤로부터 밤을 남에게 맡겨보지를 않았다.
밤에는 자는 것이 당연하다. 아무리 정성이 있단들 생리적으로 오는 졸음을 어이하랴. 나 같은 불구자가 아닌 이상에는 거의 불가능한 일이다.
나는 이 반드시 다시 일어나지 못하실 어머님을 지키면서, 여기서 때때로 ‘인생’이라는 것의 전면을 보곤 하였다.
일찍이 효도를 해보지 못한 나는 여기서 이 침대에서 다시 생명 있는 신체로는 내리실 길이 없는 어머님께 나의 최초요 최후의 효도를 하였다. 그러 면서 아아, 이것을 어머님이 알아주실까. 이런 쓸데없는 기대를 해보고 하 였다. 그럴 때마다 직후로 몰려 나오는 생각은 다른 것이 아니라 ‘아신다 하면 무얼 하느냐’하는 것이었다.
이것이 인생이었다.
아시면 무얼 하느냐. 아시면 도리어 이전 평상시와 같이 민망히 생각하실 지도 모른다. 그렇지 않고 기쁘다 생각하시면 무얼 하느냐. 무엇이니 무엇이니 하여도 최후에 남는 것은 역시 ‘죽음’이라는 것이다. 어머님이 최후의 봉양을 기꺼이 생각하셔서 지부에 가셔서 나를 부귀하게 해주시리라고 이 간병을 하는 것이 아니었다. 어머님 자신에게 대하여서는 아무 통양 도 없는 바였다. 하루저녁에 얼마씩이라는 돈만 주면 나보다 손익고 나보다 더 충실히 간병할 전문 간병자가 얼마든 있지 않은가.
이 나의 간병이란 것을 정확히 숫자적으로 해석하자면, 첫째로는 전문 간 병인보다 서투른지라 손이 도리어 어머님을 불편하게 하였을는지도 알 수 없는 일이요, 둘째로는 일껏 회복되어가던 나의 건강을 다시 꺾어놓은 데 지나지 못하고, 셋째로는 형으로 하여금 전문 간병인을 두었더라면 지불했어야 할 수당금을 경제하게 하였으며, 넷째로는 전문 간병인의 돈벌이 방해를 한 것…… 이런 것 등등에 지나지 못한다.
다만 내 마음이 행하고 싶은 일을 행한 따름으로서, 어머님이 청한 바도 아니요 희망한 바도 아니었다.


꘏


이 계통 병원의 불친절하고 무지한 것은 조선에서 다 아는 바다.
당시의 어머님의 몸에는 여러 가지의 병이 한꺼번에 밀려 있었다. 제일 급 한 것이 이번 수술한 후두부 봉창이요, 그다음으로 급한 것이 중풍이요, 그 다음으로 중한 것이 당뇨병이었다.
당뇨병에 쓰는 인슐린이라는 주사약은 보통 건강체의 사람에게도 주사를 놓고는 즉시 포도당으로 중화를 시키지 않으면 심장마비가 일기 쉽다. 다른 중한 병을 겸한 환자에게는 좀체 놓기 힘든 약이다.
그럼에도 불구하고 이 병원에서는 어머님의 몸에 당뇨병이 있는 것을 발견해가지고 인슐린 주사를 놓았다.
그러나 어머님의 놀라운 체력은 이 제1회의 인슐린까지 이겨서, 일단 사선을 넘어섰다가 다시 소생하셨다. 그러나 이튿날(내가 엄중히 감시하고 있었는데도 불구하고) 또 인슐린 주사를 놓았다. 그리고 숟가락으로 입에 따라 넣어드리는 포도당액의 마지막 숟갈을 채 못 삼키시고 마지막 숨을 쉬셨다.
한때는 이 무지한 치료 방식에 대하여 친척들 사이에 말썽도 많았으나, 그것 역시 지나고 보면 우스운 일이었다.
혹은 그 때문에 이삼 일간 더 생명이 단축이 되셨는지는 모른다. 그러나 만약 어머님이 이삼 일간 더 살아 계셨다 하면 무엇 할까. 이삼 일간 더 사셨다면 이삼 일간 더 고통을 겪으실 뿐이었다.
양미간을 늘 커다랗게 찌푸리고 계시던 어머님에게 최후의 호흡과 함께 그 주름살이 없어졌다. 어머님이 고통을 호소할 때마다, 나는 당직 의사를 불 러서 모르핀 주사를 놓게 하였다. 모르핀 주사가 혹은 몸에 해로울지는 모르나, 어차피 이 침상에서 다시 산 사람으로 내리시지 못할 이상에는 단 몇 시간이라도 고통을 모르고 지내시면 그 이상 더한 일이 어디 있으랴.
어머님 떠나신지만 3년반…… 지금은 아마 뼈밖에는 남아 있는 것이 없겠지 그때 수일간 더 살아. 계셨거나 말았거나, 오늘에는 그것은 문젯거리도 되지 않는다.
단지 내 마음에 그냥 죄송히 남아 있는 생각은 부귀 중에서 생장하시고 늙으신 어머님을 늙마에 내 탓으로 수년간 빈곤을 맛보시게 하였고, 그러고도 이 못난 아들을 도리어 생각하시고 측은히 여기시던 어머님께 푹 안심을 드리기 전에 어머님을 잃은 점이다. 효도를 드려야 한다는 의무감에서 나온 바도 아니요 효성이 없으면 미물과 같다는 위협 때문에 생긴 마음도 아니다.
안심을 하신 뒤에 세상을 떠나셨다 하여도 역시 마찬가지요 더욱 불안을 느끼시면서 떠나셨다 하여도 또한 마찬가지로서 일단 떠난 뒤에는 그저 다 ‘허무’로 끝막음할 것이니 나의‘생각’은 어머님이 살아 계신 때거나 떠나신 뒤거나 단지 내 욕심 채우기를 위함이지, 어머님을 위함이 아니다.


꘏


어머님을 땅에 묻은 뒤에 나는 다시 무덤을 찾아본 일이 없었다. 살아 계신 어머니이니 내가 범한 죄를 씻고자 성심성의 안심을 드리고자 한 것이지, 떠나신 뒤에 빈 무덤을 찾아 무엇하랴.
불효한 자식이라고 세상이 욕을 할지라도, 그 칭호를 잠잠히 받을밖에는 도리가 없다.","나의 집안이 서울로 이사를 한 것은 지금으로부터 만 6년 전이다.
그 전해 가을부터 심한 신경쇠약에 불면증을 겸하여 고생하던 나는 가족을 평양에 남겨두고 혼자서 서울로 올라와서 치료를 하고 있었다. ",9741
가을,김유정,"가을


내가 주재소에까지 가게 될 때에는 나에게도 다소 책임이 있을는지 모른다. 그러나 사실 아무리 고쳐 생각해 봐도 조금치도 책임이 느껴지지 않는다. 복만이는 제 아내를(여기가 퍽 중요하다) 제 손으로 직접 소장수에게 판 것이다. 내가 그 아내를 유인해다 팔았거나 혹은 내가 복만이를 꼬여서 서로 공모하고 팔아먹은 것은 절대로 아니었다.
우리 동리에서 일반이 다 알다시피, 복만이는 뭐 남의 꼬임에 떨어지거나 할 놈이 아니다. 나와 저와 비록 격장에 살고 흉허물없이 지내는 이런 터이지만 한 번도 저의 속을 터 말해 본 적이 없다. 하기야 나뿐이랴, 어느 동무고 간 무슨 말을 좀 묻는다면 잘 해야 세 마디쯤 대답하고 마는 그놈이다. 이렇게 귀찮은 얼굴에 내천자를 그리고 세상이 늘 마땅치 않은 그놈이다. 오죽하여 요전에는 즈 아내가 우리게 와서 울며불며 하소를 다 하였으랴. 그 망할 건 먹을 게 없으면 변통을 좀 할 생각은 않고 부처님같이 방구석에 우두커니 앉았기만 한다고. 우두커니 앉아 있는 것보다 실은 말 한마디 속시원히 안 하는 그 뚱보가 미웠다. 마는, 그러면서도 아내는 돌아다니며 양식을 꾸어다 여일히 남편을 공경하고 하는 것이다.
이런 복만이를 내가 꼬였다 하는 것은 본시가 말이 안 된다. 다만 한 가지 나에게 죄가 있다면 그날 매매계약서를 내가 대서로 써준 그것뿐이다.
점심을 먹고 내가 봉당에 앉아서 새끼를 꼬고 있노라니까 복만이가 찾아왔다. 한 손에 바람에 나부끼는 인찰지 한 장을 들고 내 앞에 와 딱 서더니,
“여보게, 자네 기약서 쓸 줄 아나?”
“기약서는 왜?”
“아니 글쎄 말이야!”
하고 놈이 어색한 낯으로 대답을 주저하는 것이 아니냐. 아마 곁에 다른 사람이 여럿이 있으니까 말하기가 거북했을지도 모른다.
그러나 나는 사날 전에 놈에게 조용히 들은 말이 있어서 오, 아내의 일인가 보다 하고 얼른 눈치채었다. 싸리문 밖으로 놈을 끌고 나와서 그 귀밑에다,
“자네 여편네게 어떻게 됐나?”
“응.”
놈이 단마디 이렇게만 대답하고는 두레두레한 눈을 굴리며 뭘 잠깐 생각하는 듯하더니,
“저 물 건너 사는 소장수에게 팔기로 됐네. 재순네(술집)가 소개를 해서 지금 주막에 와 있는데 자꾸만 기약서를 써야 한다구 그래. 그러나 누구 하나 쓸 줄 아는 사람이 있어야지, 그래 자네게 써가주 올 테니 잠깐 기다리라고 하고 왔어. 자넨 학교 좀 다녔으니까 쓸 줄 알겠지?”
“그렇지만 우리 집에 먹이 있나, 붓이 있나?”
“그럼 하여튼 나하고 같이 가세.”
맑은 시내에 붉은 잎을 담그며 일쩌운 바람이 오르내리는 늦은 가을이 다 시든 언덕 위를 복만이는 묵묵히 걸었고 나는 팔짱을 끼고 그 뒤를 따랐다. 이때 적으나마 내가 제 친구니까 되든 안 되든 한번 말려 보고도 싶었다. 다른 짓은 다 할지라도 영득이(다섯 살 된 아들이다)를 생각하여 아내만은 팔지 말라고, 사실 말려 보고 싶지 않은 것은 아니다. 그러나 내가 저를 먹여 주지 못하는 이상 남의 일이라고 말하기 좋아 이러쿵저러쿵 지껄이기도 어려운 일이다. 맞붙잡고 굶느니 아내는 다른 데 가서 잘 먹고 또 남편은 남편대로 그 돈으로 잘 먹고 이렇게 일이 필 수도 있지 않으냐. 복만이의 뒤를 따라가며 나는 도리어 나의 걱정이 더 큰 것을 알았다. 기껏 한 해 동안 농사를 지었다는 것이 털어서 쪼개고 보니까 내 몫으로 겨우 벼 두 말 가웃이 남았다. 물론 털어서 빚도 다 못 가린 복만이에게 대면 좀 날는지 모르지만 이걸로 우리 식구가 한겨울을 날 생각을 하니 눈앞이 고대로 캄캄하다. 나도 올 겨울에는 금점이나 좀 해볼까, 그렇지 않으면 투전을 좀 배워서 노름판으로 쫓아다닐까, 그런대로 밑천이 들 터인데 돈은 없고 복만이같이 내 팔 아내도 없다. 우리 집에는 여편네라곤 병든 어머니밖에 없으나 나이도 늙었지만(좀 부끄럽다) 우리 아버지가 있으니까 내 맘대론 못 하고.
이런 생각에 잠기어 짜장 나는 복만이더러 네 아내를 팔지 마라 어째라 할 여지가 없었다. 나도 일찍이 장가나 들어 두었더면 이런 때 팔아먹을걸 하고 부지러운 후회뿐으로.
큰길로 빠져나와서,
“그럼 자네 먼저 가 있게. 내 먹 붓을 빌려 가지구 곧 갈게.”
“벼루서껀 있어야 할 걸…….”
나 혼자 밤나무 밑 술집으로 터덜터덜 찾아갔다. 닭의 똥들이 한산히 늘려 놓인 뒷마루로 조심스레 올라서며 소장수란 놈이 대체 어떻게 생긴 놈인가 하고 퍽 궁금하였다. 소도 사고 계집도 사고 이럴 때에는 필연 돈도 상당히 많은 놈이리라.
지게문을 열고 들어서니 첫대 눈에 띈 것이 밤불이 지도록 살이 디룩디룩한, 그리고 험상궂게 생긴 한 애꾸눈이다. 이놈이 아랫목에 술상을 놓고 앉아서 냉수 마신 상으로 나를 쓰윽 쳐다보는 것이다. 바지저고리에는 때가 쭈루룩 묻은 것이 게다 제딴에는 모양을 낸답시고 누런 병정 각반을 치올려 쳤다.
이놈과 그 옆 한구석에 쪼그리고 앉았는 영득 어머니와 부부가 되는 것은 아무리 봐도 좀 덜 맞는 듯싶다. 마는, 영득 어머니는 어떻게 되든지간 그 처분만 기다린다는 듯이 잠자코 아이에게 젖이나 먹일 뿐이다. 나를 쳐다보고 자칫 낯이 붉은 듯하더니,
“아재 내려오슈!”
하고는 도로 고개를 파묻는다.
이때 소장수에게 인사를 붙여 준 것이 술집 할머니다. 사흘이 모자라서 여우가 못 됐다니만치 수단이 능글차서,
“둘이 인사하게. 이게 내 먼 촌 조칸데 소장수구 돈 잘 쓰구.”
하다가 뼈만 남은 손으로 내 등을 뚜덕이며,
“이 사람이 아까 그 기약서 잘 쓴다는 재봉이야.”
“거 뉘 댁인지 우리 인사합시다. 이 사람은 물 건너 사는 황거풍이라 부루.”
이놈이 바로 우좌스럽게 큰 소리로 인사를 거는 것이다. 나도 저 못지않게 떡 버티고 앉아서 이 사람은, 하고 이름을 댔다. 그리고 울 아버지도 십 년 전에는 땅마지기나 좋이 있었던 것을 명백히 일러 주니까 그건 안 듣고 하는 수작이,
“기약서를 써달라고 불렀는데 수고러우나 하나 써주시유.”
망할 자식, 이건 아주 딴소리다. 내가 친구 복만이를 위해서 왔지 그래 제깐놈의 명령에 왔다갔다할 겐가. 이 자식 무척 시큰둥하구나 생각하고 낯을 찌푸려 모로 돌렸으나,
“우선 한잔 하시유.”
함에는 두 손으로 얼른 안 받지도 못할 노릇이었다.
복만이가 그 웃음 잊은 얼굴로 씨근거리며 달려들 때에는 벌써 나는 석 잔이나 얻어먹었다. 얼근한 속에 다 모지라진 붓을 잡고 소장수의 요구대로 그려 놓았다.


매매 계약서
일금 오십 원야라
위 금은 내 아내의 대금으로서 정히 영수합니다.
              갑술년 시월 이십일
              조복만
황거풍 전


여기에 복만이의 지장을 찍어 주니까 어디 한번 읽어 보오 한다. 그리고 한참 나를 의심스레 바라보며 뭘 생각하더니,
“그거면 고만이유. 만일 나중에 조상이 돈을 해가주 와서 물러 달라면 어떡허우?”
하고 눈이 둥그래서 나를 책망을 하는 것이다. 이놈이 소장에서 하던 버릇을 여기서도 하는 것이 아닌가. 하도 어이가 없어서 나도 벙벙히 쳐다만 보았으나 옆에서 복만이가 그대루 써주라 하니까,


어떠한 일이 있더라도 내 아내는 물러 달라지 않기로 맹세합니다.


그제야 조끼 단춧구멍에 곪은 쌈지끈으로 목을 매달린 커단 지갑이 비로소 움직인다. 일 원짜리 때묻은 지전 뭉치를 꺼내 들더니 손가락에 연신 침을 발라 가며 앞으로 세어 보고 뒤로 세어 보고 그리고 이번엔 거꾸로 들고 또 침을 발라 가며 공손히 세어 본다. 이렇게 후질근히 침을 발라 세었건만 복만이가 또다시 공손히 바르기 시작하니 아마 지전은 침을 발라야 장수를 하나 보다.
내가 여기서 구문을 한 푼이나마 얻어먹었다면 참이지 성을 갈겠다. 오 원씩 안팎 구문으로 십 원을 잡순 것은 술집 할머니요 나는 술 몇 잔 얻어먹었다. 뿐만 아니라 소장수를 아니 영득 어머니를 오 리 밖 공동묘지 고개까지 전송을 나간 것도 즉 내다. 고갯마루에서 꼬불꼬불 돌아내린 산길을 굽어보고 나는 마음이 적이 언짢았다. 한마을에 같이 살다가 팔려 가는 걸 생각하니 도시 남의 일 같지 않다. 게다 바람은 매우 차건만 입때 홑적삼으로 떨고 섰는 그 꼴이 가엾고!
“영득 어머니! 잘 가게유.”
“아재 잘 기슈.”
이 말 한마디만 남길 뿐 그는 앞장을 서서 사탯길을 살랑살랑 달아난다. 마땅히 저 갈 길을 떠나는 듯이 서둘며 조금도 섭섭한 빛이 없다.
그리고 내 등 뒤에 섰는 복만이조차 잘 가라는 말 한마디 없는 데는 실로 놀라지 않을 수 없다. 장승같이 뻐적 서서는 눈만 끔벅끔벅하는 것이 아닌가. 개자식. 하루를 살아도 제 계집이련만 근 십 년이나 소같이 부려먹던 이 아내다. 사실 말이지 제가 여태껏 굶어죽지 않은 것은 상냥하고 돌림성 있는 이 아내의 덕택이었다. 그러나 인사 한마디가 없다니 개자식, 하고 여간 밉지가 않았다.
영득이는 즈 아버지 품에 잔뜩 붙들리어 기가 올라서 운다. 멀리 간 어머니를 부르고 두 주먹으로 아버지 복장을 들이 두드리다간 한번 쥐어박히고 멈씰한다. 그리고 조금 있으면 다시 시작한다.
소장수는 얼굴에 술이 잠뿍 올라서 제멋대로 한참 지껄이더니,
“친구! 신세 많이 졌수, 이 담 갚으리다.”
하고 썩 멋들어지게 인사를 한다. 그리고 뒤툭뒤툭 고개를 내리다가 돌부리에 채어 뚱뚱한 몸뚱어리가 그대로 떼굴떼굴 굴러 버렸다. 중턱에 내뻗은 소나무에 가지가 없었더면 낭떠러지로 떨어져 고만 터져 버릴 걸 요행히 툭툭 털고 일어나서 입맛을 다신다. 놈이 좀 무색한지 우리를 돌아보고 한번 빙긋 웃고 다시 내걸을 때에는 영득 어머니는 벌써 산 하나를 꼽들었다.
이렇게 가던 소장수 이놈이 닷새 후에는 날더러 주재소로 가자고 내끄는 것이 아닌가. 사기는 복만이한테 사고 내게 지다위를 붙는다. 그것도 한가로운 때면 혹 모르지만 남 한창 바쁘게 거름 쳐내는 놈을 좋도록 말을 해서 듣지 않으니까 나도 약이 안 오를 수 없고 꼴김에 놈의 복장을 그대로 떼다밀어 버렸다. 풀밭에 가 털벅 주저앉았다. 일어나더니 이번에는 내 멱살을 바싹 조여 잡고 소 다루듯 잡아끈다.
내가 구문을 받아먹었다든지 또는 복만이를 내가 소개했다든지 하면 혹 모르겠다. 계약서 써주고 술 몇 잔 얻어먹은 것밖에 나에게 무슨 죄가 있느냐. 놈의 말을 들어 보면 영득 어머니가 간 지 나흘 되는 날 즉 그저께 밤에 자다가 어디로 없어졌다. 밝은 날에는 들어올까 하고 눈이 빠지게 기다렸으나 영 들어오지 않는다. 오늘은 꼭두새벽부터 사방으로 찾아다니다 비로소 우리들이 짜고 사기를 해먹은 것을 깨닫고 지금 찾아왔다는 것이다. 제 아내 간 곳을 가르쳐 주어야지 그렇지 않으면 너와 죽는다고 애꾸 낯짝을 들이대고 이를 북 갈아 보인다.
“내가 팔았단 말이유? 날 붙잡고 이러면 어떡헐 작정이지요?”
“복만이는 달아났으니까 너는 간 곳을 알겠지? 느들이 짜고 날 고랑때를 먹였어. 이놈의 새끼들!”
“아니 복만이가 달아났는지 혹은 볼일이 있어서 어디 다니러 갔는지 지금 어떻게 안단 말이유?”
“말 마라, 술집 아주머니에게 다 들었다, 또 속이려고 요 자식!”
그리고 나를 논둑에다 한번 메다꽂아서는 흙도 털 새 없이 다시 끌고 간다. 술집 아주머니가 복만이 간 곳은 내가 알 게니 가보라 했다나. 구문 먹은 걸 도로 돌려놓기가 아까워서 제 책임을 내게로 떠민 것이 분명하다. 이렇게 되면 소장수 듣기에는 내가 마치 복만이를 꾀어서 아내를 팔게 하고 뒤로 은근히 구문을 뗀 폭이 되고 만다.
하기는 복만이도 그 아내가 없어졌다는 날 그저께 어디로인지 없어졌다. 짜장 도망을 갔는지 혹은 볼일이 있어서 일갓집 같은 데 다니러 갔는지 그건 자세히 모른다. 그러나 동리로 돌아다니며 아내가 꾸어 온 양식, 돈푼, 이런 자지레한 빚냥을 다아 돈으로 갚아 준 그다. 달아나기에 충분한 아무 죄도 그는 갖지 않았다. 영득이가 밤마다 엄마를 부르며 악장을 치더니 보기 딱하여 즈 큰집으로 맡기러 갔는지도 모른다.
복만이가 저녁에 우리 집에 왔을 때에는 어서 먹었는지 술이 거나하게 취했다. 안뜰로 들어오더니 막걸리를 한 병 내놓으며,
“이거 자네 먹게.”
“이건 왜 사와, 하튼 출출한데 고마우이.”
하고 나는 부엌에 내려가 술잔과 짠지쪼가리를 가져 나왔다. 그리고 둘이 봉당에 걸터앉아 마시기 시작하였다.
술 한 병을 다 치고 나서 그는 이런 이야기, 저런 이야기를 지껄이더니 내 앞에 돈 일 원을 꺼내 놓는다.
“저번 수굴 끼쳐서 그 옐세.”
“예라니?”
나는 눈을 둥그렇게 뜨고 그 얼굴을 이윽히 들여다보았다. 마는, 속으로 요건 대서료로 주는구나 하고 이쯤 못 깨달은 바도 아니었다. 남의 아내를 판 돈에서 대서료를 받는 것이 너무 무례한 일인 것쯤은 나도 잘 안다. 술을 먹었으니까 그만해도 좋다 하여도,
“두구 술 사먹게, 난 이거말구도 또 있으니까!”
하고 굳이 주머니에까지 넣어 주므로 궁하기도 하고 그대로 받아 두었다. 그리고 그 담부터는 복만이도 영득이도 우리 동리에서 볼 수가 없고 그뿐 아니라 어디로 가는 걸 본 사람조차 하나도 없다.
이런 복만이를 소장수 이놈이 날더러 찾아 놓으라고 명령을 하는 것이다. 멱살을 숨이 갑갑하도록 바짝 매달려서 끌려가자니, 마을 사람들은 몰려 서서 구경을 하고, 없는 죄가 있는 듯이 얼굴이 확확 단다. 큰 개울께까지 나왔을 적에는 놈도 좀 열적은지 슬며시 놓고 그냥 걸어간다. 내가 반항을 하든지 해야 저도 독을 올려서 욕설을 하고 겯고 틀고 할 텐데 내가 고분히 달려 가니까 그럴 필요가 없다. 저의 원대로 주재소까지 가기만 하면 그만이니까.
우리는 아무 말 없이 앞서고 뒤서고 십 리 길이나 걸었다. 깊은 산길이라 사람은 없고 앞뒤 산들은 울긋불긋 물들어 가끔 쏴 하고 낙엽이 날린다. 뉘엿뉘엿 넘어가는 석양에 먼 봉우리는 자줏빛이 되어 가고 그 반영에 하늘까지 불그레하다. 험한 바위에서 이따금 돌은 굴러내려 웅덩이의 맑은 물을 휘저어 놓고 풍 하는 그 소리는 실로 쓸쓸하다. 이 산서 수퀑이 푸드득 저 산서 암꿩이 푸드득 그리고 그 사이로 소장수 이놈과 나와 노량으로 허위적허위적.
또 한 고개를 놈이 뚱뚱한 몸짓으로 숨이 차서 씨근씨근 올라오니 그때는 노기는 완전히 사라졌다. 풀밭에 펄썩 주저앉아서는 숨을 돌리고 담배를 꺼내고 그리고 무슨 마음이 내켰는지 날더러,
“다리 아프겠수, 우리 앉아서 쉽시다.”
하고 친절히 말을 붙인다. 나도 그 옆에 앉아서 주는 궐련을 피워 물었다. 인제도 주재소까지 시오 리가 남았으니 어둡기 전에는 못 갈 것이다.
“아까는 내 퍽 잘못했수.”
“별말 다 하우.”
“그런데 참 복만이 간 데 짐작도 못 하겠수?”
“아마 모름 몰라두 덕냉이 즈 큰집에 갔기가 쉽지유.”
이 말에 놈이 경풍을 하도록 반색하며 애꾸눈을 바짝 들이대고 끔벅거린다. 그리고 우는 소리가, 잃어버린 돈이 아까운 게 아니라 그런 계집을 다시 만나기가 어려워서 그런다. 번히 홀아비의 몸으로 얼굴 똑똑한 아내를 맞아다가 술장사를 시켜 보자고 벼르던 중이었다. 그래 이번에 해보니까 장사도 잘 할 뿐더러 아내로서 훌륭한 계집이다. 참으로 며칠 살아 봤지만 남편에게 그렇게 착착 부닐고 정이 붙는 계집은 여태껏 내 보지 못했다. 그러기에 나두 저를 위해서 인조견으로 옷을 해 입힌다, 갈비를 들여다 구워 먹인다, 이렇게 기뻐하지 않았겠느냐. 덧돈을 들여 가면서라도 찾으려 하는 것은 저를 보고 싶어서 그럼이지 내가 결코 복만이에게 돈으로 물러 달랄 의사는 없다. 그러니 아무 염려 말고,
“복만이 갈 듯한 곳은 다 좀 알으켜 주.”
놈의 말투가 또 이상스레 꾀는 걸 알고 불쾌하기가 짝이 없다. 아무 대답도 않고 묵묵히 앉아서 담배만 빠니까,
“같은 날 같이 없어진 걸 보면 둘이 짜구서 도망 간 게 아니유?”
“사십 리씩 떨어져 있는 사람이 어떻게 짜구 말구 한단 말이유?”
내가 이렇게 펄쩍 뛰며 핀잔을 줌에는 그도 잠시 낙망하는 빛을 보이며,
“아니 일텀 말이지, 내가 복만이면 즈 아내가 어디 간 것쯤은 알 게 아니유?”
하고 꾸중 만난 어린애처럼 어리광조로 빌붙는다. 이것도 사랑병인지 아까는 큰 체를 하던 놈이 이제 와서는 나에게 끽소리도 못 한다. 행여나 여망 있는 소리를 들을까 하여 속 달게 나의 눈치만 그리다가,
“덕냉이 큰집이 어딘지 아우?”
“우리 삼촌 댁도 덕냉이 있지유.”
“그럼 우리 오늘은 도루 내려가 술이나 먹고 낼 일찍이 같이 떠납시다.”
“그러지유.”
더 말하기가 싫어서 나는 코대답으로 치우고 먼 서쪽 하늘을 바라보았다. 해가 마악 떨어지니 산골은 오색 영롱한 저녁놀로 덮인다. 산봉우리는 숫제 이글이글 끓는 불덩어리가 되고 노기 가득 찬 위엄을 나타낸다. 그리고 나직이 들리느니 우리 머리 위에 지는 낙엽 소리!
소장수는 쭈그리고 눈을 감고 앉았는 양이 내일의 계획을 세우는 모양이다. 마는, 나는 아무리 생각하여도 복만이는 덕냉이 즈 큰집에 있을 것 같지 않다.


(올해. 2. 8)",내가 주재소에까지 가게 될 때에는 나에게도 다소 책임이 있을는지 모른다. 그러나 사실 아무리 고쳐 생각해 봐도 조금치도 책임이 느껴지지 않는다. 복만이는 제 아내를(여기가 퍽 중요하다) 제 손으로 직접 소장수에게 판 것이다. 내가 그 아내를 유인해다 팔았거나 혹은 내가 복만이를 꼬여서 서로 공모하고 팔아먹은 것은 절대로 아니었다.,5970
감자(단편집),김동인,"감자




싸움, 간통, 살인, 도적, 구걸, 징역 이 세상의 모든 비극과 활극의 근원지인, 칠성문 밖 빈민굴로 오기 전까지는, 복녀의 부처는 (사농공상의 제2위에 드는) 농민이었었다.
복녀는, 원래 가난은 하나마 정직한 농가에서 규칙 있게 자라난 처녀였었다. 이전 선비의 엄한 규율은 농민으로 떨어지자부터 없어졌다 하나, 그러나 어딘지는 모르지만 딴 농민보다는 좀 똑똑하고 엄한 가율이 그의 집에 그냥 남아 있었다. 그 가운데서 자라난 복녀는 물론 다른 집 처녀들과 같이 여름에는 벌거벗고 개울에서 멱 감고, 바짓바람으로 동리를 돌아다니는 것을 예사로 알기는 알았지만, 그러나 그의 마음속에는 막연하나마 도덕이라는 것에 대한 저품을 가지고 있었다.
그는 열다섯 살 나는 해에 동리 홀아비에게 팔십 원에 팔려서 시집이라는 것을 갔다. 그의 새서방(영감이라는 편이 적당할까)이라는 사람은 그보다 이십 년이나 위로서, 원래 아버지의 시대에는 상당한 농군으로서 밭도 몇 마지기가 있었으나, 그의 대로 내려오면서는 하나 둘 줄기 시작하여서 마지막에 복녀를 산 팔십 원이 그의 마지막 재산이었었다. 그는 극도로 게으른 사람이었었다. 동리 노인들의 주선으로 소작 밭깨나 얻어 주면, 종자만 뿌려 둔 뒤에는 후치질도 안 하고 김도 안 매고 그냥 내버려두었다가는, 가을에 가서는 되는 대로 거두어서 ‘금년은 흉년이네’ 하고 전주집에는 가져도 안 가고 자기 혼자 먹어 버리고 하였다. 그러니까 그는 한 밭을 이태를 연하여 부쳐 본 일이 없었다. 이리하여 몇 해를 지내는 동안 그는 그 동리에서는 밭을 못 얻으리만큼 인심을 잃고 말았다.
복녀가 시집을 간 뒤 한 삼사 년은 장인의 덕택으로 이렁저렁 지나갔으나, 이전 선비의 꼬리인 장인은 차차 사위를 밉게 보기 시작하였다. 그들은 처가에까지 신용을 잃게 되었다.
그들 부처는 여러 가지로 의논하다가 하릴없이 평양성 안으로 막벌이로 들어왔다. 그러나 게으른 그에게는 막벌이나마 역시 되지 않았다. 하루 종일 지게를 지고 연광정에 가서 대동강만 내려다보고 있으니, 어찌 막벌이인들 될까. 한 서너 달 막벌이를 하다가, 그들은 요행 어떤 집 막간(행랑)살이로 들어가게 되었다.
그러나 그 집에서도 얼마 안하여 쫓겨나왔다. 복녀는 부지런히 주인집 일을 보았지만 남편의 게으름은 어찌할 수가 없었다. 매일 복녀는 눈에 칼을 세워 가지고 남편을 채근하였지만, 그의 게으른 버릇은 개를 줄 수는 없었다.
“벳섬 좀 치워 달라우요.”
“남 졸음 오는데. 님자 치우시관.”
“내가 치우나요?”
“이십 년이나 밥 먹구 그걸 못 치워!”
“에이구, 칵 죽구나 말디.”
“이년, 뭘.”
이러한 싸움이 그치지 않다가, 마침내 그 집에서도 쫓겨나왔다.
이젠 어디로 가나? 그들은 하릴없이 칠성문 밖 빈민굴로 밀리어 나오게 되었다.
칠성문 밖을 한 부락으로 삼고 그곳에 모여 있는 모든 사람들의 정업은 거라지요, 부업으로는 도적질과 (자기네끼리의) 매음, 그밖에 이 세상의 모든 무섭고 더러운 죄악이었었다. 복녀도 그 정업으로 나섰다.


■


그러나 열아홉 살의 한창 좋은 나이의 여편네에게 누가 밥인들 잘 줄까.
“젊은 거이 거랑질은 왜.”
그런 소리를 들을 때마다 그는 여러 가지 말로, 남편이 병으로 죽어 가거니 어쩌거니 핑계는 대었지만, 그런 핑계에는 단련된 평양 시민의 동정은 역시 살 수가 없었다. 그들은 이 칠성문 밖에서도 가장 가난한 사람 가운데 드는 편이었다. 그 가운데서 잘 수입되는 사람은 하루에 오 리짜리 돈뿐으로 일 원 칠팔십 전의 현금을 쥐고 돌아오는 사람까지 있었다. 극단으로 나가서는 밤에 돈벌이 나갔던 사람은 그날 밤 사백여 원을 벌어 가지고 와서 그 근처에서 담배 장사를 시작한 사람까지 있었다.
복녀는 열아홉 살이었었다. 얼굴도 그만하면 빤빤하였다. 그 동리 여인들의 보통 하는 일을 본받아서 그도 돈벌이 좀 잘하는 사람의 집에라도 간간 찾아가면 매일 오륙십 전은 벌 수가 있었지만, 선비의 집안에서 자라난 그는 그런 일은 할 수가 없었다.
그들 부처는 역시 가난하게 지냈다. 굶는 일도 흔히 있었다.


■


기자묘 솔밭에 송충이가 끓었다. 그때, 평양‘부’에서는 그 송충이를 잡는 데(은혜는 베푸는 뜻으로) 칠성문 밖 빈민굴의 여인들을 인부로 쓰게 되었다.
빈민굴 여인들은 모두 다 지원을 하였다. 그러나 뽑힌 것은 겨우 오십 명쯤이었다. 복녀도 그 뽑힌 사람 가운데 한 사람이었었다.
복녀는 열심으로 송충이를 잡았다. 소나무에 사다리를 놓고 올라가서는, 송충이를 집게로 집어서 약물에 잡아 넣고 잡아 넣고, 그의 통은 잠깐 새에 차고 하였다. 하루에 삼십이 전씩의 공전이 그의 손에 들어왔다.
그러나 대엿새 하는 동안에 그는 이상한 현상을 하나 발견하였다. 그것은 다른 것이 아니라, 젊은 여인부 한 여남은 사람은 언제나 송충이는 안 잡고 아래서 지절거리며 웃고 날뛰기만 하고 있는 것이었다. 뿐만 아니라, 그 놀고 있는 인부의 공전은 일하는 사람의 공전보다 팔 전이나 더 많이 내어주는 것이다.
감독은 한 사람뿐이지만 감독도 그들의 놀고 있는 것을 묵인할 뿐 아니라, 때때로는 자기까지 섞여서 놀고 있었다.
어떤 날 송충이를 잡다가 점심때가 되어서, 나무에서 내려와서 점심을 먹고 다시 올라가려 할 때에 감독이 그를 찾았다.
“복네, 얘 복네.”
“왜 그릅네까?”
그는 약통과 집게를 놓은 뒤에 돌아섰다.
“좀 오나라.”
그는 말없이 감독 앞에 갔다.
“얘, 너, 음…… 데 뒤 좀 가보디 않갔니?”
“뭘 하레요?”
“글쎄, 가야…….”
“가디요, 형님.”
그는 돌아서면서 인부들 모여 있는 데로 고함쳤다.
“형님두 갑세다가레.”
“싫다 얘. 둘이서 재미나게 가는데, 내가 무슨 맛에 가갔니?”
복녀는 얼굴이 새빨갛게 되면서 감독에게로 돌아섰다.
“가보자.”
감독은 저편으로 갔다. 복녀는 머리를 수그리고 따라갔다.
“복네 좋갔구나.”
뒤에서 이러한 고함 소리가 들렸다. 복녀의 숙인 얼굴은 더욱 발갛게 되었다.


그날부터 복녀도 ‘일 안 하고 공전 많이 받는 인부’의 한 사람으로 되었다.
복녀의 도덕관 내지 인생관은 그때부터 변하였다.
그는 아직껏 딴 사내와 관계를 한다는 것을 생각하여 본 일도 없었다. 그것은 사람의 일이 아니요 짐승의 하는 짓으로만 알고 있었다. 혹은 그런 일을 하면 탁 죽어지는지도 모를 일로 알았다.
그러나 이런 이상한 일이 어디 다시 있을까. 사람인 자기도 그런 일을 한 것을 보면, 그것은 결코 사람으로 못 할 일이 아니었었다. 게다가 일 안 하고도 돈 더 받고, 긴장된 유쾌가 있고, 빌어먹는 것보다 점잖고…….
일본말로 하자면 ‘삼박자(三拍子)’ 같은 좋은 일은 이것뿐이었었다. 이것이야말로 삶의 비결이 아닐까. 뿐만 아니라, 이 일이 있은 뒤부터, 그는 처음으로 한 개 사람이 된 것 같은 자신까지 얻었다.
그 뒤부터는, 그의 얼굴에는 조금씩 분도 바르게 되었다.


■


일년이 지났다.


그의 처세의 비결은 더욱더 순탄히 진척되었다. 그의 부처는 이제는 그리 궁하게 지내지는 않게 되었다.
그의 남편은 이것이 결국 좋은 일이라는 듯이 아랫목에 누워서 벌신벌신 웃고 있었다.
복녀의 얼굴은 더욱 이뻐졌다.
“여보, 아즈바니, 오늘은 얼마나 벌었소?”
복녀는 돈 좀 많이 번 듯한 거라지를 보면 이렇게 찾는다.
“오늘은 많이 못 벌었쉐다.”
“얼마?”
“도무지 열서너 냥.”
“많이 벌었쉐다가레, 한 댓 냥 꿰주소고래.”
“오늘은 내가…….”
어쩌고어쩌고 하면, 복녀는 곧 뛰어가서 그의 팔에 늘어진다.
“나한테 들킨 댐에는 뀌구야 말아요.”
“난 원 이 아즈마니 만나문 야단이더라. 자, 꿰주디. 그 대신 응? 알아 있디?”
“난 몰라요. 해해해해.”
“모르문, 안 줄 테야.”
“글쎄, 알았대두 그른다.”
그의 성격은 이만큼까지 진보되었다.


■


가을이 되었다.
칠성문 밖 빈민굴의 여인들은 가을이 되면 칠성문 밖에 있는 중국인의 채마밭에 감자(고구마)며 배추를 도적질하러 밤에 바구니를 가지고 간다. 복녀도 감자깨나 잘 도적질하여 왔다.
어떤 날 밤, 그는 감자를 한 바구니 잘 도적질하여 가지고, 이젠 돌아오려고 일어설 때에, 그의 뒤에 시꺼먼 그림자가 서서 그를 꽉 붙들었다. 보니, 그것은 그 밭의 소작인인 중국인 왕서방이었었다. 복녀는 말도 못 하고 멀진멀진 발 아래만 내려다보고 있었다.
“우리집에 가.”
왕서방은 이렇게 말하였다.
“가재문 가디. 훤, 것두 못 갈까.”
복녀는 엉덩이를 한번 홱 두른 뒤에 머리를 젖히고 바구니를 저으면서 왕서방을 따라갔다.
     ×     ×     ×     ×
한 시간쯤 뒤에 그는 왕서방의 집에서 나왔다. 그가 밭고랑에서 길로 들어서려 할 때에, 문득 뒤에서 누가 그를 찾았다.
“복네 아니야?”
복녀는 홱 돌아서 보았다. 거기는 자기 곁집 여편네가 바구니를 끼고 어두운 밭고랑을 더듬더듬 나오고 있었다.
“형님이댔쉐까? 형님두 들어갔댔쉐까?”
“님자두 들어갔댔나?”
“형님은 뉘 집에?”
“나? 눅서방네 집에. 님자는?”
“난 왕서방네…… 형님 얼마 받았소?”
“눅서방네 그 깍쟁이놈, 배추 세 페기…….”
“난 삼 원 받았디.”
복녀는 자랑스러운 듯이 대답하였다.


십 분쯤 뒤에 그는 자기 남편과, 그 앞에 돈 삼 원을 내어놓은 뒤에, 아까 그 왕서방의 이야기를 하면서 웃고 있었다.


■


그 뒤부터 왕서방은 무시로 복녀를 찾아왔다.
한참 왕서방이 눈만 멀찐멀찐 앉아 있으면, 복녀의 남편은 눈치를 채고 밖으로 나간다. 왕서방이 돌아간 뒤에는 그들 부처는, 일 원 혹은 이 원을 가운데 놓고 기뻐하고 하였다.
복녀는 차차 동리 거지들한테 애교를 파는 것을 중지하였다. 왕서방이 분주하여 못 올 때가 있으면 복녀는 스스로 왕서방의 집까지 찾아갈 때도 있었다.
복녀의 부처는 이제 이 빈민굴의 한 부자였었다.


■


그 겨울도 가고 봄이 이르렀다.
그때 왕서방은 돈 백 원으로 어떤 처녀를 하나 마누라로 사오게 되었다.
“흥.”
복녀는 다만 코웃음만 쳤다.
“복녀, 강짜하갔구만.”
동리 여편네들이 이런 말을 하면, 복녀는 흥 하고 코웃음을 웃고 하였다.
내가 강짜를 해? 그는 늘 힘있게 부인하고 하였다. 그러나 그의 마음에 생기는 검은 그림자는 어찌할 수가 없었다.
“이놈 왕서방, 네 두고 보자.”
왕서방의 색시를 데려오는 날이 가까웠다. 왕서방은 아직껏 자랑하던 기다란 머리를 깎았다. 동시에 그것은 새색시의 의견이라는 소문이 쫙 퍼졌다.
“흥.”
복녀는 역시 코웃음만 쳤다.
마침내 색시가 오는 날이 이르렀다. 칠보 단장에 사인교를 탄 색시가, 칠성문 밖 채마밭 가운데 있는 왕서방의 집에 이르렀다.
밤이 깊도록, 왕서방의 집에는 중국인들이 모여서 별한 악기를 뜯으며 별한 곡조로 노래하며 야단하였다.
복녀는 집 모퉁이에 숨어 서서 눈에 살기를 띠고 방 안의 동정을 듣고 있었다.
다른 중국인들은 새벽 두시쯤 하여 돌아갔다. 그 돌아가는 것을 보면서 복녀는 왕서방의 집 안에 들어갔다. 복녀의 얼굴에는 분이 하얗게 발리어 있었다.
신랑신부는 놀라서 그를 쳐다보았다. 그것을 무서운 눈으로 흘겨보면서, 그는 왕서방에게 가서 팔을 잡고 늘어졌다. 그의 입에서는 이상한 웃음이 흘렀다.
“자, 우리집으로 가요.”
왕서방은 아무 말도 못 하였다. 눈만 정처없이 두룩두룩하였다. 복녀는 다시 한번 왕서방을 흔들었다.
“자, 어서.”
“우리, 오늘 밤 일이 있어 못 가.”
“일은 밤중에 무슨 일.”
“그래두, 우리 일이…….”
복녀의 입에 아직껏 떠돌던 이상한 웃음은 문득 없어졌다.
“이까짓 것.”
그는 발을 들어서 치장한 신부의 머리를 찼다.
“자, 가자우 가자우.”
왕서방은 와들와들 떨었다. 왕서방은 복녀의 손을 뿌리쳤다.
복녀는 쓰러졌다. 그러나 곧 다시 일어섰다. 그가 다시 일어설 때는, 그의 손에는 얼른얼른하는 낫이 한 자루 들리어 있었다.
“이 되놈, 죽어라, 죽어라, 이놈, 나 때렸디! 이놈아, 아이구, 사람 죽이누나.”
그는 목을 놓고 처울면서 낫을 휘둘렀다. 칠성문 밖 외딴 밭 가운데 홀로 서 있는 왕서방의 집에서는 일장의 활극이 일어났다. 그러나 그 활극도 곧 잠잠하게 되었다. 복녀의 손에 들리어 있던 낫은 어느덧 왕서방의 손으로 넘어가고, 복녀는 목으로 피를 쏟으면서 그 자리에 고꾸라져 있었다.


■


복녀의 송장은 사흘이 지나도록 무덤으로 못 갔다. 왕서방은 몇 번을 복녀의 남편을 찾아갔다. 복녀의 남편도 때때로 왕서방을 찾아갔다. 둘의 새에는 무슨 교섭하는 일이 있었다. 사흘이 지났다.
밤중에 복녀의 시체는 왕서방의 집에서 남편의 집으로 옮겼다.
그리고 그 시체에는 세 사람이 둘러앉았다. 한 사람은 복녀의 남편, 한 사람은 왕서방, 또 한 사람은 어떤 한방 의사. 왕서방은 말없이 돈주머니를 꺼내어, 십 원짜리 지폐 석 장을 복녀의 남편에게 주었다. 한방의의 손에도 십 원짜리 두 장이 갔다.
이튿날 복녀는 뇌일혈로 죽었다는 한방의의 진단으로 공동묘지로 가져갔다.","싸움, 간통, 살인, 도적, 구걸, 징역 이 세상의 모든 비극과 활극의 근원지인, 칠성문 밖 빈민굴로 오기 전까지는, 복녀의 부처는 (사농공상의 제2위에 드는) 농민이었었다.",4670
강철도시 (The Caves of Steel),아이작 아시모프,"사건 발생




일라이저 베일리는 자기 책상 앞까지 와서야 비로소 사미가 서 있는 것을 알았다.
""무슨 용건인가?“
""베일리는 언짢은 얼굴을 하고 퉁명스럽게 물었다.
""국장님이 부르십니다. 베일리 형사님, 급한 일입니다.“
""알았네.“
그러나 사미는 무표정하게 버티고 서 있었다.
""알았다고 하잖나. 빨리 가봐!""
베일리는 발끈해서 소리쳤다. 사미는 뒤로 돌아서 밖으로 나갔다. (빌어먹을! 어째서 이런 일을 인간이 해선 안 된단 말인가!) 그는 이것저것 생각하면서 사무실 안을 가로질러서 문으로 갔다. 같은 사무실의 심프슨 형사가 말을 걸었다.
""이거 참 기가 차군. 다리가 부러질 각오라면 저놈의 엉덩이를 마음껏 걷어차련만.""
""아아.“
""요전에 빈스를 만났네. 이스트 농장에서 운반 일을 하고 있다더군. 참 안 됐어. 로봇에게 일자릴 빼앗겼으니 무리도 아니지.""
베일리는 어깨를 으쓱하고는 그냥 지나갔다. 시경 국장의 방 앞에 오자 자동문이 스스로 열렸다.
""부르셨습니까, 국장님?""
엔더비 국장은 얼굴을 들었다. 그는 낡고 둥그런 안경을 쓰고 있었다. 눈이 워낙 나빠서 콘택트 렌즈로는 안 된다고 본인은 말하고 있었다. 그러나 베일리는 그 안경은 멋으로 끼고 있다고 생각했다. 국장은 그냥 멋을 부리기 위해서 끼고 있을 따름인 것이다. 엔더비 국장은 어쩐지 침착하지 못한 것 같았다. 그것을 숨기려는 듯 아주 다정한 말투로 말했다.
""거기 앉게나, 베일리 형사.“
베일리는 의자에 걸터앉았다.
""부인하고 아이들은 잘 있소?“
""예, 잘 있습니다.“
그만 퉁명스럽게 대답하고 말았다.
""어째서 그러나? 뭐 좋지 않은 일이라도 있었나?""
""아뇨, 아무 일도 아닙니다. 다만 잠깐 불쾌했을 뿐입니다. 난 사미가 무척 싫습니다.“
""자네의 기분은 잘 알겠네만 그는 명령에 따라 나한테로 왔으니 무엇엔가 써먹어야 되지 않겠나?""
""용건이 끝나도 그냥 버티고 서 있으니 신경에 거슬리지 않습니까?""
""아아, 그 일 말인가? 그걸 내가 미처 생각하지 못했군. 자네를 불러오라고만 해 놓고 용무가 끝나면 곧 돌아오라는 말을 하지 않았어. 미안하네.""
""인간이라면 그런 일은 걸대로 없을 겁니다.“
그 말에 엔더비 국장은 화가 난 듯 잠자코 있었다.
""용건은 무엇입니까?“
""귀찮은 일일세.“
국장은 일어서 책상을 떠나 벽 쪽으로 걸어갔다. 겉으로 봐서는 알 수 없는 스위치가 있었는지 갑자기 그 벽의 일부가 투명해졌다. 베일리는 뜻밖에 눈부신 광선의 홍수에 그만 아찔해지고 말았다. 국장은 처음으로 빙그레 웃었다.
""작년에 만들었지. 옛날엔 어느 방이나 반드시 이렇게 밖을 내다볼 수 있는 장치가 있었다네. 창이라고 했지.“
""알고 있습니다.“
베일리는 역사 소설에 나왔던 일을 생각하고 이렇게 대답했다.
""와서 보지 않겠나? 아주 진기한 경치일세.""
베일리는 잠깐 망설이다가 국장의 말대로 하였다. 국장은 옛날 것을 좋아했다. 쓸모도 없는 낡은 안경을 쓰고 있는 것도 그 때문이리라. 그러자 문득 그 안경에 신경이 쓰여졌다.
""국장님, 안경을 바꾸셨군요?""
국장은 약간 놀란 듯이 베일리를 쳐다봤다.
""눈썰미가 놀랍군. 사흘 전에 바꿨지. 먼저 것을 망가뜨려 버렸지. 이것저것 왜 그렇게 바쁜 일이 많은지 오늘 아침까지 안경을 낄 새도 없었어. 이 사흘 동안은 정말 지옥이었네.""




""안경 때문에요?“
""안경도 그렇지만 어떤 일 때문이었지. 이제 그 얘기를 하겠네.""
국장은 다시 창 쪽으로 향했다. 베일리도 창을 쳐다보고 깜짝 놀랐다. 창 밖은 비가 많이 오고 있었다. 그는 잠시 동안 그 멋진 물의 쇼를 황홀히 바라보고 있었다.
""베일리, 정말 멋있지?""
베일리는 끄덕였다. 어렸을 때부터 지금까지 비가 오는 것을 본 일이 몇 번인가 있었다. 아니 비 뿐만이 아니다. 바람도 하늘도 물론 태양도 보았다.
""옛날에 사람들은 모두 밖에서 살았다네. 이 뉴욕에서도 말일세. 옛날 사람들은 자연 속에서 살고 있었어. 그 편이 훨씬 건강에도 좋았지.""
베일리는 또 초조해졌다. 그러나 국장은 담담히 비만 바라볼 뿐이었다. 그리고 작은 소리로 중얼거리듯 말했다.
""비가 와서 우주시가 보이지 않는군.""
""우주시, 알고 있습니다.“
""여기서 보면 우주시가 아주 근사하게 보인다네. 낮고 흰 조그만 돔들이 집단을 이루고 있지. 우리들은 이 강철 도시에 모여서 살고 있지만 우주인들은 한 가족이 한 개의 돔 속에서 살고 있지. 베일리, 자네는 우주인하고 말해 본 일이 있나?""
""예, 서너 번 있습니다 ""
""나는 항상 만나고 있지. 그 때마다 우리들하고 우주인하고의 생활 차이가 마음에 무척 걸리거든.""
베일리는 화가 치밀었다.
""새삼스럽게 그건 또 어째서 입니까? 지구에는 80억이나 되는 많은 인간이 살고 있기 때문에 이 강철 도시가 생겨난 게 아닙니까? 한 가족이 한 돔 속에 살 수 없다는 것은 국장님도 잘 알고 있는 사실이 아닙니까?“
엔더비 국장은 잠자코 책상으로 돌아갔다. 그리고 갑자기 말을 꺼냈다.
""사흘 전, 저기서 한 우주인이 죽었다네.“
베일리는 별로 놀라지 않았다.
""그건 안 됐군요. 또 유행성 감기입니까?""
“아니, 그런 게 아냐!""
국장은 심각하게 말했다. 베일리는 이상한 생각이 들었다. 우주인은 자기의 행성에서 모든 전염병을 근절 시켰던 것이다. 그러나 그 결과 바이러스에 대한 면역이 없어져 감기에만 걸려도 맥없이 죽어버리는 것이었다. 사실 지구에 온 우주인 중에 그렇게 죽은 사람이 몇몇인가 있었다. (감기가 아니라면……?)
""그럼 무엇 때문에 죽은 겁니까?""
""열선 총에 가슴을 맞아 죽었네.""
베일리는 그만 심장이 멈추는 것 같았다.

파트너




""뭐라고요?“
""우주인이 살해당했단 말일세.""
국장은 힘을 주어 말했다.
""누가 왔습니까? 왜 죽였습니까?""
""우주인들은 지구인의 소행이라고 하고 있다네.""
""그럴 리가 없어!""
""어째서? 자네는 우주인을 무척 싫어하지? 하긴 나도 싫어해. 지구인은 모두 우주인을 싫어한단 말일세. 그러니까 동기는 충분하지, 다만 자네나 내가 죽이지 않았을 뿐이지.""
엔더비 국장은 벽과 세계 지도를 가리켰다.
""로스앤젤레스의 공업 지구에서는 우주인을 반대하는 방화 사건이 일어나고, 파리에선 로봇 파괴 소동이, 상하이에서는 폭동이 일어나 경찰관들과 충돌하고 있다네.“
""그건 이미 알고 있습니다.""
""우주인을 미워하는 사람들이 지하 조직을 만들어 계획적인 범죄를 저지를지도 모른다네.""
베일리는 고개를 저었다.
""그렇지만 우주시에서 살인을 저지른다는 것은 도저히 불가능한 일이요!""
""그렇지만 실제로 일어난 걸 어떻게 하나? 난 이 눈으로 직접 피해자를 봤네. 서튼 박사였네.""
""우주인 로봇 공학 박사가 아닙니까?""
""그렇다네. 나는 그와 만나기로 약속이 되어 있었기 때문에…….”
국장은 꼴깍 침을 삼켰다.
""사건이 5분만 늦었어도 내가 시체를 발견할 뻔했어.""
""그래, 우주인은 뭐라고 합디까?""
베일리는  머릿속에서 우주인들이 당당히 주장한 억지 요구를 상상해 보았다. 터무니없는 배상금 요구가 아니면 군대를 지구에 주둔시킨다든가 하는…….
""우리들의 손으로 이 사건을 해결해서 범인을 인도하라는 걸세.“
베일리는 놀라서 국장을 바라보았다.
""단지 그것뿐입니까?""
국장은 얼굴을 찌푸렸다.
""자네는 아직 그 진의를 잘 모르는 모양이군. 그래 이건 대단히 어려운 문제야. 과연 해결할 수 있을지 어떨지 알 수 없단 말일세. 더욱이 해결이 안 될 때는 우리 전원이 파면 당할 우려가 있네.""
""그런 엉터리가……?“
""엉터리가 아니야. 우주인들은 지구인을 로봇으로 만드는 일을 진행시키려고 하고 있어. 이건 일종의 테스트일세. 만일 이 테스트에 합격되면 우리들의 전원이 로봇하고 바뀌어 버릴지도 모른단 말일세.""
""아니 저 사미 같은 바보 로봇이 우리 인간 대신 이런 일을 할 수 있단 말입니까!""
베일리는 무의식중에 목소리가 날카로워졌다. 국장은 머리를 흔들었다.
""사미는 아주 저급일세. 훨씬 고급인 로봇이 우주 도시에는 얼마든지 있다네. 만일에 우리들이 로봇 이하라고 평가되면 우주인은 가차없이 바꾸는 일을 단행할 걸세. 경찰뿐만 아니라 모든 분야에서 인간은 추방되겠지.“
엔더비 국장은 베일리를 바라보았다.
""나는 이 사건을 자네가 담당해 주기 바라네.“
""제가요?""
""자네는 유능한 형사야. 자네라면 능히 할 수 있어. 만약에 이 사건을 해결한다면 자네를 C6급 경감으로 승진시키겠네. 그렇게 되고 싶지 않나?""
""물론 그렇게 되고 싶지요.“
그는 반사적으로 대답했다. 경감이 된다면 모든 것이 달라질 것이다. 자동 주로(움직이는 도로)에서는 언제나 자리를 잡을 수 있으며 자동 레스토랑(음식점)에서의 식사도 훨씬 고급이 되고 일광욕까지 할 수 있게 되는 것이다.
""그렇지만 만약에 실수를 하면 격하되는 겁니까?""
""어째서 그런 생각을 하나? 그런 걱정은 할 필요가 없어. 해 주겠나?""
""왜 제가 뽑힌 겁니까? 그런 유리한 조건이라면 할 사람이 얼마든지 있을 텐데요.“
엔더비 국장은 고개를 끄덕였다.
""이유는 두 가지가 있네. 하나는 자네가 친구이기 때문일세. 우리들은 대학의 동창생이었지. 그 후 여러 가지 사정으로 입장은 바뀌어졌지만 나는 아직 자네를 친구로 생각하고 있네. 또 하나는 친구로서 나의 청을 들어주었으면 해서일세.""
""어떤 일인데요?“
""우주인은 이 사건 수사에 지구인 형사와 우주인 형사를 파트너로 임명할 것을 요구해온 걸세.""
베일리는 얼굴을 찡그렸다. 입체 텔레비전에서 본 저 친해지기 힘들고 거만해 보이는 우주인의 얼굴을 생각해냈다. 가장 싫어하는 우주인하고 짝을 짓는다고 생각만 해도 마음이 무거워졌다. 그러나 참아야지.
""알았습니다. 해 보죠.“
""고맙네. 그리고 우주인을 자네의 집에 머무르게 해주게나.""
""우리 집에요? 그건 곤란합니다.""
""그것도 우주인 측의 요구 조건의 하나야. 그들은 지구인들의 생활 속에 어울려서 지구인을 이해하겠다고 하는 걸세. 거기다 방이 네 개가 있으니 얼마든지 유숙시킬 수 있지 않나?""
""할 수 없군. 하기로 하죠.""
베일리는 일어섰다.
""그것뿐입니까?“
국장은 말할까 말까 하는 복잡한 표정을 지었다.
""베일리, 사실은…….”
""뭡니까?”
""그 우주인 말일세. 실은 그게, 그 이름이…….”
""이름이 어쨌단 말입니까?“
""다니엘 올리버라고 하는 로봇일세.""
""로봇이라고요? 거절하겠소. 로봇을 파트너로 하고 집에다 재우기까지 하다니…….”
""제발 부탁이네. 베일리, 우린 오랜 친구 사이가 아닌가?“
""싫소!""
""C7급에 수사 과장으로 승진시키겠어.”
""싫다니까!""
베일리는 크게 외쳤다.
""내 밀 들어주게나. 베일리, 자리에게 부탁할 수밖에 다른 도리가 없어. 대개는 싫어하던가 무서워한단 말이야. 그렇지만 이 문제를 만약에 자네가 해결해 준다면 역시 인간이 로봇보다 우수하다는 것이 분명히 증명이 되네. 말하자면, 자네는 우리들의 장래를 밝게 하느냐 못 하느냐의 열쇠를 가지고 있는 걸세. 더욱이 자네는 그 열쇠를 사용 할 수 있는 용기와 실력을 갖고 있단 말일세.""
베일리는 잠시 동안 생각에 잠겼다. 그리고 천천히 입을 열었다.
""그 우주인, 아니 로봇은 언제 오는 겁니까?""","일라이저 베일리는 자기 책상 앞까지 와서야 비로소 사미가 서 있는 것을 알았다.
""무슨 용건인가?“
""베일리는 언짢은 얼굴을 하고 퉁명스럽게 물었다.
""국장님이 부르십니다. 베일리 형사님, 급한 일입니다.“
""알았네.“
그러나 사미는 무표정하게 버티고 서 있었다.",4105
개소문과 당태종,김동인,"개소문과 당태종


도성 안은 평시와 조금도 다른 데가 없었다.
어제도 그제도, 작년도 재작년도 그러하였던 것과 마찬가지로, 장사아치는 가게에 앉아서 손님을 기다리고, 노인들은 한가스러이 길거리를 거닐고, 장인바치는 여전히 이마에 핏대를 세워가지고, 마치를 두르며― 솔개는 하늘을 날고 쥐는 땅을 기고….
“이럴까?”
신라(新羅) 사람 구문사(仇文司)는 자기의 예기, 또한 천하의 통례(通例)와 딴판인 이 고구려 서울(평양)의 오늘의 광경에, 의외의 얼굴을 하지 않을 수가 없었다.
오늘은 당사(唐使)가 이 서울에 돌아온다. 더구나 이번의 당사는 보통 다른 때(자기네 나라인 신라 등지에도 오는) 그런 따위의 낮은 관원이 아니요, 당나라에서도 천자[唐太宗[당태종]]의 신임 두터운 높은 관원― 사농승상(司農丞相) 현장(玄獎)이다. 더구나 천자의 내사(賚賜) 친서를 받들고 온다. 자기네 본국인 신라(뿐 아니라 천하 어느 나라이든)에서는 이런 높은 관원은 커녕 얕은 관원일지라도, 명색이 ‘칙사’혹은‘상사’라 붙는 이상에는 미리부터 그 맞이 준비에 떠들썩하며, 위아래를 통하여 무슨 명절이나 맞는 듯이 야단법석한다.
그런데 이 고구려 서울은, 보통날과 조금도 다른 데가 없다. 너무 평온하므로, 미심질로, 오늘 사실 황사가 오기는 하는가고 다른 사람에게 물어보았더니, 오기는 틀림없이 온다 한다.
일찍 신라에 있을 때부터 들은 말이 있기는 있다. 고구려는 자기네 나라의 실력을 믿는지라, 다른 나라들 같이, 중원의 대국만을 천하 유일의 나라, 다른 나라는 죄 번병국(藩屛國)으로 여기지 않고, 자기네의 고구려도, 당나라와 대등의 국가라는 점을 스스로 믿고, 이전의 수(隋)나라 지금의 당(唐) 나라를 모두 동등국으로 친다고.
듣기는 들었지만 그 말을 그대로 믿을 수 없었던 구문사는 여기서 비로소 그 증거를 보았다.
‘우물 안의 개구리.’
‘하룻강아지 범 무서운 줄 모른다.’
두세 가지의 속담말이 지금의 이 고구려의 태도를 보매 저절로 생각났다.
연하여 수나라의 대군을 잔멸시켜, 나중에는 수나라라는 국가까지 무너 Em려 놓았고, 또한 그 뒤를 이은 명나라의 십만 이십만의 대군도 연하여 잔멸시켜 은연히 동방의 강대국을 형성하고 있기는 하다 하지만, 우역(禹域)의 화종(華種)이 못되고 동방 오랑캐[東夷[동이]]의 하나로서, 참람되이 대성인(大聖人)의 친사(親使)를 맞음에 이렇듯 무례하랴.
이런 오랑캐 나라는 어서 없이해 버려야 할 것이다.
본국 대장군 김유신의 밀령을 받고, 염탐으로 고구려에 잠입해 있는 구문사였다.
신라는 고래로 고구려에게 많은 멸시와 천대를 받았다. 그 원수의 고구려에게 일 봉(一棒)을 가해 보고 싶었다. 그러나 수나라 당나라도 어린애 다루듯 다루는 강대국 고구려를, 약소국인 신라로서는 어찌할 도리가 없었다.
그래서 연해 수나라 당나라에 호소해서 원수를 갚아달라고 애걸하였다. 그러나 수, 당은, 여러 차례 고구려에게 큰코를 다친 일이 있느니만치, 신라의 애걸에, (대국의 체면상 내 나라 힘이 모자란달 수도 없어서) ‘고구려는 예교(禮敎)를 알고 또한 번업(藩業)을 잘 지키니, 칠 필요가 없다. 너희네끼리 의좋게 지내거라’고 피해 버렸다.
그러나 신라로서는 분해서 견딜 수가 없었다. 당나라의 피하는 까닭도 짐작한다. 그러나 아무리 고구려가 강대하다 할지라도, 황군(당군)의 강성으로써 북방을 치고, 당군과 신라의 연합으로써 남쪽을 쳐서, 남과 북에서 협공을 하면, 당하기 어려울 것이다. 그 방략으로써 당나라를 꾀었다.
그러는 일방, 염탐을 고구려에 들여보내서, 고구려가 상국을 업수이 여기는 태도 등을 연해 당나라에 보고해서, 당나라로 하여금, 겁보다도 증오심을 앞서게 하여, 당나라를 충동하고….
그런 필요 때문에 고구려에 와 있는 구문사였다. 첩보 재료를 더 속히 더 많이 얻기 위하여, 고구려의 자그마한 벼슬까지, 얻어 하고 있었다. 벼슬의 지위는 얕으나마 긴하기는 여간 긴한 자리가 아니었다.
이 나라의 권세를 한 손에 잡고 있는 막리지(莫離支) 연개소문(淵蓋蘇文―막리지는 병부상서(兵部尙書)에 해당하는 벼슬)의 사록사(私錄事)였다. 그러매 지위는 얕으나 구문사의 염탐 용무에는 꽤 긴한 자리였다.
꘏
당사(唐使)는 그날 낮이 기울어서 입성하였다. 지금껏 삼백 리, 오백 리의 길맞이의 경험만 가지고 있는 당사 현장은, 이 쓸쓸한 여도(麗都)에 적지 않게 불쾌하고 불만한 모양이었다. 그의 받은 중화(中華)적 교양과 예의가 있는지라, 그 불만을 표면에까지 나타내어 야료를 하든가 하는 일은 없었지만, 내색은 분명히 불쾌하였다. 많은 수원들에게도 말도 없이, 어디가 숙소 혹은 객관인지 물어보는 일도 없이, 턱으로 전방(前方)을 가리켜서, 수레를 정처없는 전방으로 내어몰았다.
아무리 고구려라 할지라도 사신의 묵을 객관과 사신을 맞아 대접할 접사관은 준비되어 있었다. 다만 맞을 사람을 맞으러 마주 나가지 않고, 사신이 스스로 객관을 찾아오기를 기다리고 있는 것이었다.
그러나 그런 것을 알지 못하는 당사의 일행은, 불쾌한 마음을 품고 묵묵히 이 십만 호의 대도시를 전방으로 전방으로 내몰았다.
사신 일행이 지나가는 소민(小民)의 인도로 객관을 찾아든 것은, 밤도 초저녁은 지나서였다.
“그저 앞으로 앞으로 가시기에, 혹은 먼저 만나야 할 가까운 분이라도 계신가 했지요.”
조롱인지 진정인지 모를 이런 영접사를 들으면서.
때는 고구려 보장왕(寶藏王) 삼년, 당나라 태종 정관(貞觀) 십팔년 사월―그 해 정월에 고구려에서 당나라에 사신을 보냈던 데 대한 답례를 겸한 당사였다.
구문사는, 이 당사가 객관에 드는 전후의 태도를 보고, 절실히 느낀 바가 있었다. 자기네 신라에서는 당사라도 오면 위로는 임금을 비롯하여 노소 대신이 그야말로 종과 같이 시종들고 부족한 데나 없는가고 전전긍긍하는데― 그러는 데도 불구하고 당사는, 매사에 트집을 잡고 예절이 어떠니 격식이 어떠니 말썽을 부리는데, 여기서는 이 푸대접에도 일언반구의 불평이 없이, 도로혀 사신측이 전전긍긍하는 것이었다.
꘏
당 사는 사흘간을 객관에 무위히 묵어 있지 않을 수가 없었다. 이 나라 임금은 몸이 좀 편찮아 사신 접견을 못하겠고, 막리지 연개소문이 만나볼 터인데, 좀 바쁜 일이 있어서 사흘을 기다리라는 것이었다.
그 사흘간을 당사 일행은 이 나라의 문물제도를 시찰하였다.
무비(武備)는 더 말할 것도 없고 문화 방면의 찬란한 발달에는 눈을 크게 할밖에는 도리가 없었다.
중국은 아무리 인류의 꼭두머리요 우주의 주인이요 문화의 근원지라고 자긍하지만, 십 년 백 년마다 나라이 없어지고 새로 생기고, 혁명과 역성 위주(易姓爲主)의 ‘국가놀이’때에 문화가 계통적으로 순조로운 발달을 할 수가 없었다. 자라던 문화는 꺾이고 다시― 새 것이 생기고, 그것이 또 자라 다가는 중도에 꺽이고― 잡연한 문화‘간색〔見本[견본]〕장’인 느낌이 있을 뿐이다.
거기 반하여 이 나라는, 한 나라로 계속된 지 이미 칠백 년, 북방 부여의 웅대한 대자연에서 비롯하여, 현재 평양의 그림같이 아름다운 자연을 배경으로, 명군치하(名君治下)의 안온한 국가생활 칠백 년은 이 나라 만성(萬姓)의 문화적 소질을 자유로이 마음껏 배양해 주어 석각에, 건축에, 그림에, 장식에, 또는 방적에, 칠기에, 철공, 목공에― 온갖 방면에 긍하여 찬란한 문화와 능란한 솜씨를 자랑하고 있다.
견식이 넓고 건실한 현장은 이 점을 알아보고 내심 혀를 둘렀다.
각 방면으로 장차 ‘당문화(唐文化)’란 것을 이룩하여야 할 처지에 있는 현장은, 이 기성의 고구려 문화를 찬찬히 시찰하고 속으로 배운 바가 많았다.
꘏
사흘 뒤에야 만나겠다던 막리지는 이틀 뒤에 갑자기 사신을 불렀다. 틈이 생겼으니 날짜를 다가 만나자는 것이었다.
현장은 수원 두 명을 데리고 이 나라 조방에 들어갔다.
본시 이 나라 사람의 체격이 큼직하여, 보통 민가도 큼직큼직하거니와, 조방은 유달리 높고 넓어서, 왜소한 체격의 주인인 현장은 먼저 이 방에 위압되었다.
인도하는 대로 큼직한 의자에 몸을 잠갔다.
좀 뒤에 저편에서 지끈지끈 하는 소리가 들렸다. 사신을 응대하던 이 나라 관원들의 태도가 긴장되었다.
이리로 통하는 문이 열렸다. 그 문으로는―.
태산이 이리로 움직여 온다. 그 견고한 마루판장이 지끈지끈하며, 한 태산만한 인물이 배행 두 명을 데리고 온다.
일견 연개소문으로 알았다. 소문에 듣던 바 검(劒)다섯 자루를 차고, 고래 눈을 절반만치 닫고 이리로 이동해 오는 인물이야말로, 동이(東夷)의 나라에 태어나서도 영웅 소문은 천하에 높은 막리지 연개소문에 틀림이 없을 것이다.
현장은 자기도 모르게 벌떡 일어났다. 신하가 천자를 맞듯, 길이 네 번 절하였다. 그 위풍에 압도되어 자기도 모르는 틈에 절한 것이었다.
개소문은 손을 들었다. 절을 그만두라는 뜻으로 두어 번 손을 저었다. 그리고 가볍게 머리를 끄덕이며 사신의 맞은편 의자에 가서 걸터앉았다. 앉으면서 사신도 앉으라는 뜻으로 두어 번 탁자를 두드렸다.
그러나 위풍에 압도된 현장은 앉지도 못하고 손을 공손히 읍하고 서 있었다.
개소문은 눈을 감았다. 감고 비로소 말하였다―.
“만리 원로를― 동방 상춘차는 아니시겠지.”
“네이. 우리 천자께오서 고구려 나랏님 전에 내새서(賚璽書)가 있읍니다.….”
“어디.”
손을 편다. 천자의 칙서를, 더구나 나랏님께 보낸다는 글월을 달라고 손을 펴는 막리지에게 현장은 공손히 그 글월을 바쳤다.
개소문은 그 글을 받아 탁자 위에 놓았다.
“내용을 사신은 짐작하시오? 무슨 사연인지…. (잠깐 눈을 조금 떴다가 다시 감는다.) 좌우간 앉으시오.”
현장은 그래도 앉지 못하였다.
“네이. 그 내용은―.”
“그래서.”
“내용은 다른 것이 아니라― 저 신라는 나라를(연해 말을 더듬었다.)―상국에 바치고― 조공(朝貢)을… 성실히 하옵고… 그런데 백제― 는―.”
본시 ‘귀국과 백제는’ 이래야 될 것이지만, 그 날은 나오지 못했다.
“―조공도 게을리 하(옵)고― 또 귀국과 아울러… 신라를… 너무 그….”
문득 이상한 소리가 났다. 눈을 몰래 치뜨고 개소문을 보니, 깜박 잠든 듯, 약하게 코고는 소리가 난다.
현장은 말을 계속하지 못하고 잠시 기다렸다.
꽤 기다렸다. 그러나 개소문의 코고는 소리는 차차 본격화해 간다.
현장은 부러 소리나게 한번 움직였다. 발에서는 쿵 하는 소리도 났다.
개소문은 눈을 번쩍 떴다.
“응? 응? 그래서.”
결국 너무 위압된 현장은, 어서 회견을 끝내고 싶기만 하였다. 개소문은 들었건 못 들었건 간에, 자기의 할 말만 끝내었다―.
“그래서… 할 수만 있사오면 신라에 대한 노염을 푸…시고 정벌을 좀 늦구어….”
태종의 분부는 ‘너희 고구려가 그냥 신라를 시달리면 짐(朕)이 명년에 군사를 일으켜 너희를 벌하리라…’는 뜻을 고구려에 전하라는 것이었다. 그러나 그런 말은 현장의 입에서 못 나왔다.
말을 다 들은 개소문은 눈을 뜨고, 손쳐서 막하를 불렀다.
“오늘 아침 남방에서 돌아온 유 장군을 좀 불러라.
막리지의 부름으로 유 장군은 달려왔다.
“유 장군, 오늘 아침 내게 한 보고를 여기, 다시 한 번 뇌이게.”
“네이. 계림(鷄林)의 두 성은 완전히 공략했읍고, 우리 충용군은 기호의 세(騎虎之勢[기호 지세])로 그냥 남진(南進)하는 중이옵니다.”
“수고했네, 물러가게. ―사신도 듣다시피 우리나라는 지금 계림의 참람된 죄를 벌하는 중이어. 그러나 이웃나라 천자의 간청도 있고 하니, 내 우리 나랏님께 여쭈어 반사(反師)하도록 하리다. 사신도 아시겠지만 중도(中途) 반사라는 건 패배(敗北)나 일반이야. 적병도 이겼노라고 하지, 고구려가 당황(唐皇)의 간청으로 반사했다고 하겠소? 마는, 내 맡아서 하리다.”
막리지의 이 순순한 말에 현장은 좀 용기를 얻었다. 좀 주저하고는 의자에 몸을 잠갔다.
“막리지. 우리 천자의 소청은, 이번에 한한 것이 아니라, 장래도 계림을―.”
개소문은 그의 커다란 머리를 천천히 저었다.
“그건 못 들을 소청― 계림과 우리와의 오랜 원혐이 있으니, 즉 예전 수적(隨賊) 입구(入寇)할 때, 북방에 수적을 잔멸시키느라고 남방을 돌볼 겨를이 없을 때, 나적(羅賊)이 남방에서 우리 땅 오백 리를 훔쳤어. 그 행위도 벌하려니와, 우리 잃은 땅도 도로 찾아야겠으니, 장차까지는 약속치 못 하겠소.”
“그게야 기왕지사가 아니오니까. 기왕지사를 말하자면 요동의 제성(遼東諸城[요동제성])은 모두 본시는 중국 군현이었던 게 지금 귀국 당이 됐읍지만, 중국은 아무 말도 안 합니다.”
개소문은 눈을 한번 들어 현장을 보고는 다시 곧 감았다. 무슨 위협미를 띤 눈이 아니었건만, 현장은 몸을 소스라쳐 다시 일어섰다.
“무슨 당찮은 소리― 요동도 본시는 부여의 땅, 한때 중국에게 도적맞았던 것을 도로 찾은 것이지―.”
현장은 꽤 주저하고서, 그의 마지막 말을 빨리 하여 버렸다―.
“그러면 우리 폐하는 정려(征麗)의 사를 일으키실 것이외다.”
“그러면 당황(唐皇)도 수의 양제같이 말고기(馬肉[마육])를 자시고 정강말(腿馬[퇴마])을 타고 분환(奔還) 귀국하시게 될 게요.―자. 만리 길 잘 가시오.”
개소문은 그의 커다란 몸집을 일으켜서, 이 자리를 떠났다. 그러나 들어가려던 발길을 다시 돌이켰다.
“사신. 한데, 당군이 정도(征道)에 오르면 군량은 대개 어떻게 하오?”
“글쎄옵니다. 각자가 아마 자기의 한 달 식량은 몸에 지니고 오리다.”
“글세. 그러면 마음놓이오. 우리나라는 작금 흉년이 계속돼서, 만성(萬姓)이 먹을 게 걱정인데―요행 당인(唐人)이― 백만으로 잡고― 한 사람 닷 되씩 지니고 온다면― 오백만 되 오십만 석― 매명 많이씩 지니라고― 이 나라는 흉년으로 양곡이 부족하니 많이씩 지니고 오도록 부탁해 두오.” 하고는 안으로 들어갔다.
꘏
현장은 황황히 귀국하였다.
곧 당 태종께 복명하였다. 무론 복명함에는 자기의 비겁하고 치사한 행위를 감추기 위해서 더욱 고구려를 과장하여 나쁘게 복명하였다.
태종은 개소문에게 격노하였다.
무론 개소문이 당나라에 순종하고 공순하리라고는 생각지 않았다. 과거에도 개소문의 마음을 사려는 뜻으로 궁복(弓服)이며 명마, 금전 등을 여러번 개소문에게 하사(下賜)하였었건만, 그 매번을 개소문은 한 마디의 사례도 없을 뿐더러, 천자의 하사품을, 초개같이 여기고 하인배에게 주어 버리고 하였는지라, 현장의 복명이 반가울 만한 것이 없으리라고는 생각하였지만, 이번의 현장이 천자의 사신으로 그 푸대접도 푸대접이려니와, 태종의 분부를 일일이 조롱하는 태도로 묵살해 버리니, 노염이 클밖에 없었다.
곧 천하에 조(詔)를 내렸다.
“고구려 막리지 연개소문은 자기의 임금을 시(弑)하고 대신(大臣)을 없이 하고 백성을 학대하는 외에, 또 지금 짐(朕)의 조(詔)를 거역하니 이를 토벌하노라.”
그리고 칠월 경부터 착착 고구려 정벌의 준비를 시작하였다.
꘏
그 구월에 연개소문은 태종께 백금(白金)을 약간 보내며, 사람 오십 명을 함께 보내어 숙위(宿衛)로 써달라고 간청하였다.
취직운동의 뇌물이었다. 그러나 실질에 있어서는 한낱 조롱이었다.
태종은 장안의 부로(父老)들을 불렀다.
역시 같은 말(요동은 본시 중국 땅이었던 점, 고구려 막리지는 제 임금을 시하고 백성을 괴롭게 하는 흉적이니 징벌한다 운운)로써 부로들을 달래고 그 자손들을 나라에 바치기를 요망하였다.
이런 때에 있어서는 늘 같은 일이 거듭되지만, 부로들은 역시 이 싸움에 반대하였다. 일찌기 고구려 정벌군이 참패하지 않은 적이 없었고, 그런 때마다 본시 몇백만이라는 큰 무리로 떠났다가, 살아 돌아온 자 겨우 몇천 명 뿐이라는 역사만 가지고 있는지라, 이 명목 모호한 전쟁에 자식을 내보내기가 싫은 것이었다.
그러나 태종의 결심은 굳었다. 그 동짓달, 태종은 낙양(洛陽)에 이르러, 거기서, 수 양제를 따라 고구려 정벌을 갔던 일이 있는 정 모(鄭某)라는 사람을 행재소로 불러서, 의견을 들어 보았다.
역시 반대였다. “요동은 길이 멀어 양곡 운반도 힘들고, 또 동이가 잘 지켜서 속히 이기기 힘드옵니다” 하는 것이었다. 거기 대하여,
“수 때와 지금을 비할 배 아니니, 두고 하회를 보라.”고 장담하였다. 각 장수들을 명하여 각도(各道)로 나누어 요동에서 모이도록 분부해서 대군을 떠나보냈다.
또 조(詔)를 내렸다. 역시 이전의 것과 대동소이한 중에, ‘이전 수 양제는 백성을 학대하고 고구려 왕은 백성을 사랑했으니, 사란(思亂)의 군사로 안화(安和)의 무리를 치려니 어찌 실패치 않으랴’하고, 이번은 꼭 이길 것이라 하여 이길 연유를 다섯 가지를 들었다.
신라, 백제, 거란(契丹) 등에도 명하여 군사를 내고 합세하게 하였다.
그 해도 지나고 이듬해 사월, 태종은 정주(定州)에서 또 천하를 불렀다.
‘예전 수씨는 네 번 동정(東征)해서 많은 중국 자제를 요동의 황야에 잃었다. 짐은 지금 그 자제의 원수를 갚을 겸 고구려 임금 잃은 백성의 설원도 해주려고 정도에 오르는 것이다.’하여, 부로들의 마음을 위로하고, 그리고는 몸소 융복(戎服)을 입고 칼을 차고, 말께 올라 통수의 길을 떠났다.
꘏
고구려 정벌의 당나라의 대군은 몇백 리의 요동 평원을 사진으로 날이 흐리게 하면서 동으로 이동하였다.
이상한 일이었다. 과거에 수나라도 쓴 경험을 하였거니와, 당의 태종도 적지 않게 쓴 경험을 한 고구려 효용의 군사가, 이번에는 웬일인지 도무지 맥을 못 쓰고, 당군 이르는 곳마다 고구려의 성은 함락되고 영토는 유린되는 것이었다.
“이 봐라. 짐의 위력을.”
태종의 의기는 높았다.
연전연승, 승승장구하여, 당군은 동진하였다. 당군이 점령하는 곳마다, 땅 이름을 고구려식에서 당식으로 고쳐서, 개모성(蓋牟城)은 개주(蓋州), 백암성(白巖城)은 암주, 등으로 연해 고치면서 나아갔다.
이리하여 당군은 안시성(安市城)에서 사십 리 되는 곳까지 이르렀다.
거기서 태종은 수백 기를 데리고 부근의 산천 형세를 관망하고자 좀 높은 언덕에 올라 살펴보았다.
즉, 전면에 무슨 새까만 줄이, 그 기럭지가 사십 리쯤 되는 것이 아물거리는 것이었다.
“야, 저 세까만 저게 뭐냐?”
“네이. 고구려와 말갈의 연합군의 장사진(長蛇陣)이올시다.”
“무얼! 저 사십 리가 넘는 줄이 모두 모두 군사란 말이냐.”
“네이.”
태종은 망연히 바라보았다. 얼굴의 근육이 자연 굳어졌다.
“내 오산(誤算)이었던가. 너무 고구려가 만만히 지더니, 그거 예까지 나를 유인하려는 술책이 아니었을까?”
꘏
막리지 연개소문.
당나라와의 전쟁이 벌어지자, 그는, 막료들을 데리고 서울을 떠나서, 요동에 들었다. 그러나 친병, 친솔병은 하나도 없이 막료들과만 지냈다.
술만 먹었다. 그리고는 잠만 잤다.
변방에서는 연해 패보(敗報)만 이르렀다. 어느 성이 함락됐다. 어느 주가 빼앗겼다. 연해 들어오는 패보에 아무 대책도 세우지 않고, 여전히 술만 불렀다.
막료들은 마음이 여간 초조하지 않았다. 막리지가 망령이 났나. 어쩌면 이 연한 패보에도 눈썹도 안 움직이고 술만 자시고 있는가.
“막리지. ×× 성이 또 함락됐답니다.”
“어? 응, 응,(잠에서 깬다) 으―ㅁ. ×× 성내에는 좋은 꽃동산이 있더니, 모두 군사에게 밟혔겠군. 아까워라.”
“막리지. 이러다가는 결국은 어떻게 됩니까. 나라이 망합니까?”
“에끼! 그런 못된 소리두 하나. 전쟁은 내가 이겼다. 가련한 이세민(李世民―당 태종) 씨, 정강말 타구 장안에 돌아가시겠지.”
그리고는 하품, 기지개.
“△△주도 빼앗겼읍니다.”
“응? 응? 그래? 전쟁은 내가 이겼다.”
지고도 이겼다고 호어하는 막리지―.
드디어 요양성도 있을 수 없어서 피해 나왔다.
전쟁에 쫓겨서 동으로 동으로 옮겼다.
고급 막료 몇 사람만이 막리지의 분부로 어디 수삼 일씩 다녀오고 하는 뿐, 보통 막료들은 영문을 전혀 알 수가 없었다.
전쟁은 해를 거듭하기 이 년, 그동안 고구려측에서 한 일은, 그저 쫓기는 것 뿐이었다. 좀 지켜보다가는 성내의 양식들을 죄 옮기던가 불사르고 성을 비우고는 쫓겼다.
당병은 성을 빼앗고 그냥 더 동진을 하면 쫓겨 숨어 있던 무리들이 이 구석 저 구석서 나와서 당군의 뒤를 엄습하고, 교란하고, 양곡 등을 빼앗고는 숨어 버린다. 막리지는 아무 방략도 강구하지 않고, 쫓기는 우리 군사, 항복하는 우리 성의 보고를 듣고는 그저 술만 부르는 것이었다.
어떤 견고한 성 같은 데서는, 좀 버티어 보려고 그럴 만한 꾀를 안출해서 막리지께 아뢰면 막리지는 여전히 잘 듣지도 않고, 코를 골고 마는 것이었다.
이리하여 쫓기기를 안시성까지 이르렀다.
백여 리 밖에까지 당의 대군이 이르렀다. 다른 데서면 당군이 백 리쯤 되는 곳까지 이르면 또 다른 곳으로 피하던 막리지였지만 이 안시성에는 일부러 찾아 들어갔다.
안시성 성주 양만춘(楊萬春)은 신을 거꾸로 신으며 뛰쳐 나와 맞았다.
“막리지, 대적을 치시기에 얼마나 노심하십니까?”
“내야 술이나 먹고 구경이나 하는 사람이거니와, 성주는 고성 지키기에 얼마나 애쓰시오.”
아문(衙門)에 들었다.
“이 성내에는 양식은 넉넉하시오?”
“삼 년 지킬 것은 있읍니다.”
“우물은?”
“깊은 우물이 웬만한 시내에 지지 않을 만한 게 수십 군데옵니다.”
“궁시(弓矢)는?”
“넉넉하옵니다.”
“내 한동안 여기 있겠소이다. 오래간만에 양공(楊公)의 명궁(名弓) 솜씨를 좀 봅시다.”
이리하여 막리지의 일행은 안시성 안에 잠겨버렸다. 요동에도 가을이 찾아 왔다.
꘏
당군측에서는 이 안시성을 먼저 치랴, 건안(建安)을 먼저 치랴 하다가 안시를 먼저 치기로 하였다.
그러나 안시는, 성주 양만춘이 굳게 지키는 위에 막리지 개소문이 들어 있느니만치 사기도 크게 떨쳐 그리 쉽게 낙성될 까닭이 없었다.
아직껏 치면 치는 곳마다 항복하는 곳만 겪어오던 당군은, 여기서 뜻밖의 굳은 저항을 받았다. 더구나 당의 태종은, 여기서 그 새 그림자를 감추었던
‘고구려 혼’의 면영을 발견하고, 내심 몸서리쳤다. 그럴 까닭이 없는데 너무도 쉽게 함락되고 하더니, 여기서는 딱 버틴 그 저항력에 벌써 ‘고구려 혼’의 면영을 발견하고, 왜 그런지 공포까지 느꼈다.
높고 견고한 안시의 성은, 밖에서 아무리 활로 쏘아도 용처가 없이 헛되이 살만 허비하는 뿐이었다.
당군은 여기 인력으로, 한 개 산을 쌓기로 하였다. 안시성 내를 넉넉히 굽어볼 만한 높은 산을 쌓고, 거기서 성내를 정찰하고 공격하기 위하여.
연(延)인원 오십만이라는 많은 힘을 들여서 안시성보다 높은 산을 하나 쌓아 올렸다.
꘏
“저게― 당황(唐皇)이 아니오니까?”
성내에서는 막리지 개소문과 성주 만춘이 대작을 하다가 만춘이 깜짝 놀라며 말한다.
그것을 따라 보니, 그 축산 위에는 태종이 몇 명 시신을 데리고 올라서 성내의 상황을 바라보는 것이었다.
개소문은 만춘을 보았다.
“성주의 명궁(名弓)의 솜씨―대궁(大弓)말고, 소궁(小弓)을 한번.”
빙긋 웃었다.
만춘은 알아들었다. 소궁을 꺼내어 들었다.
만춘의 손이 한번 움직일 때에, 만춘의 손에 있던 작은 살은, 태종을 향하여 날아갔다.
“왼편 눈을 겨누었는데요.”
라는 말과 같은 순간에, 태종의 손이, 벼락같이 당신의 왼편 눈으로 올라갔다. 들리지는 않지만, 부르짖음을 내는 모양, 그러면서 앞으로 쓰러졌다.
“솜씨 여전하시구려.”
개소문은 미소하며 만춘을 보았다.
“그물 코는 잡아 죄셨겠지요?”
“그럼. 당적(唐賊) 전멸이지.”
당군은 이 여름부터 차차 양곡이 뒤몰리게 되었다. 아직껏 점령한 곳마다 모두 고구려군이 불사르고 뛰었는지라, 본국의 조〔粟〕를 운반해 왔었는데, 차차 고구려 땅 깊이 들어오자 그것이 힘들어 갔다.
이런 양식난의 위협을 받으면서, 그래도, 연전연승하는 재미에 그냥 따라 오느라는 것이, 이곳(안시)까지 이른 것이었다.
여기서 아직껏 그런 일이 없이 뛰기만 위주하던 고구려가 딱 버티고 맞섰다.
싸움은 지구전이 되었다.
그런데 여기서 사십 리쯤 밖에는, 고구려와 말갈의 병사가 사십 리의 장사진을 치고 있다. 그 장사진은 그저 그곳에 움직임 없이 서 있을 뿐이었다.
모두 무시무시하였다.
양식난의 위협은, 나날이 가중되고, 안시성은 견고하여 움직일 수 없고, 사십 리 밖에는 무시무시한 것이 복재해 있고― 게다가 가을은 고비를 넘어 차차 겨울이 되어 간다.
여러 가지 이런 점 등으로, 태종은 이 안시성이나 어떻게 처치하고는 그만 회군해 버릴까 하는 생각도 적지 않게 품게 되었다. 굳이 반대하고 고집하여 일으켰던 전쟁이거니, 여기서 스스로 물러간다는 것은 좀 안 되기는 하였지만, 그러나 이번의 싸움에서는 전과 달라 번번이 이기기만 하였다. 인제 회군한다고 패전은 아니다. 패전이 아니요 그냥 승전을 계속해 오다가 회군하면 그래도 참패 분환보다는 좀 나았다.
제일 양곡과 엄동의 위협 때문에, 태종의 마음이 적지 않게 동요될 때에, 안시 성주 양만춘의 쏜 살 한 대가 태종의 왼쪽 눈에 박힌 것이었다.
살은 깊이 박히지 않아, 곧 뽑아 버려서, 한 눈을 잃은 뿐 뒷탈은 없지만, 이날 밤 태종은 장령들을 모아 가지고, 회군할 일을 의논하였다.
누구나 겨울의 위협과 식량의 위협을 받던 위에, 여기서 비로소 그새껏 그림자를 감추었던 고구려 혼의 면영에 접한 장령들은 태종의 의견에 곧 승복하였다.
도망치는 것 같지 않게 순서 있게 회군할 절차나 방략도 대개 의논하였다.
다음날 밤, 당군의 일부는 야음을 타서 안시성을 떠났다.
태종은 그 제일차 회군부대에 섞이어 도망의 길에 나섰다.
꘏
그러나 그 밤에 무서운 일이 생기고, 무서운 일이 전개되었다. 사십 리 기럭지를 뻗치고 있던 고구려와 말갈의 연합군이, 사진을 날리며 이 도피하는 당군에게 엄살해 온 것이었다.
당군은 포위되었다. 그물 안에 들었다. 놀랍고 무서운 일은 전개되었다.
몇백만인지 모르는 많은 사람이 안시성 근교에서 죽이며 죽이우며, 무서운 참극은 전개되었다.
이 근처 일대는 시산혈해로 화하였다.
꘏
당군은 거진 전멸하였다. 어떻게 해서 이 살육의 곳에서는 빠져나온 자도, 곳곳이 지키는 고구려의 유격군에게 붙들리어, 본국 당나라까지 돌아간 자는 겨우 수천 명에 지나지 못하였다.
하늘이 내신 사람인 태종―. 간신히 목숨은 유지하여 그야말로 말도 못 타고 정강말로 귀국하였다. 말은 잡아 먹은 것이었다. 시장하여.
“아아, 위징(魏徵)이 있었다면 짐을 이 지경에는 안 빠지게 할 걸.”
태종은 길이 탄식하였다.
이듬해 오월에 고구려에서는 긴 글월이 태종께 왔다. 고구려 왕 보장과, 막리지 연개소문이, 당 태종께 사죄하는 글월이었다. 싸움에 이기어서 죄송합니다…고.
이와 같은 편에, 미녀 둘을 태종께 바쳤다.
‘색이라는 것은 사람이 중히 여기는 것이지만, 이 계집들의 친척의 상심할 일을 생각해서 짐은 받지 못하겠다.’하여 미녀들은 도로 각각 제 집으로 돌려보냈지만, 이 거듭되는 조롱에 태종은 이를 갈았다.","도성 안은 평시와 조금도 다른 데가 없었다.
어제도 그제도, 작년도 재작년도 그러하였던 것과 마찬가지로, 장사아치는 가게에 앉아서 손님을 기다리고, 노인들은 한가스러이 길거리를 거닐고, 장인바치는 여전히 이마에 핏대를 세워가지고, 마치를 두르며― 솔개는 하늘을 날고 쥐는 땅을 기고….
",9877
거목이 넘어질 때,김동인,"起因[기인]


“안 됩니다. 몸을 숨기세요. 이곳을 피하세요. 복중(腹中)의 왕자를 탄생하고 기를 귀중한 임무를 생각하세요.”
낙엽진 수풀 ― 한 발을 내어짚을 때마다 무릎까지 낙엽에 축축 빠지는 험준한 산길을 숨어서 피해 도망하기 사흘. 인제는 근력도 다 빠지고 한 걸음을 더 옮길 수 없도록 피곤한 관주(貫珠)는 덜컥 하니 몸을 어떤 나무 그루 아래 내어던지고 쓰러져 버렸다.
만년종사를 꿈꾸던 백제도 이제는 망하였다.
이것이 꿈이랴 생시랴.
온조(溫祚)대왕이 나라를 세운 지 근 칠백 년, 이 반도에 고구려와 신라와 함께 솥발같이 벌려 서서 서로 세력을 다투고 힘을 다투던 한 개 커다란 나라가 하루아침에 소멸하여 버린다는 것은 너무도 놀라운 일이었다.
이웃 나라 신라가 자기 혼자의 힘으로는 도저히 백제와 겨룰 수가 없으므로 비열하게도 당나라 군사까지 청하여 들여서 이 백제를 공격할 때에 ― 처음 한동안은 용케 당하기는 하였지만 원체 군사의 수효가 대상 부동이라 드디어 의자왕(義慈王)은 태자와 함께 서울을 피해서 북비(北鄙)로 도망 하였다.
왕이 이미 몽진한 도성으로 밀물같이 밀려들어오는 신라와 당나라의 연합군들의 난폭한 행동에 왕궁의 궁녀들은 모두 욕을 면하고자 대왕 포(大王浦) 벼랑 위로 달려올라가서 아래 흐르는 사자수(泗泚水)에 몸을 던져서 욕을 면 하였다.
관주도 궁녀의 한 사람으로서 동료 궁녀들과 같은 행동을 취하려 하였다.
함께 대왕포 바위 위에까지 달려올라갔다.
그러나 이 총망한 가운데서도 그의 동료 한 사람이 관주를 발견하고 달려와서 관주를 피신하게 한 것이었다.
“복중의 왕자를 생각하세요. 상감께서 일이 그릇되어 불행한 일을 당하시면 그 뒷일도 생각해 주세요.”
그때 관주의 뱃속에는 다섯 달 된 용종(龍種)이 들어 있었다. 아드님이 될지 따님이 될지는 알 바이 없지만 만약 이 백제라는 나라 위에 천우(天祐) 가 벼락같이 떨어지지 않는 한에서는 왕와 태자와 각 왕자는 반드시 불행한 최후를 보실 것이다. 지금의 형세로는 무슨 기적적 천우가 떨어지지 않으면 이 불행은 반드시 각오하지 않을 수 없다.
만약 그렇게 된다면 이후 이 칠백 년의 거룩한 사직을 위하여 칼을 들고 일어서서 신라와 당나라에 원수를 갚을 사람은 지금 관주의 복중에 숨어 있는 용종(龍種) 하나 밖에는 없다.
본 바 보고 또 들은 바 신라 장군 김유신은 백제의 서울로 들어오면서 제일 먼저 왕족이란 왕족은 모두 잡아 내어 죽이지 않았는가. 어떻게 되었는지는 알 수 없지만 짐작컨대 백제의 왕족은 아마 씨도 없이 잔 멸시 켰으리라. 그렇다면 지금 남아 있는 것은 오직 관주의 복중에 들어 있는 한 개 고 깃 덩이 밖에는, 백제 종실을 위하여 칼을 뽑아들고 나설 권리와 의무를 가진 사람은 없을 것이다.
“보중하세요. 몸을 피하세요. 따르는 군사가 급하외다.”
이리하여 관주는 물로 향하여 몸을 던지려던 발을 돌이켜서, 창황히 숲속으로 숨어 버렸다.
많은 동료들이 바위 위에서 통곡을 하며 몸을 던질 때 관주의 마음은 우겨내는 듯하였다. 그러나 복중의 왕종을 생각하고 강잉히 그곳을 떠나서 차차 깊은 숲으로 몸을 감추어 버렸다.
옷을 바꾸어 입고 몸을 숨겨서 산길을 배회하기 사흘 ― 그의 나약하고 연연한 몸은 자기가 짊어진 중대한 임무만 아니면 도저히 겪어 내지 못할 쓰라린 고초를 맛보면서, 오로지 복중의 귀한 씨를 생각하여 피하고 피하여, 서울서 백여 리가 넘는 지금의 삼림까지 도달한 것이었다.
수라장의 왕도를 도망하여 많은 동료들이 수중 원귀가 되는 것을 눈앞에 보고 그 길로 이곳까지 피해 온 관주는 저녁이 기울기까지 실없이 넘어져있었다. 그 근처에 떨어져 있는 과일들로 겨우 요기는 하였다. 그러나 태중 오 개월의 무거운 몸에 넘치는 피곤은 삭일 바이 없었다.
날이 기운 뒤에 관주는 겨우 몸을 일으켜서 마을로 내려왔다.
거기서 그가 안 바 그것은 이미 각오는 하였던 바이지만 놀라운 소식 이었다.
북비로 몸을 피하였던 왕과 태자도 드디어 당병의 손에 붙들리었다는 것 이었다. 왕과 태자와 대신들 팔십여 명과 백성 일만삼천 인이 당나라 군사에게 잡히어서 지금 당나라로 길을 떠났다 하는 것이었다.
무론 잡힐 것이다. 그리고 잡히기만 하면 그 생명은 부지되지 못 할지니, 왕가와 먼 친척이 되는 사람까지 모두 죽여 버린 김유신의 방침을 보아서 지금 당나라에 잡혀가는 왕의 일행은, 그 마지막 길을 백제 땅에서 밟는 것이라 보지 않을 수 없었다.
꿈틀!
뱃속에서 움직이는 한 개 고깃덩이. 비록 그것이 한 개의 고깃덩이에 지나지 못하나 그 고깃덩이는 또한 칠백 년 백제 왕자의 유일의 봉사손이요, 백제 시조 온조대왕의 유일의 직손인 것을 생각할 때에, 관주는 그 왕손을 배고 있는 자기의 몸의 커다란 책무를 새삼스러이 느끼지 않을 수 없었다.
꿈틀꿈틀!
피곤한 모체(母體)의 속에서도 기운차게 움직이는 이 고깃덩이의 장래의 활약을 위하여, 그리고 그 어린 몸이 장차 칼을 뽑아들고 신라와 당나라에게 대하여 크게는 나라의 원수요 작게는 일가의 원수를 갚는 장거를 도모 케 하기 위해서, 결코 허수로이 하지 못할 자기의 몸이다.
“하느님 맙시사.”
젊은 꼴꾼으로 옷을 차린 관주는 가련하신 왕의 운명과 자기의 중대한 책무 때문에 몸을 와들와들 떨었다.


그로부터 수일 후 당나라 군사에게 호위된 백제 왕이며 태자 왕자 대신 백성들이 어떤 촌락을 지나갈 때에, 그 촌락 뒤 어떤 나무 아래 엎드려서 통곡을 하는 한 초동이 있었다.
무론 왕의 최후의 길을 우러러보고자 여기까지 왔을 것이다. 그러나 위의 당당하게 뽐내며 지나가는 당병의 최후의 한 사람이 다 지나갈 때까지도, 종내 초부는 머리조차 들어 보지 못하였다.
거기서 포구까지 가는 동안 이 초부는 십 리쯤 뒤떨어진 먼발로 끝끝내 당 병의 일행을 쫓아갔다. 밤에는 왕이 수금되어 있는 집 근처에서 배회 하며 틈을 엿보고 하였다. 엄중한 당병의 감시의 눈에 숨어서 왕께 뵈올 수는 도저히 없는 바지만 행여 하는 요행심으로 배회하는 것이었다.
왕이 당병에게 끄을리어 배에 오르기까지 왕을 뵈올 기회를 얻지 못 하였다.
왕을 태운 배가 멀리 한바다로 떠나가서 보이지 않게 되기까지 초부는 해변에 망연히 서 있었다. 그의 두 눈에서는 눈물이 비오듯 하였다.
이 초부는 무론 변복한 관주였다.
거기서 왕께 먼발로나마 하직을 한 뒤에는, 관주의 자취도 이 세상에서 사라져 없어져 버렸다.
왕이 당나라 서울서 비참한 최후를 마치고, 백제라 하는 나라는 소멸 되어 버리고, 이리하여 세월은 흐르고 또 흘러서 이백 년이라는 세월이 흘러갔다.
백제는 완전히 망하였다.
후일 백제 회복을 위해서 칼을 들고 나설 만한 왕족까지도 모두 잔 멸시 켜 버렸는지라, 백제라 하는 것은 한 개 역사상의 과거의 일로 무시하여 버려도 좋을 만치 되었다.


이백여 년이라는 세월이 흘렀다.
그 짧지 않은 날짜가 흐르는 동안 무론 사람사람의 일신상의 변동도 이 루셀 수가 없다. 그 위에 국체(國體)상의 변동도 놀랄 만하다.
신라는 당나라의 힘을 빌어서 백제를 없이한 뒤에 거기 자미를 보고 후 일당나라가 고구려와 싸우는 기회를 보아 가지고 고구려까지 없이하여 버렸다.
대륙에서 동해바다로 늘어져 있는 반도(半島)에 솥발같이 나란히하여 각축을 하던 세 국가 가운데 둘은 신라에게 망한 바 되고 신라 하나이 둥 그렇게 남았다.
백제를 없이한 지 팔 년 뒤에 고구려조차 없이하여 버린 신라는 인제는 이반 도의 유일의 국가였다.
이리하여 표면으로는 반도 유일의 국가 ― 이면으로는 당나라의 제재를 받는 한 개 비열한 국가 ― 이러한 표리가 다른 국가 생활을 계속하기 이백수십 년, 사실에 있어서 백제와 고구려를 집어삼킨 데는 아무 그럴 만한 근터 리가 없었다. 단지 당나라가 도와 주려니 집어삼킨 것이지 그 이상 아무 원인이며 이유가 없었다. 그랬는지라 집어삼키기는 삼키었지만 그 나라의 강토들은 아낌없이 내어버렸다.
집어삼킨 뒤 한동안은 그래도 명색이나마 지방관들을 파견하고 경질 하고하여서 그래도 자기네 땅인 듯한 느낌도 없지 않았지만 그 긴장의 몇 해가지난 뒤에는, 그 강토는 다시 돌보지도 않았다.
백제의 옛 강역은 그래도 좀 거리가 가까왔더니만치 얼마만치 돌보는 흉내나마 내었지만 고구려의 구역(舊域)은 완전히 주인 없는 땅으로 되어 버렸다.
이러한 이백 년간에 옛날 김유신이 백제를 삼키고 뒤이어 고구려를 삼킬 때는 그래도 뒷일을 근심하여 장차 조국을 위하여 칼을 뽑아들고 나설 만 한 지위를 가진 사람은 종자까지 없이하여 버렸으나 명장 한 번 저승으로 간뒤에는 다시는 그런 먼 후의 일까지 생각하려는 사람이 없었다.
자주 변경을 침노하던 무서운 고구려와 백제가 인제는 없어졌는지라 마음 놓고 팔다리 길게 뻗치고 살 수가 있게 되었느니만치 지금 남은 것은 안일 과 권태의 꿈뿐이었다.
먼저 궁중이 난잡하여 가고 뒤따라 백성들도 난잡한 꿈에 빠지기 시작 하여 고구려와 백제가 망한 지 이백여 년이 지나서는 신라라 하는 일개 국가는 난정과 음일로 싸인 한 개 더러운 인간 단체로 화하여 버렸다.
이러는 동안 이백여 년 전 대왕포 바위 위에서 몸을 물로 던지려다가 독심을 품고 발을 돌이켜서 종적을 감추어 버린 당년의 의자왕의 총희 관주와 그 의 뱃속에 들어 있던 백제 왕족의 유일의 씨인 한 개 고깃덩이는 어떻게 되었나?
무론 그 새 흐른 세월은 덧없이도 벌써 이백여 년이니 대가 바뀌고 손 이 갈리 기도 벌써 여러 번씩일 것이다.
그러나 그 초지(初志)뿐은 지금껏 후손들이 계승하고 있는지, 혹은 하도긴 세월이라 인제는 선량한 한 개의 시민으로 변하여 버렸는지?
세월은 여전히 흐른다. 그 흐르는 세월 아래는 별의별 것이 다 감추여 있나니 내가 이러한 서두 아래서 적어 내려가려는 한 개 기구한 운명의 구인의 이야기도 그 이백 년이라는 세월이 눈감아 줄 동안에 생장하고 계승 된한 개 가련한 이야기다.
자 ― 그러면 인제부터 나는 나의 이야기를 독자 여러분 앞에 펴놓자.
장차 어떤 것이 나오려는지?




皇星壇[황성단]


세월은 흐르고 흘러서 백제 망한 지 이백 수십 년이라는 날짜가 흘러갔다.
양주 가은현(陽州 加恩縣) 한가한 농촌에 가을빛이 완연히 이르러서 천하는 장차 올 겨울을 맞이하려고 고요한 가운데도 분망한 어떤날 밤이었다.
나지막한 산이 병풍같이 북쪽으로 둘리운 이 근방 일대는 아늑한 꿈속에 벌써 들었고 좀 성급한 닭들은 홰를 치려고 우리 속에서 준비를 할 때 ― 시각은 정히 자시(子時)였다.
번쩍!
하늘에서 한 개의 불덩이가 튀었다. 그 다음 순간은 와지끈 하는 요란한 소리와 함께 온 천하가 화광(火光)으로 충일되고 땅이 뒤집힐 듯이 흔들리고 잠시 동안은 땅이 그냥 흔들리었다.
이런 뒤에는 다시 온 세상은 고요한 가을 밤에 잠겨 버렸다.
세상은 다시 고요하게 되었다. 그러나 이 소란통에 잠에서 깨인 사람들은 무슨 일인지 몰라서 눈을 크게 하고 숨도 크게 못 쉬고 모두들 와들와들 떨 면서 서로 얼굴만 바라보았다.
이러한 가운데서 어떤 집에서 문이 열리고 그 문으로는 노인 한 사람이 나왔다. 백 살이 넘었으면 넘었지 결코 덜하지는 않았을 노인이었다. 그러나 아직도 기골이 장대하고 허리가 곧은 노인이었다.
노인은 뜰에 내렸다. 내려서 잠시 사방을 휘둘러본 뒤에 뒷짐을 지고 천천히 발을 옮겨서 제 집을 나섰다.
이 동리를 보호하는 듯이 병풍같이 둘리어 있는 산(알메라 하는 산이다)으로 노인은 곁눈질도 않고 일직선으로 갔다.
별빛과 달빛이 명랑한 가을밤이었다. 이 비교적 어둡지 않은 하늘 아래서 노인이 발견한 것은?
그 근처 일대에 무성하였던 마른 잡초들이 불타서 재가 되어 버린 것 이었다. 노인은 노인답지 않은 활기있는 걸음으로 성큼성큼 언덕길로 올라갔다.
그가 한참을 올라가다가 발을 멈춘 곳 ―.
“으 ― 아.”
발을 멈추는 동시에 노인의 입에서는 환희성이 저절로 터져나왔다. 그 의 늙은 두 눈에서는 눈물이 비오듯 하였다.
“창천이여 이백여 년이로소이다. 이백여 년이로소이다."" 마치 미친 사람같이 혼자서 중얼거리는 노인.
그 노인의 앞에는 사면 두 간 넓이쯤 되는 커다란 바위가 하나 있었다. 천 연암(天然岩)이지만 천연암답지 않게 꼭 네모반듯한 바위로서 어떤 까닭인지는 모르지만 그 바위를 이 근방 일대에서는 황성단(皇星壇)이라 불러 왔다. 언제부터 그런 칭호로 불리었는지는 모르나 지금 백 살이 넘은 이 노인이 어렸을 때도 역시 황성단이라 한 것을 보면 꽤 오래 전부터 이렇게 불리어 온 모양이었다.
그 바위의 정남(正南)향에 한 개의 구멍이 뚫렸다. 아까의 괴변 때에 뚫린 구멍으로서 말하자면 하늘에서 별이 하나 그곳에 떨어진 것이었다. 좀더 적절히 말하자면 황성이 떨어진 것이었다.
아까 천하에 충일되었던 화광은 별이 떨어질 때에 생긴 빛이었다. 아까의 지동(地動) 도 별이 떨어지느라고 생겼던 것이었다. 마른 풀이며 곁 나무 가모두 탄 것도 별의 열기 때문이었다.
별이 황성단 앞에 떨어졌다.
다시 고요한 잠에 잠긴 가을의 밤하늘 아래서 흘리고 또 흘리는 노인의 눈물과 ― 또한 기쁨과 흥분과 환희에서 나오는 눈물이었다.
마을에서는 들려 오는 닭의 소리. 하늘을 찢는 개의 한소리.
“창천이여. 창천이여.”
노인의 읍열성과 아울러서 고요한 가을 밤의 대지로 퍼져나간다.
노인이 황성단 앞에서 너무도 기뻐서 울고 있을 동안 이 노인의 집에서는 인생의 가장 엄숙한 사건 하나이 진행되고 있었다.
이 집 주인 아자개(阿慈介)의 안해가 방금 해산을 하려고 앓고 있었다.
저녁부터 산기가 보이던 것이 차차 그 진통의 돗수가 잦아 오고 이 밤안으로는 분명히 해산을 할 모양이었다.
아자개의 집안은 이 근처에 가장 큰 호농(豪農)이었다. 하인배며 어멈, 할멈이 그즈런히 있었다.
그러나 이 인생의 가장 엄숙하고 중대한 사건인 해산에도 하인배는 안방에 얼씬도 못하게 하고 몸이 무겁다고 신음하는 산모와 그의 그 지아비 아자개만이 있을 뿐이었다.
“어떻소?”
꽤 날이 선선한 가을임에도 불구하고 이마에 땀을 뚝뚝 흘리며 고민 하는 안해를 보고 아자개는 이렇게 물어 보았다.
안해는 눈을 들었다. 몸이 아프기보다 마음이 더 아픈 모이었다. 공포의 그림자조차 그의 얼굴에 넘치어 있었다.
“이번은 온….”
“글쎄.”
또 계속되는 무거운 침묵….
최후의 진통이 있기는 밤이 깊어서 축시도 지난 때였다. 이 최후의 진통과 함께 무섭게 몸을 떨면서 손발에 힘을 준 때에 산모의 몸에서는 한 개의 새로운 생명이 우렁찬 울음소리를 치며 떨어져 나왔다.
마지막 힘까지 다 들여서 대사를 치른 뒤에 기운 없이 산모가 덜썩 엎으러질 때에 와락 달려든 것은 그의 남편 아자개였다.
아자개는 넘어진 제 안해를 보지 않았다. 와락 달려들면서 방금 세상에 떨어져서 몸이 새파랗게 되어 떨며 우는 갓난애를 움켜 쳐들었다. 쳐 들면서 무엇보다도 먼저 아이의 샅을 들여다 보았다.
갓난애의 샅을 보아서 거기 달려야 할 것이 척 늘어져 있는 것을 본 뒤에다 시 갓난애의 얼굴을 들여다볼 동안 침울하던 아자개의 얼굴에도 차차 차차 음침한 기운이 사라지고 그 밑으로부터 명랑한 미소가 떠오르기 시작 하였다.
“여보! 여보!”
“….”
“여보.”
“….”
기운이 없이 넘어진 안해에게서는 대답이 나오지 않았다. 그러나 아자개는 그것을 탓하지 않았다. 안해가 대답을 하였는지 안하였는지조차 의식 하지못하였다.
“사내놈이오. 얼굴도 준수는 허군.”
갓난애의 얼굴은 준수하다기보다 오히려 험상궂은 얼굴이었다. 입을 쩍쩍 벌리며 우렁차게 우는 갓난애의 얼굴은 마치 십만 대군을 호령하는 대장군과 같았다.
이때에 이 방을 향하여 오는 누구의 발소리가 들렸다. 그 발소리의 주인은 댓 돌 위까지 덥썩 올라섰다.
“몸을 풀었느냐?”
“한아버님이셔요?”
“오, 몸은 풀었느냐?”
“네이.”
“무에냐?”
“황장손(皇長孫)이올시다.”
“오 사내냐? 준수하냐?”
“준수하기에 장손이 아니옵니까?”
“그러리라. 알메에 황성(皇星)이 내렸더라.”
“네?”
“아까 소란한 소리가 황성단에 별 내리는 소리다.”
“네?”
하마터면 아기를 떨어뜨릴 뻔하였다. 멀거니 뜬 눈으로 잠시 허공을 쳐다보던 아자개는 아기를 그 자리에 눕히고 그 앞에 무릎을 꿇었다.
“아기마마 아기마마, 이 징조가 과연 맞소리까?”
자기의 갓난 아기의 앞에 꿇어 엎드린 아자개의 눈에서는 하염없이 하염없이 눈물이 흘렀다.
가을 밤이 고스란히 깊어 가는 가운데서… 아자개의 집안의 내력을 이 가은현 일대는커녕 온 세상에서 아는 사람이 없었다.
이 근처의 호농(豪農)이었다. 하인이며 작인들도 그 집에 많이 드나들었지만 그 집 내력은 아는 사람이 없었다.
단지 누구든 아자개의 집안과 대하게 되면 저절로 어깨가 늘어지고 머리가 수 그러졌다. 그만치 어딘지 모를 위엄이 있었다.
아자개뿐 아니라 아자개의 아버지 한아버지 대대로 남으로 하여금 머리를 숙이게 하는 위엄이 있었다. 그렇다고 위엄성을 부린다든가 한 것도 아니건만.
그 근처에 전하는 말에 의지하건대 아자개의 칠대조 되는 사람이 하늘에서 강탄 하였다 하는 것이었다. 본시 천상의 선녀(仙女)로서 어떤 천관과 눈이 맞아서 잉태하게 되매 상제가 세상에 내치셔서 이 인간 세상에서 한 집안을 창립 하였다 하는 것이었다.
또 일설에는, 어떤 부자집 딸이 이름 모를 어떤 미소년과 사괴어 잉태 하게되 매 엄격한 아버지가 죽이려는 것을 그의 어머니가 몰래 돈을 많이 주어 도망 시켜서 이곳에 와서 한 집안을 창설하였다 하는 것이었다.
여하간 아자개의 집안은 지금으로부터 이백여 년 전 한 개 꽃다운 젊은 여인으로 시조되어 일곱 대를 내려와서 오늘날의 아자개의 대까지 되었다는것만은 사실인 모양이었다.
일곱 대를 한곳에서 살았으면 그 후손도 상당히 많이 퍼졌을 것이다. 그런데도 이 집안은 대대로 딸도 없는 외아들로 내려왔다. 한 번도 딸을 낳아 본 일이 없고 외아들 이외의 다른 아들을 낳은 일이 없다. 더우기 기괴한 일은 그 집의 마누라가 배가 불러서 만삭이 되었다가도 언제 어떻게 되었는지 해산한 기색은 없고 아기도 보이지 않고 그냥 배가 도로 작아지고 하였다. 그리고 그 근방의 호농으로서 많은 하인이 있지만 주인 안해가 몸을 풀때는 하인은 그 근처에는 얼씬을 하지 못하게 하고 꼭 남편 되는 당주(當主) 가 해산 간호를 하고 하였다.
대대로 외아들이라 하나 단순한 외아들이 아니었다. 아들이 두셋씩 될 때도 있기는 하였다. 그러나 이상한 일은 아들이 두셋씩 되다가라도 아들들 이 장가들 때가 가까와 오면 그 몇 명 아들 중에 가장 준수하고 건장한 한 아들만 남고 다른 아들은 어디로 없어지는지 없어져 버리고 마는 것이었다.
거기 대하여 그 새 몇 대를 물어 본 사람도 많지만 확실한 대답을 들은 사람은 하나도 없없다.
아자개의 대 적에도 아자개에게는 이 년 맏이 되는 형이 있었다. 아자개는 사람이 무거운 데 반하여 형은 좀 경한 편이었다.
아자개의 형은 어떤 날 어찌어찌하다가 동리 애들과 싸움을 하였다. 그때에 좀 경한 이 소년은 열김에 다른 소년들을 욕 하느라고,
“이 자식들 우리는 너희 천인배와는 근본이 다르다."" 고 고함질렀다.
이 말이 떨어지자마자 아자개의 아버지가 집에서 버선발로 뛰쳐나왔다.
아버지가 뛰쳐나오기 때문에 얼굴이 창백하게 되는 소년을 아버지는 두 말 없이 마치 닭을 채는 수리와 같이 움켜잡고 도로 집으로 들어갔다.
그 이후 형 되는 소년은 이 세상에서 종적이 사라져 없어져 버렸다. 그리고 아자개가 형을 대신하여 이 집안의 봉사손으로 되었다.
이리하여 이 집안의 주인이 된 아자개는 안해를 맞고 아버지의 뒤를 이어서 집안을 맡았지만 불행히 사십이 지나도록 자식을 보지 못하였다. 그러다가 이 날 난 이 아이야말로 이 집안의 유일의 봉사손이요 이백 년 이래 일곱 대째 한 개 아리따운 여인을 선조로 한 이 가문의 다만 한 사람의 혈손 이었다.
알메 황성단에 별이 내리는 것과 때를 같이하여 이 세상에 튀어져 나온 한 아이 ― 아자개의 가문의 단 한 사람인 이 귀여운 아기는 흐르는 세월과 함께 무럭무럭 자랐다. 갓났을 때부터 벌써 기골이 장대하던 그 아이는 하루가 가고 이틀이 갈수록 보기 놀랍게 건강하여 가고 얼굴 체격 등이 모두 갓난 애 답지 않게 굵어 갔다.
그 겨울도 훌쩍 지나고 벌판에 뿌리는 봄비 한 소나기로서 천하에 봄이 이르렀다. 이때는 난 지 반 년 조금 남짓한 이 아이가 마치 체격으로는 두 돌을 지난 아이와 같았다. 그러나 체격은 장대하나 다른 방면으로는 더디기 짝이 없었다. 아직 뒤지도 못하였다. 평생 가야 우는 일은 없었지만 그렇다고 웃는 일도 없었다. 어린애답지 않은 침울한 얼굴로 눈을 꺼벅꺼벅 하고있을 뿐이었다.
그 어떤 봄날 아자개의 집안은 통틀어 나서 벌에 나갔다. 금년 농사를 준비 하기 위해서였다.
남편은 밭귀에 서서 하인배들을 지휘하고 그의 안해는 메켠 아래 앉아서 갓난 애를 어르고 있었다.
봄날 포근한 햇볕 아래서 갓난애를 젖을 먹이고 있을 동안 산모 특유의 피곤함으로서 견디지 못하도록 졸음이 왔다.
굽어보매 어린애는 먹던 젖을 놓고 고요히 잠이 들었다. 어머니는 이 것을 본 뒤에 조심스러이 애를 무릎에서 내려서 곱게 자라나는 잔디밭 위에 눕혔다. 그리고 자기도 그냥 앉은 채로 곤한 잠에 빠졌다.
곤한 잠에 빠진 동안 그는 꿈결같이 아기의 울음소리를 한 번 들었다. 듣고 본능적으로 손을 저어서 아기를 두드려 주면서 그냥 잠을 계속하였다.
한참 동안을 앉은잠을 잤다. 그러다가 무엇이 선뜻하는 바람에 깜짝 놀래어 깨었다. 깨어서 눈을 번떡 뜨다가 그는 기절하게 놀랐다.
“아! 아!”
날카롭고도 짧은 부르짖음이 그의 입에서 나왔다.
한 마리의 호랑이가 와 있는 것이었다. 와서 있을 뿐 아니라 엉거주춤하고 앉아서 아기에게 제 젖을 빨리고 있는 것이었다. 무심한 갓난애는 호랑이의 젖을 빨면서 싱글벙글하는 것이었다.
눈이 아득하였다. 온 천하가 캄캄하였다. 어찌할 바를 몰랐다.
“아아아아!”
좌우간 정신없이 기괴한 비명성을 내며 일어서려 하는 그때에 호랑이는 그 커다란 머리를 돌려서 한 번 아기어머니를 본 뒤 천천히 일어서서 인제는 자기의 임무를 다하였다는 듯이 꼬리를 끄을며 뒷수풀로 들어가 버렸다.
호랑이의 젖을 빼앗긴 아기가 눈을 크게 뜨고 다시 젖을 찾을 동안 한참은 아기 어머니는 너무도 가슴이 서늘하게 몸이 떨려서 어쩔 줄을 몰랐다.
그날 밤 아기어머니는 낮에 겪은 놀라운 사건을 제 시한아버니와 남편에게 말하였다. 그러매 그 두 사람은 한결같이 '말을 절대로 소문내지 말라’ 하고 기다랗게 한숨을 쉬었다.
그러나 이 소문은 드디어 동리에 퍼졌다. 시한아버니와 남편에게서 함 구령은 들었지만 제 아이를 자랑하고 싶은 아기어머니의 욕심으로 어떻게 한 번 발설한 것이 하도 기괴한 일이라 삽시간에 동리에 퍼졌다.
이 소문이 동리에 퍼진 것을 안 날 저녁 아자개와 그의 한아버니는 사랑에서 문을 굳이 닫고 무슨 중대한 의논을 하였다.
그 이튿날부터 아기어머니는 이 세상에서 종적이 사라져 버렸다.
간간 동리 늙은이들이 아기어머니가 어디 갔느냐고 물으면 언제든,
“친정 나들이 갔소이다."" 하고는 뒤를 흐려 버리고 하였다.
그러나 나들이 갔던 사람은 영 다시 돌아오지 않았다.


이 소년은 일곱 살 난 때에 스스로 자기의 이름을 고쳤다. 이 아무개라고 지금껏 아자개의 집안이 써 내려오던 성씨를 벗어 버리고 스스로 성을 견(甄) 이라 정하고 이름을 훤(萱)이라 하였다.
지금 그의 가문에 생존하여 있는 단 두 사람인 증조부와 아버지도 말리지 않았다.
“성명을 고치겠읍니다."" 고 말할 때에 순순히 승낙하였다. 그리고 고치려는 까닭을 물으매 소년은,
“평범한 성명을 쓰지 않겠읍니다."" 할 뿐이었다.
소년 견훤(甄萱)은 이 아늑한 가은현 일대의 한 경이적 존재였다.
어렸을 때에 호랑이가 젖을 먹였다는 소문도 전지전지하여 모두들 외었다.
여섯 살 때에 벌써 멧도야지를 주먹으로 때려 죽여서 부로(父老)들을 놀라게 하였다.
이 소년 견훤의 신변에는 기괴한 일이 연방 생겼다.
소년은 늘 혼자 돌아다녔다. 이런 시절의 소년들은 대개 동무를 사괴어 가지고 함께 노는 것이어늘 견훤은 동무를 사괴고자 아니하였다. 음침한 얼굴을 하고 늘 혼자 돌아다녔다. 그런데 때때로 봉황이며 두루미가 날아 내려와 서는 혹은 소년의 머리 위를 돌고 돌아다니고 혹은 소년의 어깨에 내려앉아서 길게 소리를 외치고 하였다. 그리고 이런 철없는 시절의 소년은 그 짐승들을 잡아서 장난할 것인데 견훤은 그러지 않았다. 그것들이 와서 노는 것을 관심도 하지 않았다. 다만 침울한 얼굴로 홀로 이 산골짜기 묏등성을 왔다 갔다하는 것이었다.
그는 아버지에게서 활과 살과 검을 받았다. 그러나 소년은 그것을 연습 하는 기색이 없었다.
하루는 아버지 되는 아자개가 소년이 혼자서 우두머니 바윗등성에 앉아 있는 것을 보고 가까이 가서 물었다.
“너 활을 연습하느냐?”
소년은 대답치 않았다. 웬만한 일에는 소년은 입을 열지 않았다. 소년은 대답 대신으로 거기 놓아두었던 활을 들었다. 들어서는 거기다 살을 먹였다. 살을 먹이고 하늘을 우러러볼 때에 요행히 하늘에는 한 쌍의 기러기가 날아가고 있었다.
소년은 기러기를 향하여 살을 놓았다. 다음 순간 한 마리의 기러기는 한번 하늘을 핑 돈 뒤에 펄럭펄럭 하며 땅으로 떨어졌다.
자기의 아들의 놀라운 궁술에 입을 딱 벌린 아버지에게 향하여 소년은 잠시 아무 표정도 없는 눈을 던지고 있다가 활을 휙하니 내버렸다.
아버지 아자개도 눈이 퀭하여 자기 아들을 굽어볼 뿐이었다.
웬만치 배워서도 달하기 힘든 궁술의 오체까지 견훤 소년은 달한 것 이었다.
궁술뿐 아니라 검술에도 언제 연습하였는지 놀랄 만한 역량을 가지고 있었다.
그러나 소년은 누구한테도 자랑하지 않았다. 소년의 입은 마치 봉쇄 당한듯이 웬만한 일에는 열려 보지를 않았다. 꾹 입을 다물고 음침한 얼굴로 한 없이 한없이 저편을 내다보는 소년의 양은 어떻게 보면 한 칠십이 넘는 늙은이 같았다.
이 음침한 소년 견훤은 스스로 고독을 취하며 고독한 가운데서 한없이 한없이 무슨 생각을 하며 아늑한 이 동네에서 고이 자라났다.
이 소년이 무엇을 꿈꾸는지 무엇을 생각하는지는 아는 사람이 없었다. 그의 아버지도 아들이 너무도 침울하므로 아들을 도리어 저퍼하였다. 소년이 무슨 일을 하든 아버지는 말하지 않았다. 자기의 할아버지와 얼굴을 서로 마주 보고는 만족히 웃고 할 뿐이었다. 이 소년의 하는 일거일동이 모두 아버지 아자개에게는 만족하게 보일 뿐이었다.
“황성은 내렸건만….”
혼자서 입 속으로 중얼거리고 하는 아버지였다.


여덟 살 나는 해에 견훤 소년은 살인을 하였다.
무슨 큰 원혐이 있어서 사람을 죽인 것이 아니었다. 동리 소년들은 견훤을 ' 지렁이’라 별명을 지었다. 견훤이라는 그의 이름이 얼른 발음 하자면 ' 지렁이’ 와 비슷하므로 지렁이라 별명을 지은 것이었다. 그러나 어느 소년이고 견훤을 면대하여 놀려 대지는 못하였다. 자기네끼리 놀면서 그런 소리를 하다가라도 견훤이 멀리서 보이기만 하면 모두가 겁을 내고 하였다.
그러면서도 그중에 입이 못된 소년들은 더 흉악스러운 말까지 지어내어서 서로 수근거리고는 웃어 대고 하였다.
― 옛날 어느 부자집에 외딸이 있었구나. 그 외딸이 나이가 바야흐로 방년이 되매 밤마다 웬 미소년이 이 처녀를 찾아다녔구나. 그러니깐 제 아무리 겉으로는 처녀지만 속살이 굴러먹은 이상에 아이를 왜 안 배겠느냐. 배가 차차 불러 오기 시작했구나.
― 그것도 두석 달은 감출 수도 있지만 만삭이 된 뒤에야 어찌 감추겠느냐. 그만 부모에게 들켜서 하릴없이 자초지종을 다 말했구나. 그러니까 부모는 그 미소년이 누구인지 알아보려구 제 딸에게 바늘에 기다란 실을 꿰어서 오늘 미소년이 다녀갈 때에 그의 옷자락에 걸어서 소년이 어딧 사람인지 알아보려구 했구나. 부모의 명령으로 이 난봉 처녀는 제 비밀서방이 밤에 다녀갈 때에 옷자락에 바늘을 꿰어 놓았구나. 이튿날 그 실바람을 쫓아가니까 북쪽 담밑에까지 그 실이 연달렸구 거기를 들치니까 지렁이가 한 마리 바늘에 허리가 꿰어서 죽어 있었구나 ―.
― 난봉 처녀는 만삭이 돼서 아들을 낳았는데 지렁이 아들 역시 지렁이, 지렁이 아들 지너니 견훤이 하하하하.
이런 소리를 하면서 웃어 대고 하였다.
그러다가 어떤 날 한창 이러고 떠들다가 그만 견훤에게 들켰다.
본시 웬만하여서는 입을 열지 않는 견훤은 이 말을 듣고도 음침한 얼굴로 소년들의 맞은편에 가서 딱 버티고 설 뿐이었다.
그러나 죄가 있는 소년들은 질겁을 하였다. 질겁을 하여 모두 도망치려 하였다.
견훤은 한 번 뛰었다. 도망치려던 첫 소년이 잡혔다. 잡힌 소년은 어떻게 된 셈인지 한 번 하늘 높이 공중걸이를 친 다음에는 기다랗게 땅에 자빠져 버렸다. 둘째 소년, 세째 소년, 모두 같은 운명 아래 기다랗게 넘어졌다.
소년 넷이 가지런히 나가 넘어졌다. 굽어보매 벌써 숨이 끊어진 모양 이었다.
잠시 죽은 소년들을 굽어보다가 견훤은,
“외람 된 자식들!”
한 마디 휙 내어던지고는 먼지를 한 번 툭툭 털고 거기서 발을 떼었다.
그 날 견훤이 동네 소년 넷을 둘러메치어 죽였다는 소문이 굉장히 났다. 그러나 아자개의 집에 그 일에 대하여 찾아오는 사람은 없었다. 그 죽은 소년들의 부모들도 입맛만 쩍쩍 다실 뿐 아자개의 집을 찾아가지를 못하였다. 아자개의 집안은 그 근방 일대에서 일종의 외포의 염을 받아오고 접근치 못 할 위엄을 가지고 있었더니만치 서로 저희끼리 수근거릴 뿐이었다.
그날 저녁도 꽤 늦어서야 견훤은 제 집에 돌아왔다. 아들을 기다리고 있던 아버지가,
“너 오늘 아이들 넷을 죽였느냐?"" 고 물을 때에 견훤은,
“외람 된 소리를 하기에 벌했읍니다."" 고 대답하였다.
“외람된 소리란 무슨 소리냐?”
“어머님을 욕합디다.”
“음 ―.”
아자개도 머리를 끄덕끄덕 하였다. 더 묻지 않았다.


견훤의 증조할아버지는 견훤이 열한 살 되는 해 이른봄에 저 세상으로 갔다.
임종의 자리에서 사랑하는 증손자를 앞에 불러 앉힌 이 노인은 말을 잘 듣지 않는 몸을 겨우 일으켜서 묵연히 손자의 앞에 한참 동안을 무릎을 꿇고 입 속으로 무엇이라 숭얼숭얼 하다가 앉은 채로 저 세상으로 갔다.
이제는 이 너른 우주에 아자개의 혈속이라고는 아자개와 그의 어린 아들밖에는 남은 자가 없었다.
사위는 이렇듯 끊임없이 변하여 가지만 견훤 소년의 기거 동작에는 추호도 변동이 없었다. 늘 음침한 얼굴로 그 근처의 산야를 편답하는 것이었다. 소년 다운 명랑한 빛과 활기가 없는 대신에 차차 날카로와 가는 눈을 푹 내려 뜨고 양손을 젓는 듯 마는 듯 하며 묵묵히 산과 벌을 돌아다니는 것이었다.
남국 정취를 풍부히 띤 이 근방에서 소년은 과연 무엇을 보고 무엇을 맡고 무엇을 듣는가, 아무도 그것을 아는 자가 없었다. 소년 자신도 몰랐다. 소년이 다른 아이 몇을 때려 죽인 뒤부터는 그 근처에서는 어떤 아이를 무론하고 견훤과는 일체로 교제를 하지 않았는지라 저절로 외톨이로 난 견훤 소년은 뜻없이 산야를 편답하면서 그의 호기를 기르는 것이었다. 아버지 아자개가 아들을 위하여 사 준 한 마리 준마에 높이 올라앉아서 묵묵히 산야를 돌아다니다가 때때로 눈을 들어서 사면을 휘살필 때에는 소년의 눈에서는 난란 한 빛이 흐르고 하였다. 무슨 까닭인지는 스스로도 몰랐지만 가슴이 꾹 메며, 
'천하가 왜 이다지도 좁다라냐?’ 하는 느낌이 무럭무럭 일어나고 하였다.
동네 아이들이 자기와 짝하여 주지 않는 것을 견훤은 탓하지 않았다. 변 변치도 않은 장난들을 하면서 마치 천하라도 얻은 듯이 기뻐 날뛰는 다른 아이들을 볼 때는 가련히 여기는 생각조차 일어나고 하였다.
이리하여 음침하고 고독을 즐겨하는 이 소년의 나이도 어느덧 열다섯 살이 되었다.
소년기에서 청년기에 들어서는 귀중한 시기였다. 그 어느날 소년은 예에의 지하여, 혼자서 말을 타고 이리저리 편답을 하고 있다가 알메 황성 단에 자기 아버지가 우두머니 앉아서 자기를 향하여 손짓을 하고 있는 것을 보고 고삐를 그리로 돌려서 황성단 앞으로 갔다.
따뜻한 봄날이었다. 풀밭에 돋아나는 잔디는 빛을 자랑하고 이름 모를 꽃들이 여기저기 봄을 찬미하는 온화한 봄날이었다.
“어디 갔었느냐?”
“여기저기 돌아다녔읍니다.”
“응 거기 와서 앉아라.”
소년을 앞에 불러 앉힌 아자개, 한참을 아무 말도 없이 앉아 있다가 갑자기 입을 열었다.
“야.”
“네?”
“너 여기가 어디인지 아느냐?”
“알메 황성단이올시다.”
“아니 이 근처 말이다.”
“상주 가은현이올시다.”
“어느 나라의 땅이냐 말이다?”
“신라 땅이올시다.”
아비의 눈이 번쩍 하였다. 번쩍 하였다가 다시 눈을 고요히 닫았다.
한참 침묵이 흘렀다. 그 침묵 위에 다시 연 아자개의 입.
“너 백제가 무엇인지 아느냐?”
“백제? 백제란 무엇이오니까?”
“오 모르리라. 가르쳐 주지 않았으니 알 까닭이 없으리라. 거기 앉아서 아비의 하는 말을 명심해 들어라. 백제라는 것은 나라의 이름. ― 여기는 백 제의 낡은 강토 ― 우리 집안은 백제의 유민 ― 그 그 그 ―.”
좀 주저 하다가,
“왕손이로다.”
한 뒤에 창황히 사면을 둘러보았다.


황성단 앞에 자기의 아들을 불러 앉히고 다스한 봄볕 아래서 아자개가 풀어 낸 아야기는 대략 이런 것이었다.


이 반도의 정기를 한몸에 지니고 멀리 북쪽에서 흘러내려오던 장백산이 한 군데 맺힌 곳 ― 거기는 지금부터 천 년 전에 부여(扶餘)라는 나라이 있었다.
그 부여라는 나라의 금와왕(金蛙王) 때에 왕이 신하들과 사냥을 나갔다가 웬 한 기이한 여인을 만났다.
여인은 그때 태중이었다. 여인의 말을 믿자면 그 여인은 하백(河伯)의 딸 로서 어느 날 자칭 천신(天神)의 아들이라는 사람과 사랑을 속삭였다. 이 때문에 잉태를 하고 잉태하기 때문에 자기 부모에게 쫓겨났다는 것이었다.
왕은 이 여인을 대궐로 데려다 두었다. 이윽고 여인이 만삭이 되어 한 아이를 낳았는데 사람됨이 장자(長者)답고 골격이 준수하였다.
이 아이가 고주몽(高朱蒙)이었다. 주몽은 자라면 자랄수록 사람됨이 훌륭하여 가고 장자다와 갔다. 장백산 논 벌판에서 말을 달리며 때때로는 산에 올라서 멀리서 남쪽으로 뻗은 무변 산야를 바라보면서는 그의 웅심(雄心)을 기르고 있었다.
드디어 이 눈치를 왕이 채었다. 그래서 주몽을 도모하려 하였다.
그 기미를 안 주몽은 즉시로 동부여나라를 탈출하였다.
“사내 어디를 가면 입국성지(立國成志) 못하랴. 구태여 남이 일찌기 얻은 작은 땅에서 남의 의심의 눈을 받지 말고 하늘이 내게 주신 땅으로 가자.”
이리하여 동부여를 탈출한 주몽은 신하 세 사람을 데리고 멀리 서쪽 비류 강까지 이르러서 거기 한 개의 나라를 세우고 스스로 임군이 되었다.
이리하여 고구려라는 나라가 창건되었다. 고구려 임군에게는 세 아들이 있었다.
맏아들 유리(琉璃)는 일찌기 주몽 임군이 동부여에 있을 때 낳은 아들 이었다.
둘째 아들 비류(沸流)와 세째아들 온조(溫祚)는 고구려국을 창건한 뒤에 낳은 왕자였다.
잠저(潜邸)시대에 낳은 맏아들과 왕이 된 뒤에 낳은 작은 아들 ― 만약 이 뒤 주몽 임군이 승하하면 맏아들이 왕통을 이을 것이냐 왕자가 왕통을 이을것이냐.
이 까다로운 문제에 직면하여 맏아들 유리는 동생에게 왕통을 사양하고 비류와 온조는 형에게 사양하고 서로 사양하다가 끝이 없으므로 비류와 온조는 의논하고 몰래 고구려국을 도망하였다. 이 고구려국은 이복형님인 유리에게 잇게 하고 자기네들은 이곳을 피해서 그 주인 없는 땅을 얻어 다시 새로운 나라를 창건하려는 커다란 우애와 야망으로써. 이리하여 고국을 탈출한 비류와 온조는 후에 제각기 한 나라씩을 세웠다가 비류는 자기 나라를 들어서 동생 온조에 내어맡겨서 온조 한 사람이 왕이 되었다. 북쪽에는 이복형 유리가 고구려의 임군이요 남쪽에는 온조가 새나라 백제의 왕, 그 의 아버지 주몽 ― 변하여 동명성제의 끼친 유업은 북쪽에 고구려, 남쪽에 백제, 이러한 두 개의 국가라는 열매가 맺어진 것이다.
어머니는 다르나마 한 아버지에게서 생겨 난 두 개 국가 ― 서로 화목 히 지내고 서로 돕고 서로 의지하고 고이고이 지냈다.
이리하여 두 나라이 창건된 지 수년 후에 반도의 동남쪽에 또 한개의 국가가 생겨 났다. 박혁거세라는 사람이 건국한 신라(新羅)였다.
반도에 세 개의 나라가 생겼다. 고구려와 백제는 골육지간이었다. 신라는 타인 이었다.
자연히 고구려와 백제는 친하였다. 신라는 늘 외톨이였다.
이리하여 칠팔백 년이라는 세월이 흘렀다.
칠팔백 년이라는 세월이 흘러가는 동안 외교상, 혹은 군사상 고구려와 백제의 새에도 때때로 분규가 없는 바는 아니었다. 자기네끼리의 분규는 있을지라도 만약 외국과 대항하는 경우에는 혈족으로서 단결하여 힘을 아울러 외국을 치는 것이었다. 더우기 북쪽 무사의 기질을 가지고 있는 고구려는 나라이 기름지고 백성이 용맹스러워서 외국이 감히 덤비어들지를 못하였다.
수나라 양제, 당나라 태종, 중원에 일어선 커다란 국가의 임군들이 동남쪽의 세 나라(고구려, 백제, 신라)를 삼켜 보고자 백만 대군을 일으켜 가지고 왔던 일도 한두 번이 아니었다. 그러나 왔다가 돌아갈 때는 십만대군은 겨우 수백 명으로 줄고 장수 꺾이고 자기네의 강토까지 도로혀 얼마씩 빼앗기고 하였다.
고구려는 이 반도의 북쪽에 웅거하여 남쪽의 두 나라를 보호하는 웃 동생의 구실을 하였다. 중원 군사들이 고구려를 치려다 실패만 하고 이번은 남쪽으로 백제를 치러 보내면 고구려는 역시 백제를 도와서 외국 군사가 이 땅에 발을 올려놓을 기회를 주지를 않았다.
이러한 귀중한 보호벽(保護壁)임에도 불구하고 신라는 고구려를 미워하였다. 신라가 백제를 치고자 하여도 고구려 때문에 움쩍할 수가 없었다. 고구려를 친다는 것은 염두에도 내지 못할 일이었다. 때때로 계교를 내어서 백제에게 향 하여,
“함께 고구려 정벌하자."" 고 하여도 보았지만 백제에서는,
“고구려가 망하는 날이면 백제와 신라도 그냥 붙어나지 못한다."" 하여 대척도 안했다.
신라 태종왕 때에 신라는 드디어 최후의 수단을 썼다. 당나라의 힘을 빌기로 한 것이었다.
“우리 신라는 당신네 당나라의 한 번방(藩邦)이 될 터이니 그 대신 고구려를 처벌하여 주십쇼."" 하고 나라를 들어서 당나라에 바친 것이었다.
그러나 당나라는 역시 고구려를 처벌하기를 꺼리었다. 그 새 수없이 맛본 쓴 경험 때문에 고구려 처벌은 과연 끔찍하였다. 그래서 신라를 타일러서 고구려 처벌의 생각을 잠시 보류하게 하도록 하였다.
“지금 백제 왕실이 바야흐로 어지럽고 더우기 백제는 너의 나라 대야성을 빼앗은 원수지간이니 백제부터 정벌하자.”
사리는 그럴듯하나 사실에 있어서는 고구려는 인젠 진저리가 난 것이었다.
이리하여 신라와 당나라의 연합군은 고구려를 피하여 수로(水路)로 백 제로 들어서서 고구려에서 손 쓸 겨를이 없이 백제를 때려부쉈다. 그리고 고구려의 구원병이 이르기 전에 당나라 군사는 백제 왕과 왕족을 잡아 가지고 황황 히 제 나라로 도망하여 돌아갔다.
백제는 이리하여 망하였다. 그러나 신라는 아직 불만족이었다. 고구려를 꼭 없이하고 싶었다.
당나라 역시 마찬가지였다. 신라를 번방이라 정하였으나 그 북쪽에 고구려가 웅거해 있는 동안은 신라를 마음대로 부릴 수가 없었다.
이 신라와 당나라의 의사가 서로 합하여 재차 이번은 고구려 정벌의 군사를 일으켰다.
인제는 백제라는 나라이 없어졌으므로 나당(羅唐)군이 연합하면 고구려를 남북에서 끼고 칠 수가 있었다. 더우기 그때는 불행히도 고구려에서는 천합 소문의 아들 형제 중에 분규가 있어서 국력이 얼마간 해이된 때였다.
나당 연합군은 이 기회에 고구려를 징벌하였다. 남북으로 적군을 맞은 위에 형제지간의 분쟁으로 국력이 쇠퇴하였던 고구려는 만추의 원을 품고 그만 망하였다.
신라는 세 나라를 통일하였다. 통일한 은혜를 갚기 위하여 당나라를 상국으로 섬기고 스스로 신국(臣國) 행세를 달게 받았다.
백제가 망하고 뒤따라 고구려가 망하여 이 반도에는 신라 한 나라이 겨우 남아서 나라를 다스리기 이백 년, 북쪽에서 보호하던 고구려가 이미 없고 서쪽에서 경쟁하던 백제 또한 없는지라 신라는 차차 쇠약하고 어지러워 갔다.
고구려를 삼키기는 삼켰지만 고구려의 구역(舊域)을 지킬 만한 실력이 없었다. 백제를 삼키기는 삼켰지만 백제의 구역까지 돌볼 힘이 없었다.
커다란 고구려의 구역은 지금은 한낱 군웅(群雄)의 난무장이 되고 백 제의 구역은 치자(治者) 없는 땅이 되었다.
그것뿐 아니라 신라 자체의 내치도 지금 극도로 어지러워서 스스로 자기의 나라를 다스릴 힘까지 없게 되었다.


이러한 이야기를 대략 자기 아들 견훤에게 들려준 아자개는 잠시 말을 멈추었다가 다시 천천히 입을 열었다.
“훤아.”
“?”
“우리 집안은 ― 명심해 들어라. 우리 집안은 백제 왕실의 후예다.”
“?”
훤은 눈을 치뜨고 제 아버지를 쳐다보았다. 음침하고 무거운 그의 얼굴에는 여전히 아무 표정도 나타나지 않았다.
표정은 없었다. 그러나 훤의 마음은 한순간 무슨 엄숙한 사실 앞에 직면 한 것같이 긴장되었다.
“이백 년 전 신라의 폭군(暴軍)에게 조국이 망한 때에 외로이 당나라로 붙들려 갇혀서 거기서 최후를 보신 선왕의 ― 우리는 유일의 혈손이다.
“….”
“알겠느냐? 조국을 위해서, 조상을 위해서 칼을 잡고 일어설 사람은 이 너 른 세상에 너와 나 밖에는 없다. 나는 이미 몸이 다 쇠약해서 어쩔 수 없지만 너는 여기 대해서 생각해 보아야 한다. 나라이 망한 지 이백 년, 그 새 대대로 벼르기만 하면서도 착수 못한 일을 지금 실행할 때가 왔지만 나는 이미 늙고 너 한 사람 밖에는 여기 나설 권리와 의무를 가진 사람이 없구나. 네 의견은 어떠냐?”
“….”
소년은 역시 대답이 없었다. 소년답지 않은 무서운 표정, 무서운 눈으로 한없이 멀리 바라보고 있을 뿐, 그의 입은 봉쇄당한 듯이 열리지를 않았다.
낮에서 저녁으로, 다시 황혼으로 날은 점점 기울어 갔다. 그러나 이 점잖은 부자는 아무 말도 없이 그냥 그 자세대로 앉아 있을 뿐이었다.
날이 꽤 어두운 뒤에야 소년 견훤이 비로소 입을 열었다.
“아버님.”
“왜냐?”
“황성(皇星)이 내렸읍니다. 어찌든 안 되리까. 저는 아무 생각도 나는 것이 없읍니다. 며칠을 잘 생각해서 말씀드리리다.”
“그래라.”
부자는 황성단에서 내렸다. 아비는 앞서고 아들은 말고삐를 모을고 뒤를 따르고 묵묵히 제 집까지 돌아왔다. 제 집 문밖까지 이르러선 아비는 아들을 돌아보고 손가락을 입에다 가져다 대어서 오늘 한 말을 절대로 누설 치말라는 뜻을 보였다.
이러한 일이 있은 뒤에는 이 부자는 여전히 다시 이전과 같은 생활을 계속 하였다.
평범하고 단조로운 농가의 생활 ― 이러한 가운데서 음침한 얼굴의 아비와 응 큼한 얼굴의 아들은 서로 아무 이야기도 하는 것이 없이 전과 같은 생활을 계속하고 있었다.
다시 계속되는 평범하고 단조로운 생활의 여름도 가고 가을도 무르익은 어떤 밤이었다.
곤한 잠에 깊이 빠져 있던 아자개는 누가 자기의 몸을 흔드는 바람에 몽롱한 잠에서 깨었다.
“응? 응?”
“아버님.”
깨우는 것은 그의 아들 견훤이었다.
“응, 왜 그러느냐?”
“아버님 좀 여쭐 말씀이 있어서….”
“응 그래 ―.”
아자개는 그냥 졸음에 취한 눈을 부비며 아들을 보았다.
?―
길 떠나려는 차림이었다.
아자개는 펄떡 정신이 쇄락하여졌다.
“어디 가려느냐?”
“네, 하직을 고하러 왔읍니다.”
“쉬 ―.”
아자개는 몸을 일으켰다. 황황히 옷을 주워 입고 아들의 손목을 덜레덜레 끄을고 방 밖으로 나왔다.
밖으로 나온 부자는 사립문 밖으로 나섰다. 가을달 교교히 비치는 아래를 아비와 아들은 빠른 걸음으로 뒷산으로 들어갔다.
인적이 끊치고 때때로는 풀 맹수도 다니는 으슥한 수풀에 깊이 들어가서야 아비는 아들의 손을 놓고 앉았다.
“말해라.”
“네….”
“어디로 가려느냐?”
“정처가 없읍니다.”
“무얼 하러 가려느냐?”
“아버님! 아버님이라 마지막 부릅니다.”
“마지막! 옳다. 마지막으로 나도 믿고 너도 그렇게 알아라. 이 뒤에 다시 올 생각을 말아라. 와도 만나지도 않는다. 만약 이 뒤에 너와 나와 만날 날이 있다 하면 그때는 너는 용상에 앉고 나는 그 앞에 꿇어 엎디어 ' 전하’라고 우러르게 되어야 할 줄 알아라.”
“네. 저도 아버님께 '경’이라 부르기 전에는 결코 안 돌아오겠 읍니다.”
“왕을 꿈꾸지 말아라. 백제 황손이 오를 자리는 황위(皇位)느니라. 네가 왕이 될지라도 나는 너를 보지 않는다.”
“황성이 내린 날 이 세상에 나온 저올시다. 구구히 왕이나 되려고 떠날 소인이 아니올시다.”
“응, 가거라. 타사암(墮死岩)의 원수를 갚아라.”
“십 배 하여 갚겠읍니다. 우리 조상님을 당나라로 보낸 품갚음으로는 신라 여왕(女王)을 궁녀로 삼겠읍니다. 타사암의 많은 주검의 품 갚 음으로는 신라 궁실의 비빈(妃嬪)들을 폭민으로 강간케 하겠읍니다. 나날이 열리는 포석정 질탕치는 잔치를 엿보아서 잔치를 수라장으로 만들고 부여성 원 수 를십 배 백 배 하여 갚겠읍니다.”
“네 사람됨을 믿고 네 힘을 믿으니 다시 무슨 말이 있으랴만 한 가지 당부는 네 몸을 조심해라 하는 것이다. 네 몸에 실수가 있으면 대(代)가 끊 친다. 조국을 위해서 일어설 사람이 없어진다.”
“그 점도 생각했읍니다. 먼저 좋은 짝을 구해서 자식을 본 뒤에 일에 착수 하려 합니다.”
“구애되지 않겠느냐?”
소년은 아비를 보았다. 그게 무슨 지각 없는 말씀이오니까 하는 눈치였다.
그 밤 소년은 행방을 감추었다.
밝는 날 아자개는 아들을 잃었다고 하인들이며 품삯 주어 사람을 사기까지 하여 그 근처 일대를 수색하였다. 그러나 소년의 행방은 영 없어지고 말았다.
이틀 사흘 열흘 보름 연하여 찾아 보고 알아보고 하였지만 일단 자취를 감춘 소년은 다시 나타나지 않았다.
호랑이에게 물려갔나 보다. 이것이 마지막 결론이었다. 그리고 이로써 동리 사람들이 조상을 하면 아자개는 입맛이 쓴 듯이 입을 쩍쩍 다시는 뿐이었다.


사람의 세상의 보통 아이들이면 아직 응석이나 부릴 나이에 제 홀 아버지의 슬하를 떠나서 정처없는 길을 떠난 견훤은 여전한 음울하고 음산한 얼굴로 사랑하는 백마에 높이 올라서 눈을 푹 내려뜨고 가을날 시골길을 더듬어가고 있었다.
목적한 곳은 어디?
그도 몰랐다. 그의 탄 말도 몰랐다. 그저 길이 난 데로 무정처하고 걸어가는 것이었다. 말이 가는 대로 내버려두는 것이었다. 몽롱히 정한 방향은 서북쪽 이었다.
이리하여 밤에는 들에서 자고 낮에는 길을 계속하며 주리면 빌어먹고 먹을것이 없으면 굶고 ― 이렇게 닷새 동안을 갔다.
닷새 후에 그의 발이 이르른 곳은 이백 년 전에 망한 백제 구도(舊都) 부여였다. 말이 저 혼자서 여기까지 왔는지 혹은 견훤 자기가 말고삐를 이 리로 끌었는지조차 알지 못하였다.
“여기가 어디오니까?”
지나가는 행인에게 이렇게 물어 보아서 지금 이곳이 부여의 교외인 것을 안 때에 견훤의 음산한 얼굴은 한순간 길끗한 뿐이었다. 그러고는 또다시 말을 재촉하여 성 안으로 들어갔다.
이백 년 전에 나당 연합군에게 망한 바 되고 그 뒤 이백 년간을 주인 없이 지낸 이 성은 한 개 황폐한 도시에 지나지 못하였다.
견훤은 하루 종일을 일없이 성내를 빙빙 돌았다. 머리를 들지도 않고 무엇을 살피지도 않고 다만 눈 아래서 벌떡거리는 말의 두 귀만 굽어보면서 왔던 길을 다시 가고 갔던 길을 다시 오고 같은 길을 반복할 뿐이었다.
이렇게 수없이 왕래하며 무엇을 하는지 무엇을 보는지 알 수 없는 음산한 얼굴의 소년에게 부여 시민들은 의아한 눈을 던지지 않을 수가 없었다.
갔다가는 다시 오고 왔다가는 다시 가고 무엇을 하는지 무슨 생각을 하는지 아무도 알 수가 없었다.
“아나 이애.”
어떤 노인이 이 소년을 불러 보았다. 그때 소년은 여전한 음산한 얼굴 로이 앞을 지나가다가 부르는 소리에 약간 눈을 들었다.
불러 본 노인은 이 소년의 너무도 음산한 눈찌에 그만 몸서리쳤다. 그리고 물어 보려는 말은 물어 보지도 못하고 어름어름 돌아서고 말았다.
노인이 부르는 바람에 말을 멈추고 섰던 소년은 노인이 말없이 돌아서는것도 탓하지 않고 잠시 노인의 뒷등을 역시 음산한 눈으로 바라보다가 말고삐를 채어서 길을 떠났다.
이 소년의 그림자는 이튿날은 타사암 위에 나타났다. 이백 년 전 백제 망하는 날 많은 비빈 궁녀들이 물에 몸을 던져서 죽은 그 자리에 올라가서 하루 종일을 우두커니 앉아 있었다.
지금 이 아래를 흐르는 푸르른 물 ― 물은 흐르고 흘러서 이백 년간 옛날의 그 물은 지금 어느 바다로 갔는지 알 수도 없는 바이다. 물과 함께 흐르 는 세월도 어느덧 이백 년 ― 그 날에 원한을 품고 죽은 수많은 생명들의 가련한 넋은 어디서 헤매나.
어제도 본 바 부여성 안의 백성들은 태평건곤에 잠겨서 지나간 날의 원한을 기억하는 사람도 없는 모양이다. 견훤은 자기의 품을 뒤적여서 깊이 감추어 두었던 한 개의 칼을 꺼내었다.
쭉 뽑아 보매 가을 햇볕 아래서 푸르른 날은 날카로운 광휘를 발한다.
이백여 년 전 명공(名工)의 손으로 만든 이 명도 ― 장차 어느날 이 칼 이 신라 왕의 가슴에 박힐 것이냐.
얼굴을 숙여서 칼날을 들여다보는 견훤의 얼굴은 어떻게 보면 칠팔십에 난 노인으로 볼 수가 있도록 음침하였다.




奇緣[기연]


덧없는 세월은 온갖 인간 사회의 복잡한 위로 여전히 고요히 흘렀다. 그것은 마치 강바닥에는 수없는 물건이 잠겨 있지만 그 위로 여전히 물은 고요히 아래로 아래로 흐름과도 같이….
이리하여 삼 년이라는 날짜가 고요히 흘렀다. 그동안 견훤은 어디로 사라졌는가. 백마에 올라앉은 한 음울한 소년이 백제 구도 부여를 다녀간 지도어 언 한 삼 년, 그 소년이 다녀갈 때는 기이한 그 꼴에 눈을 크게 하였던 사람도 있었지만 그 기억도 인젠 사라진 삼 년 뒤였다.
아늑하고 유수한 지리산 산속에도 봄볕이 내려비치고 개나리 진달래가 제 꽃을 자랑하는 한가스러운 봄날, 이 인적이 끊어진 산골에 난데없는 말발굽 소리가 들려왔다.
뚜거덕뚜거덕, 산에는 바위요 바위 틈에는 나무와 잡초가 우거진 이 산 새를 말을 타고 다니는 사람은 정체가 무엇일까. 말도 쉽지 않은 명마가 아니면 이런 곳을 다닐 수가 없을 것이요. 기수 또한 명기수가 아니면 이런 바 윗길에 말을 몰 수가 없을 것이다.
번쩍! 바위와 나무 틈으로 말의 그림자가 비치었다.
백마(白馬)였다. 눈결같이 흰 말이 나무 틈으로 걸핏 보이고는 사라졌다.
그 나무 수풀을 휘돌아서 나타난 말과 말 위의 사람, 얼른 보면 그 체격 이 장대하고 무르익은 얼굴이며 말타는 솜씨 등으로 삼사십에 난 청년인 듯 싶었다. 그러나 자세히 얼굴을 검분하면 아직 겨우 젖비린내나 면한 십 오륙 세의 소년이었다.
마상객은 수풀에 벗어나서 좀 광명한 곳에 나와서는 무거운 머리를 들어서 사면을 둘러보았다. 둘러보아야 산첩첩 임중중의 심산, 앞도 뒤도 산에 둘리고 수풀에 둘린 심산, 볼 만한 데가 없었다.
마상객은 잠시 무거운 눈으로 사면을 살펴보다가 다시 말고삐를 낚으려 하였다.
그때였다. 어디서 무슨 기괴한 소리가 들렸다.
“?”
우 ― ㅇ 으 ― ㅇ, 나뭇가지를 부는 바람의 소리일까?
먹을 것을 찾는 맹수의 소리일까?
귀를 기울였다. 그러나 어디서 들려오는지, 무슨 소리인지 알 수가 없었다.
잠시 귀를 기울이고 듣다가 마상객은 손을 들어서 말갈기를 한 번 쓸면서 몸을 날렸다. 보기에 장대하고 육중하던 그 육체가 마치 티끌과 같이 가볍게 말등에서 땅으로 내려섰다. 말에서 내린 그는 다시 한번 손으로 말의 콧등을 두드려서 그곳에 서 있으라는 뜻을 나타낸 뒤에 수상한 소리가 나는 방향을 더듬어서 갔다.
그곳을 찾기에 적지 않게 애를 썼다. 동쪽에서 들리는 듯하다가도 동쪽 바위를 넘어서면 소리는 북쪽에서 나고 북쪽으로 가면 그 소리는 남쪽에서 나고, 이리하여 여우에게 홀린 듯이 동서남북으로 헤매던 그는 한참 뒤에 산줄기를 얼마 내려가서야 겨우 그 기괴한 소리가 나는 곳을 찾아내었다.
한 개의 인물이 바위 틈 샘물 가에 엎드려서 신음하고 있는 것이었다. 사지를 비꼬고 들먹거리고 앞뒤로 공중걸이를 하며 신음하고 있는 품이 몸 이 몹시 아픈 모양이었다.
그는 그 사람에게로 가까이 갔다. 허리를 굽혔다. 팔을 펴서 그 사람의 어깨를 잡았다.
“여보시우.”
신음하던 사람은 이 무인지경에 뜻안한 사람이 자기를 흔들므로 깜짝 놀라서 신음을 멈추고 쳐다보았다.
애꾸눈이었다. 역시 한 개 소년이었다. 애꾸눈이 소년이 외딴 산골에서 신병을 얻어 만나서 신음하고 있던 것이었다.
“여보시우.”
“아이구, 아이구 배야.”
“왜 그러시우?”
“아이구.”
다시 곤두박질을 하며 신음하는 애꾸눈이 소년.
연하여 아프다고 공중걸이를 하는 애꾸눈이와 그것을 무표정한 얼굴로 굽어 보고 있는 행객.
한참 굽어보고 있던 행객은 다시 한번 애꾸눈이의 어깨를 흔들었다.
“여보시우.”
그러나 몹시 아픈 애꾸눈이는 거의 응하지 못하고 그냥 신음만 하고 있다.
행객은 드디어 역정을 내었다. 그의 커다란 얼굴이 찌푸려졌다. 눈썹이 푸들푸들 떨렸다.
“에익 ― 사내자식이!”
휙 몸을 돌이키려 하였다. 이 욕설이 신음하던 애꾸눈의 귀에 들어간 모양 이었다. 신음성이 뚝 끊어졌다. 신음이 끊어지면서 지금껏 가슴에 묻고 있던 머리도 들렸다. 번쩍 크게 뜬 눈으로 행객을 쳐다보았다.
행객은 몸서리쳤다. 한편 눈은 굳게 감기고 나머지 눈으로 행객을 쳐다보는 애꾸눈이의 눈은 지독히도 무서웠다.
굽어보는 행객과 쳐다보는 애꾸 ― 두 눈은 잠시를 서로 마주 보고 있었다.
애꾸의 눈은 연하여 찡그러졌다. 몸이 매우 아픈 모양이었다. 행객은 그냥 음침하고 무표정한 얼굴로 굽어보고 있었다.
드디어 행객이 먼저 입을 열었다.
“여보시우.”
“왜?”
반말이었다. 그러나 행객은 탓하지 않고 뒷말을 계속하였다.
“어디가 편찮으시우?”
“아랑곳할 것 있나?”
“자식두. 사내자식이 그렇듯 속이 좁담? 한 번 욕설이 그렇게 뼈에 사무치느냐?”
한 뒤에는 몸을 온전히 휙 돌리고서,
“눈 깔의 독기(毒氣)가 아깝다."" 하고는 다시 말도 없이 더벅더벅 갔다.
애꾸를 산골짜기에 그냥 버려 두고 그곳을 떠난 행객은 자기의 백마를 멈추어 두었던 곳을 더듬어 돌아왔다. 거기서 한 번 귀찮은 듯이 침을 탁 땅에 뱉은 그는 몸을 날려서 말 위에 올라탔다.
― 흥얼흥얼.
무엇인지 알 수 없는 기괴한 콧노래 ― 그의 음침한 표정에는 조화되지 않은 노래가 그의 코에서 새어나왔다.
“이랴! 네 발굽이 향하는 대로 가자.”
한 번 말의 배를 찰 때에 자기 주인의 심리를 잘 아는 말은 그의 기다란 얼굴을 들어서 사면을 살핀 뒤에 한 번 소리쳐 울고는 그 자리를 떠났다.
그날 밤 밤이 깊어서야 기마의 행객은 어떤 자그마한 암자에 찾아들었다. 심심산중에서 한 개 암자를 발견하면 그야말로 무척이도 기쁠 터인데 그 의 얼굴에는 그다지 기쁜 듯한 표정도 없었다. 그냥 말께서 내리지도 아니하고,
“여 보시 우, 여보시우.”
두어 마디 불러 보았다. 그는 '여보시우’라는 말 밖에는 사람을 부르는 다른 말은 모르는 모양이었다.
귀를 기울였다. 그러나 응답이 없었다.
“여보시우.”
또 불러 보았다. 그래도 그냥 대답이 없었다. 그러나 방 안에는 분명히 사람이 있는 모양이었다. 불빛이 어른거렸다.
“여보시우.”
다시 한번 역정내는 소리로 고함질러 본 행객은 그래도 응답이 없으므로 그냥 말에서 뛰쳐내렸다. 그러고는 눈썹을 한 번 푸들푸들 떤 뒤에 성큼성큼 걸어가서 문고리를 잡아 낚았다.
문은 잠그지도 않았다. 잡아 낚는 바람에 확하니 열렸다.
“여보!”
보매 불 앞에는 한 늙은 중이 단연히 꿇어앉아서 일심불란히 독경을 하고있었다.
“여보시우.”
또 한번 불러 보았다. 그러나 노승은 그냥 합장을 하고 명목을 하고 누가 왔는지 가는지 알지도 못하는 모양이었다.
행객은 두어 번 더 불러 보았다. 기침도 몇 번 하여보았다. 발로 땅을 굴러 보기도 하였다. 그래도 그냥 도승은 알지 못하고 있으므로 마지막에는 행객도 싫증이 난 모양이었다. 거기다가 신을 벗어 버리고 방 안으로 들어갔다.
방 안에 들어간 그는 마치 자기의 집인 듯이 여기저기 뒤적이어서 노승 이지어 놓은 밥을 얻어내어 훌훌 단숨에 다 먹어 버렸다. 다 먹기는 먹었으나 그래도 양에 차지 않는 듯이 두세 번 더 여기저기 찾아 보고 인제는 먹을것이 더 없음을 분명히 안 뒤에 이번은 노승의 이부자리인 듯한 그 집의 단한 벌의 이부자리를 내리어서 노승이 경을 외고 있는 꼭 등 뒤 ― 말 하자면 방 복판 가운데 쫙 펴 놓았다.
“좀 곤한걸….”
마치 이 방은 자기의 방인 듯이 이 방에는 다른 사람은 없는 듯이 웃옷에서 속옷까지 모두 벗어 던지고 이불 속으로 들어가 버렸다.
이불 속으로 들어간 다음 순간은 천지가 진동할 듯이 코를 구르며 잠에 빠졌다. 그럴 동안도 노승은 자기의 등뒤에서 실행되고 있는 방약무인한 침입자의 행동을 알지 못하는 듯이 합장 명목하고 경만 그냥 외고 있었다.
심산(深山)의 밤 ― 고스란히 깊어 가는 밤, 그 밤이 꽤 깊도록 코를 구르는 행객과 경을 외는 노승은 그냥 그대로 있었다.
밤이 얼마나 들었는지 닭도 없는 산골이라 짐작가지도 않지만 삼경도 훨씬 지나서 길지 못한 봄날이 산너머에서 아마 약간 밝아졌을 때쯤 해서야 노승은 자기의 할 일을 다 한 모양이었다.
눈을 고요히 떴다. 합장하였던 손을 내리었다. 그런 뒤에 천천히 돌아 앉았다. 돌아앉아서 천지가 진동할 듯이 코를 구르며 자고 있는 염치없는 행객의 잠든 얼굴을 비로소 굽어보았다. 한참을 묵묵히 굽어볼 동안 노승의 표정은 차차 움직였다. 처음에는 무표정한 얼굴로 굽어보았다. 거기 잠시 호기심의 표정이 움직였다. 그 뒤를 이어서 곧 호기심에서 경이의 표정으로 변하였다. 경이에서 경동의 표정으로 변하였다.
놀란 표정으로 잠시 행객의 얼굴을 굽어보던 노승은 고요히 손을 들어 서행 객의 이마에 덮인 머리털을 젖혀 놓고 이편으로 돌아가서 행객의 얼굴을 정면으로 굽어보았다. 굽어보기 한참 뒤에 다시 손을 더듬어서 행객의 머리를 만져 보고 손금을 가만히 펴보고 한참을 이리한 뒤에는 다시 무표정 한 얼굴로 돌아가서 목침을 갖다 놓고 몸을 눕히려 하였다.
노승이 바야흐로 몸을 뉘려 할 때에 암자 밖에서는 또 무슨 자취 소리가 났다. 몸을 눕히려는 노승이 다시 머리를 들고 귀를 기울일 때에 바깥의 소리는 차차 암자 문까지 이르러서 문고리를 잡아당긴다.
“여보세요.”
사람의 소리였다.
노승은 누우려던 몸을 다시 일으켜서 가만가만 문으로 갔다. 그때에 암 자문이 밖에서 열렸다. 그 틈으로는 애꾸눈이 소년의 기진맥진한 얼굴이 나타났다.
“여보세요. 길 가던 사람이 산중에서 병을 얻어 만났읍니다. 좀 쉬게 해주십 쇼.”
“어서 들어오시오.”
이리하여 애꾸눈이 소년도 그 암자 안으로 들어갔다.


남의 암자에서 마치 제 집이듯이 네 활개를 펴고 잔 행객이 이튿날 잠에서 깬 것은 이 산골에도 벌써 아침 해가 꽤 높이 오른 때였다.
“으 ― ㅁ 으 ― ㅁ.”
기지개를 서너 번 하여서 몸의 원기를 세우면서 그의 커다란 눈을 번쩍 뜬 행객은 그냥 일어나서 부슬부슬 옷을 다 주워입었다. 입은 뒤에 비로소 살폈다.
암자에는 노승이 한편 모퉁이에 꿇어앉아 있었다. 그 앞에는 웬 다른 사람이 하나 누워 있었다.
행객은 천천히 일어났다. 일어나서는 노승의 곁으로 가서 거기 누운 사람을 굽어보았다.
거기 누워서 노승의 간호로 이젠 안정이 된 애꾸눈이를 굽어볼 동안 행객의 얼굴에는 무엇이라 형용할 수가 없는 기괴한 표정이 흘러 지나갔다. 그것도 한순간뿐이고 그 순간 뒤에는 벌써 흥미를 잃은 듯이 다시 돌아서서 무엇을 찾는 듯이 휘살폈다.
“여보시우.”
또 여보시우다. 남을 찾는데 이 말 밖에는 할 줄을 모르는 모양이었다.
노승이 이 부르는 소리에 머리를 돌렸다. 어젯밤 그만치 불러도 모르는 체 하던 이 노승이… ""여 보시 우.”
“왜 그러시우?”
“조반 어디 있소?”
“조반?”
노승의 얼굴에는 고소(苦笑)의 그림자가 스치고 지나갔다.
“인제 지어야겠소.”
“아직 안 지었소?”
“못 지었소.”
“식은밥은?”
“당신이 어제 저녁 내 밥까지 다 먹지 않았소? 나는 굶고 지냈소.”
“그럼 어서 나가 지어야겠구료.”
“지어야지요.”
“어서 나가 지으시우.”
“….”
노승은 번번히 행객의 얼굴을 쳐다보았다. 한참을 보다가,
“어젯밤 당신이 잠든 뒤에 병인이 하나 찾아와서 지금 겨우 좀 안돈은 됐지만 좀더 배를 쓸어 주어야겠소."" 하면서 앞에 누워 있는 애꾸를 굽어보았다.
“그 애꾸 말이오?”
“그러오.”
“사람 되다가 만 것은 내버려두고 밥이나 어서 지으우.”
“그래도 그렇질 못하니 당신 좀 나가서 지으시우.”
“그럽시다.”
두 말이 없었다. 선선히 일어나서 밖으로 나갔다.
밖으로 나간 행객이 머리를 들어서 사면을 살필 때에 그에게로 달려온 것은 어젯밤 그냥 버려두고 들어갔던 그의 백마였다.
달려온 백마의 콧등을 행객은 무표정한 얼굴로 두어 번 두드렸다. 그런 뒤에는 말을 끌고 뒤로 돌아갔다.
행객에게 밥을 지으라고 당부를 한 뒤에 그냥 애꾸눈이의 배를 쓸어주고있던 노승은 하도 오랫동안 행객이 들어오지 않을 뿐더러 밥짓는 소리는 나지 않으므로 애꾸가 잠든 것을 본 뒤에 가만가만 나와 보았다.
노승은 입을 딱 벌렸다. 노승이 준비하여 두었던 마른 산채(山菜) 들이며 쌀이며 를 뜰에 쏟아놓고 자기의 백마에게 그것을 먹이며 행객은 무표정 한 얼굴로 꺼벅꺼벅 서 있는 것이었다.
“여보시우.”
행객의 말본을 이번은 노승이 배워서 불렀다. 이 부르는 소리에 행객은 천천히 머리를 노승에게 돌렸다. 그러나 여전히 무표정한 얼굴이었다. 노승의 준비 해 두었던 음식을 자기의 말에게 준 일에 대하여 열적어하는 기색도 없이 왜 불렀느냐는 듯이 돌아본다.
“조반 지으셨수?”
“말 조반을 먹이고 짓지요.”
“내 지을께 들어가시오.”
“그럼 시장하니 어서 지어 주시오.”
그러고는 다시 한번 말의 콧등을 두드리고는 안으로 들어가 버린다.
행객은 노승에게 조반 짓기를 당부하고 자기는 암자 안으로 들어왔다. 들어와 보매 애꾸는 고스란히 잠이 들어 있는 것이었다.
행객은 애꾸의 머리맡에 가 앉았다. 애꾸의 얼굴을 굽어보았다.
한참을 굽어 보다가,
“아까운 녀석, 크게는 못 될 녀석이로구."" 하고는 그냥 물러앉으려 하였다.
그 서슬에 애꾸가 잠에서 깨었다. 깨면서 눈을 들어서 행객을 우러러 보았다.
처음에는 무심히 우러러보았다. 무심히 보다가 행객올 알아볼 때는 얼굴에 증오의 표정이 분명히 나타나며 휙 돌아누워 버렸다.
“좀 나으시우?”
행객은 애꾸에게 물어 보았다. 그러나 애꾸는 대답도 안하였다.
“좀 어떠시우?”
“아랑곳 말어.”
이 악의로 찬 애꾸의 말에 행객은 웃어 버렸다.
“병신 고운 데 없다고 참 괴벽한 녀석이로구. 이 녀석아 샅에 차고 있는것이 아깝다. 즉시 떼 버리고 여복을 입고 침선이나 하거라. 좀된 녀석 같으니.”
그러고는 자기도 물러앉고 말았다.
노승이 조반을 지어 가지고 들어온 때도 애꾸눈이 몸이 아프다고 그냥 누워 있었다. 그러나 분명히 시장하였던 모양으로 노승에게 누룽지를 청 하여 먹고 그 먹는 꼴이 시장한 듯하므로 노승이 짐작하고 밥을 또 주매 '못 먹는다, 못 먹는다’ 하면서 한 그릇을 다 먹었다.
조반 후 조금 지나서 애꾸는 이제는 다 나았노라고 다시 길을 떠났다.
행객도 당연히 길을 떠날 것이로되 애꾸가 떠나는 바람에 자기는 그냥 안 떠나고 있다가 애꾸가 떠난 지 반 각경쯤 지나서 노승에게 하직을 하고 떠났다.
노승에게 이름도 물어 보지 않았다. 자기의 이름을 말하지도 않았다. 단지,
“이 다음 다시 만날 때가 있으면 서로 신분을 말합시다."" 한 뒤에는 말께 올라서 채찍을 쳤다.
노승은 이 소년 행객이 떠나는 것을 암자 앞에 서서 한참을 바라보았다.
길을 가려면 당연히 산을 내려갈 것이어늘 소년 행객은 산비탈길을 기어올라 간다.
명마에 명기수 ― 사람의 발로도 기어오르기 힘든 비탈길을 한 번 까딱 안하고 올라가는 모양을 노승은 망연히 바라보고 있었다.
소년 행객은 얼마만치 올라가서는 말을 멈추고 돌아서서 이마에 손을 대 고산 골짜기를 두루두루 굽어 살피고 있다.
무엇을 찾는 모양이었다. 아까 먼저 떠난 애꾸를 찾는지도 모를 것이다.
한참을 굽어 두루두루 살피던 행객은 다시 말을 돌려서 올라갔던 길을 다시 내려온다. 말에 오른 채로는 산을 오르기보다 내리기는 더욱 힘든 일로서 희대의 명마가 아니면 도저히 못하는 노릇이다. 소년 행객이 탄 백 마는이 어려운 일을 어렵지 않게 하였다.
산을 내려가서는 골짜기 틈으로 그림자를 감추어 버렸다.
노승이 호기심으로서 암자 뒤의 등성이에 올라가서 골짜기를 찬찬히 살펴보매 어떤 골짜기 바위 위에 소년 행객과 소년 애꾸가 마주 앉아서 무엇을 다투는 듯한 양이 조그맣게 보였다. 소년 행객의 백마는 그 곁에서 무심히 풀만 뜯어먹고 있다.
노승은 미소하였다.
“기특한 소년이여, 장래 크게 됩시사.”
봄볕이 따스로이 내려비치는 아래서 골짜기를 굽어보고 있는 노승의 눈가에는 한 줄기의 눈물까지 어리어 흘렀다.
산새가 기이한 소리로 길게 울면서 이 골짜기를 건너간다.
암자를 나서서 산등성에 올라 한참 굽어살핀 뒤에 말을 채찍질하여 아래로 내려간 소년 행객이 찾아간 것은 무론 애꾸 소년이었다.
“여보시우.”
뒤에서 들리는 말발굽 소리에 돌아보는 애꾸에게 향하여 마상의 행객은 또여 보시우를 불렀다.
애꾸는 모른 체하였다. 모른 체하고 그냥 가려 하였다. 그때 행객은 말에서 몸을 날려서 내려 애꾸에게로 갔다.
“여보시우.”
어깨를 잡았다.
그러나 애꾸는 홱 한 번 어깨를 흔든 뒤에 그냥 길을 가려 하였다.
“여보시우, 애꾸.”
“뭐얼?”
힐끈 돌아보았다.
한 눈은 굳게 감겼지만 나머지의 한 눈으로 흘기는 그 양은 몸서리칠 만 하였다.
“무에라? 별 후레자식 다 보겠네.”
흘기는 눈 ―. 딱 마주 서서 그 눈을 바라볼 동안 소년 행객의 얼굴에는 점점 탄상의 그림자가 나타났다.
“여보게 애꾸.”
이번은 여보게다.
그 순간 애꾸가 발을 굴렀다.
“옛다 받아라.”
애꾸의 몸뚱이가 마치 공과 같이 되어 홱 튀어나서 소년 행객에게로 날아왔다.
그러나 소년 행객의 몸이 애꾸보다 더 빨랐다. 날아온 애꾸는 소년 행객의 품안에 붙안겼다. 품안에서 빠져나려고 버둥거리는 애꾸를 행객은 꽤 높이 쳐 들었다.
“이 자식아 눈깔의 정기는 천하를 삼킬 만하다마는 왜 그다지도 속이 작단 말이냐?”
“놓아라 이 자식아.”
“놓구말구.”
행객은 애꾸를 가만히 땅 위에 내려놓았다. 내려놓이는 순간 애꾸는 또 다시 행객에게 덤벼들었다. 그러나 이번도 역시 행객에게 잡힌 바 되어 높이 쳐 들린 데 지나지 못하였다.
“놓아라.”
“놓구말구.”
행객은 다시 애꾸를 내려놓았다.
“제갈양이 칠종칠금을 했다더니 인젠 그만두어라.”
두 번 덤비어들었다가 두 번 쳐들리었던 애꾸는 인제는 다시 덤벼들 용기를 잃은 모양이었다.
“야 애꾸야.”
“….”
대답이 없다.
“애꾸라는 말이 듣기 싫으냐? 그러니 네 이름을 모르니 할 수 있느냐? 음, 먼저 내 이름부터 말하마. 나는 상주 사람 견훤이로다. 네 이름은 뭐냐?”
애꾸는 힐끗 눈을 들어서 행객 ― 견훤을 쳐다보았다.
“지너니? 자식 이름도 더럽긴 하구.”
혼잣말같이….
“더러워도 할 수 있느냐? 네 이름은 뭐냐?”
“이름을 듣고 놀라지 마라. 나는 금지옥엽 ― 너 같은 자식과는 마주 서지를 않을 신분이다.”
“?”
견훤의 눈이 찡긋하였다. 좀체 놀라는 일이 없고 놀랄지라도 그 안색이 변하는 일이 없는 견훤의 눈이 이 말에 분명히 놀랐다.
“이름은? 이름은?”
묻는 말도 약간 조급하여졌다.
“이름은 미륵 ―.”
번히 애꾸의 얼굴을 들여다보았다. 한참을 들여다보다가 그의 무표정한 얼굴로 참아 가며 마치 혼잣말같이,
“경솔한 자식. 그렇게 쉽사리 신분을 말한담? 지금이 어느때라구.”
한 뒤에 이번은 자칭 신라 왕손이라는 애꾸에게 향 하여,
“야, 혹은 그렇","“안 됩니다. 몸을 숨기세요. 이곳을 피하세요. 복중(腹中)의 왕자를 탄생하고 기를 귀중한 임무를 생각하세요.”
낙엽진 수풀 ― 한 발을 내어짚을 때마다 무릎까지 낙엽에 축축 빠지는 험준한 산길을 숨어서 피해 도망하기 사흘. 인제는 근력도 다 빠지고 한 걸음을 더 옮길 수 없도록 피곤한 관주(貫珠)는 덜컥 하니 몸을 어떤 나무 그루 아래 내어던지고 쓰러져 버렸다.
만년종사를 꿈꾸던 백제도 이제는 망하였다.",24416
,,,,0
거지,김동인,"거지


무서운 세상이다.
목적과 겉과 의사와 사후(事後)가 이렇듯 어그러지는 지금 세상은 말세라는 간단한 설명으로 넘겨버리기에는 너무도 무서운 세상이다.
여는 살인을 하였다. 한 표랑객을…….
‘그대의 장래에는 암담이 놓여 있을 뿐이외다. 삶이라 하는 것은 그대에게 있어서는 고(苦)라는 것과 조금도 다름이 없사외다. 낙(樂)? 희(喜)? 안(安)? 그대는 그대의 장래에서 이런 것을 몽상이라도 할 수 있을까? 여는 단언하노니, 그대의 장래에는 암(暗)과 고(苦)와 신(辛)이 있을 뿐이외다.
이 문간에서 저 문간으로 또 그다음 문간으로, 한 덩이의 밥을 구하기 위하 여…… 혹은 한 푼의 동전을 얻기 위하여, 그대의 그 해진 신을 종신토록 끄는 것이 그대의 운명이겠사외다. 그리고 그것은 그대의 죽음조차 모욕하는 행동이외다.’ 
여는 이러한 동정심으로 그 표랑객을 죽였던가.
‘그대의 존재는 세상의 암종이외다. 그대가 뉘 집 문간에 설 때에 그 집 주부는 가계부에 일전 한 닢을 더 적어넣지 않을 수가 없사외다. 그대가 어느 집을 다녀간 뒤에 그 집에서는 그대가 먹은 그릇을 부시기 위하여 소독 약의 얼마를 소비하지 않을 수 없사외다. 그대가 잠을 잔 근처에는 무수한 이가 배회합니다. 많은 며느리들은 그대를 위하여 두 벌 설거지를 합니다.
그대의 곁은 사람들이 피하는지라 그대 한 사람의 존재는 가뜩이나 좁은 이지구를 더욱 좁게 합니다. 존재하여서 세상에 아무 이익도 주지 못하는 그대는 존재하기 때문에 세상에 많은 불편을 줍니다. 따라서 그대의 ‘존재’는 ‘소멸’만 같지 못하외다.’ 
여는 이러한 활세적(活世的) 의미로 그 표랑객을 죽였던가.
집 안은 통 비었다. 행랑아범은 벌이를 나갔다. 어멈은 주부(여의 아내)와 함께 예배당에 갔다. 아이들은 놀러 나갔다. 집 안에는 여 혼자밖에는 아무도 없었다. 본시 아내는 여와 동반을 하여 이 일요일을 이용하여 산보를 갈예산이었지만, 여의 감기 기미로 중지된 것이었다.
집을 혼자서 지키기는 무시무시하였다. 더구나 이것을 처음 겪어보는 여는 극도로 신경이 날카로워졌다. 문간에서 조그마한 소리가 나도 귀가 바싹 하였다. 뜰을 고양이가 달아나도 여는 문을 열고 내다보았다. 아무 소리도 없었지만 무슨 소리가 난 듯하여 나가서 구석구석을 검분 해본 일까지 있었 다. 이런 가운데서 여는 여의 아내의 장부적 일면을 발견하고 스스로 고소하기를 마지않았다. 그리고 얼른 예배가 끝나고 그가 돌아오기를 기다리고 있었다.
삐꺽! 문득 대문 소리가 조금 났다. 누워 있던 여는 반사적으로 머리를 베개에서 들었다. 그리고 온 신경을 귀로 모았다. 또 삐꺽! 대문은 조금 또 열렸다.
여는 그것이 아내의 돌아옴이 아님을 알았다. 활발한 발걸음의 주인인 아내는 이렇듯 기운없이 대문을 열지 않을 것이므로.
그 뒤에는 대문간으로 들어서는 발소리도 작으나마 들을 수가 있었다. 그다음에는 무슨 흥얼흥얼하는 사람의 소리가 대문 안에서 났다.
여는 벌컥 일어나서 나가보았다. 그리고 대문 안에서 한 사람, 표량객이 서 있는 것을 보았다. 아니, 적절히 말하자면 사람의 모양을 한 어떤 물건이 벽에 기대어 서 있는 것을 발견하였다.
이 기이한 동물에 대하여 여가 경이와 불안의 눈을 던질 때에 그의 입에서는 또 무슨 알아듣기 힘든 흥얼거리는 소리가 들렸다.
여는 다시 방 안으로 들어와서 지갑에서 일전 한 닢을 꺼내가지고 나왔다.
그리고 그의 앞으로 그 선물을 던지려다가 극도로 쇠약하여 몸의 동작조차 마음대로 못하는 듯한 그의 모양을 보고 좀 그에게 가까이 가서 팔을 길게 해가지고 그의 앞으로 적선품을 내밀었다.
그는 그 돈을 힐끗 보았다. 그러나 받으려도 아니하였다. 또 무엇이라 흥얼흥얼하였다.
“무얼?”
여는 반문하였다.
그는 또 무엇이라 흥얼거렸다.
“무얼?”
여는 재차 반문하였다. 그리고 귀를 기울여서 겨우 알아들은 바는 돈보다도 한 덩이의 찬밥을 달라는 것이었다.
여는 그를 다시 보았다. 아직 익숙지 않은 표랑객이었다. 혹은 오늘의 이길이 그에게 있어서 처녀 구걸인지도 알 수 없었다. 40이 조금 넘었음직한 아직 건장한 사나이지만, 주림과 영양 불량으로 혈색이 몹시 나쁘고 허리가 굽었다. 그는 걸인에게 특유한 애원적 비명을 내지 않았다. 비열한 눈자위를 보이지 않았다.
“나흘을…… 굶었습니다.”
“일자리를…… 떼었습니다.”
주림으로 인하여 그 발음은 비록 분명하지 못하나마 한 마디씩 한 마디씩 끊어서 말하는 그의 호소는 현대에 처한 사람의 공통적 애소로서 그것은 여의 마음을 움직였다.
여는 내밀었던 일전을 도로 움치고 부엌으로 들어갔다. 그러나 부엌에 익숙지 못한 여는 무엇이 어디 있는지 알 수가 없었다. 시렁, 찬장 등을 모두 뒤졌다. 그리고 시렁에서 무슨 찌개를 얻어내고 찬장에서 여의 먹다 남은 밥을 발견하였다. 여는 그것을 그대로 내다줄까 하였으나 다시 생각을 돌이 켜서 밥그릇에다가 찌개를 절반쯤 부어서 비비기 좋게 해가지고 숟갈을 꽂아다가 그 표랑객에게 내다 주었다.
그는 그것을 받아 쥐고 덜컥 주저앉았다. 그다음 순간 그는 무서운 속력으로 밥을 입으로 옮겨갔다. 그것을 보면서 여는 얼른 방안으로 들어와서 50 전짜리 은전 한 닢 내다가 그의 곁에 던져주었다.
여는 얼른 방 안에 들어갔다 나왔다. 사실에 있어서 여는 전속력으로 방 안에 들어갔다 나온 것이었다. 현대인의 근성을 그대로 가지고 있는 여는 그 표랑객에게 호의를 표하면서도 경계하는 마음은 풀지를 못하였다. 여는 몇 푼짜리 되지 않는 숟갈과 그릇을 감시하기 위하여 도로 나와서도 아닌 듯이 그의 위에 경계의 눈을 붓기를 그치지 않았다. 그리고 만약 그로서(10 전짜리밖에 되지 않는)그 숟갈을 몰래 허리춤에라도 넣었으면 여는 달려가서 그의 따귀에 여의손을 붙이기를 결코 주저하지 않았을 것이었다.
표랑객은 정직한 사나이였다. 한참을 먹을 것에만 열중하던 그는 먹기를 끝낸 뒤에 처음으로 아까 여가 던져준 돈에 눈을 부었다. 그리고 그는 거기서 뜻밖에 50전짜리 은전을 발견하였다. 그는 머밋머밋 그것을 집어가지고 두어 번 여와 돈을 번갈아 본 뒤에, 
“나리.”
하고 여를 찾았다.
여는 그의 마음을 알았다. 여는 순간 전의 기괴한 경계심 때문에 얼굴을 붉혔다. 그리고 그를 향하여 염려 말고 50전짜리를 가지고 가라고 하였다.
그는 몇 번을 사례를 하였다. 그리고 들어올 때와는 판이하게 힘있는 걸음 으로 돌아갔다.
여는 그를 보내고 도로 방 안으로 들어와서 이불을 쓰고 누웠다. 자선, 구조, 동정, 이런 것에서 느끼는 열락을 맛보면서…….
아내가 돌아왔다. 그는 돌아오는 대로 옷을 갈아입은 뒤에 무엇이 바쁜지곧 부엌으로 뛰어나갔다.
“먹었는지…….”
여에게는 뜻을 알지 못할 기괴한 소리를 중얼거리면서. 그리고 나갔던 그는 곧 도로 들어왔다.
“절반이나 먹었군.”
역시 여에게는 이해하지 못할 혼잣말을 하면서…….
“먹기는 무얼?”
여는 누워서 그를 쳐다보면서 물었다.
“네? 아니 쥐가 너무 성했기에 찌개에 아비산(亞砒酸) 을 섞어두었더니 절반이나 먹었구려. 언제나 먹었는지 지금쯤은 몰살을 했을게지…….”
무얼? 여는 힘 있게 눈을 감았다. 여의 근육이 부들부들 떨렸다.
“어느 찌개에?”
“시렁의 쇠고기 찌개에…….”
아아, 여는 표랑객에게 아비산을 먹였다. 여는 다리를 들었다가 놓았다.
머리를 들었다가 놓았다. 여의 입에서는 기이한 신음이 나왔다.
“왜 그러세요?”
“음…….”
“열기가 나세요?”
“아 — 니.”
“그럼?”
“냉수를 좀 주우.”
찌개에는 아비산을 두 그램을 두었다 한다. 그러면 표랑객은 적어도 한 그램은 먹었을 것이다. 탱탱 비었던 위 속에서 아비산은 그의 위력을 다할 테지. 지금쯤은 그는 벌써 송장이 되었을지도 알 수 없다.
사람의 몸이란 이상한 것이다. 비록 감기 기미는 있다 하나 열기도 보이지 않던 몸이 갑자기 열기가 나기 시작하였다. 순간순간 열기는 더하였다. 조금 뒤에 여는 중병 환자가 되어버렸다. 그런 가운데서 여는 끊임없이 아까의 그 표랑객의 여위고 혈색이 나쁘던 그림자를 보았다. 그리고 죽으려면 여의 모르는 곳에 가서 여의 모르는 동안에 죽어다오. 죽은 뒤에도 그 소문이 여의 귀에 오지 않게 해다오. 연하여 이런 생각을 하고 있었다.
문득 여는 무엇이 재재하니 지껄이는 소리를 들었다. 열기에 들뜬 여는 어느덧 잠이 들었던 모양이었다. 펄떡 정신이 들면서 들으니 그것은 놀러 나갔던 아이들이 온 모양이었다.
“어머니!어머니!”
열세 살 난 큰아이가 지껄이며 들어왔다.
“쉬, 조용해라. 아버님께서 몸이 고달파 하신다.”
아내는 지껄이는 아이를 막았다.
그러나 아이들은 자기네가 가지고 온 진귀한 보고를 그냥 둘 수가 없는 모양이었다. 이번은 일곱 살 난 계집아이가 속살거림(이라하나 숨찬 그들의 목소리는 속살거림이 아니었다)으로 또 찾았다.
“어머니! 어머니!”
“왜 그래?”
“저기서 사람이 죽었어.”
“어떤 사람이?”
“거지가.”
무얼? 여는 벌떡 일어났다.
“어디?어디?”
“아버지, 사람이…… 거지가…….”
“어디야, 어디?”
“조 — 기. 요 앞에…….”
여는 일어서면서 문을 박차고 뛰어나갔다. 놀라서 어디를 가느냐고 따라오는 아내를 돌아보지도 않고.
여는 발견하였다. 한 무리의 사람의 떼가 멀리 둘러선 것을. 그리고 그 가운데에는 순사의 모자가 걸핏걸핏 보이는 것을. 몇 사람의 위생부가 소독약을 펌프로 뿌리며 돌아가는 것을.
달려가서 보니 사람의 담장의 복판 가운데에는 아까의 표랑객이 거적 아래 고요히 누워 있었다. 그의 주위에는 소독약에 젖은 구토물이 널려 있었다.
“주소 성명 미상.”
“소지품은 50전 은화 한 닢. 일전 동화 네 닢.”
“의사 호열자.”
“추정 연령 42세.”
여의 귀에는 단편적으로 이런 소리가 들렸다. 좀 뒤에 시체는 가매장에 부치러 가져갔다. 그 뒤에는 구경꾼들도 헤어졌다. 그러나 여는 그냥 멍멍히 그 자리에 서 있었다.
누가 여의 어깨를 툭 쳤다. 돌아다보니 순사였다.
“왜 이렇게 서 계시우?”
“아니, 너무도 참담한 운명이기에.”
“당신은 그사람을 아시오?”
“네.”
“누구요?어디 사는 사람이오?”
“그건 모릅니다. 아까 우리 집에 동냥을 왔기에 50전짜리 은전을 한 닢 줘 보냈소. 소지품 가운데 50전 은전이 그것이오.”
여는 이 자리에서도 그에게 밥을 주었다는 말을 못하였다. 순사는 여를 쳐다보았다. 그런 뒤에 두어 번 머리를 저었다.
“적선하신 50전도 국고로 들어가는 수밖에는 도리가 없을까 보우다. 웬
친척이 있겠소? 있기로서니 장비(葬費)를 부담할 각오로 나설 사람이 웬걸 있겠소? 항용 있는 일이지요.”
하고는 저 갈 길로 가버렸다.
여가의 그의 주림을 동정하여 준 밥은 그의 생명을 빼앗았다. 여가 그의 곤궁을 동정하여 준 돈은 국고로 들어가게 되었다. 그날 여는 일기에 이렇게 썼다.
‘동정조차 엄밀한 음미(吟味)하에 하지 않으면 안 되는 현대인은 진실로 비참하다.’","무서운 세상이다.
목적과 겉과 의사와 사후(事後)가 이렇듯 어그러지는 지금 세상은 말세라는 간단한 설명으로 넘겨버리기에는 너무도 무서운 세상이다.
여는 살인을 하였다. 한 표랑객을…….",3996
거초(巨礎) 꺾일 때,김동인,"거초(巨礎) 꺾일 때


백제 의자왕(義慈王) 말년.
등극 초에는 대단히 현철하다는 일컬음을 듣던 의자왕도, 나라가 태평하고 백성이 안락함에 따라서 마음의 결박도 저 절로 풀어져서 차차 주색에 빠지게 되었다.
왕이 나라를 돌아보지 않고 오로지 주색에만 빠져 들어가므로, 좌평(佐平) 벼슬에 있는 성충(成忠)은 왕께 왕의 부도를 힘써 간하다가 드디어 왕의 노염을 사서 옥에 갇히어 그의 충혼도 옥중에서 외로이 사라져 버렸다.
죽음에 임하여 성충 장군은 그 때 계백(階伯)장군을 옥중에 청하였다. 계백이 총총히 옥에까지 달려 왔을 때는, 성충은 벌써 한 마디의 부탁도 남기지 못하고 영원히 침묵의 세상으로 떠난 뒤였다.
성충의 무언의 유탁을 받은 계백, 때는 의자왕 십 육 년이었다.
나날이 더욱 주색에 빠져 들어가는 왕.
나날이 쇠약하여 가는 국세─.
이것을 바라볼 때 마음 있는 사람은 근심을 안하려야 않을 수가 없었다.
좌평(佐平) 성충이 죽음에 임하여 임금께 아뢴 상소─
「가까운 장래에 반드시 전쟁이 있을 것이옵니다.」
눈 있는 자로서 시세를 살펴볼진대 반드시 가까운 장래에는 전쟁이 벌어질 것이었다.
동쪽에 웅거해 있는 신라는 아직까지는 백제의 공격만 받고 있었지만, 인제는 신라의 국력도 충실될 뿐 아니라 당(唐)나라와도 밀접한 연락이 생겨서, 만약 신라와 백제의 사이에 전쟁이라도 일어나면 당나라는 무론 신라를 도울 것이 다.
그 위에 신라는 그 사이 늘 백제에게 수모를 받아 오던 원망이 있다. 지금 신라에서 힘을 다하여 군사를 조련하는 것은 백제를 정벌하려는 그 예비 행동일 것이다.
이러한데다가 또한 신라에는 김유신(金庾信)이라는 명신(名臣)이 생겨나고, 당나라에는 소정방(蘇定方)이라는 명장이 생겨났으니, 백제는 당연히 거기 대하여 경계하지 않으면 안 될 것이다.
그럼에도 불구하고 국왕은 주색으로만 세월을 보내고 재상들은 임금께 아첨하기로만 외주하며, 어쩌다가 충간(忠諫)이라도 하는 사람이 생기면 그 사람은 참혹한 최후를 면치 못하니, 이러고야 백제의 사직인들 어찌 보전되랴?
성충의 뜻을 물려받은 계백 장군은 그 뒤는 다시는 왕께 간하지도 않았다. 간하여도 효과도 없을 것이고 효과는커녕 자기의 생명도 또한 성충과 같이 의미 없이 없어질 것이다.
효과 없을 간은 다시 하지도 않고 묵묵히 자기의 할 일만 하여 나아갔다.
왕이 너무도 황음해지기 때문에 때때로는 왕께 정떨어져 자기도 다른 재상들과 같이 낙향하여 밭이나 갈고 두루미나 희롱하며 여생을 보낼까 하는 생각도 문득 문득 났다. 그러나 다시 돌이켜 생각해보면, 지금 이 조정에는 뜻 있는 대 신들은 모두 왕의 황음에 정 떨어져서 초야에 숨어 버리고, 그냥 조정에 머물러 있는 사람은 오직 자기와 및 한두 사람 더 있을 뿐 아니냐? 자기마저 숨어 버리면 나라를 지킨 자 누구냐?
왕께는 간을 하여야 듣지도 않을 것이고 않을 뿐더러 자기의 생명조차 보전할 수 없을 것이니, 자기 한 사람의 생명 쯤이야 무엇이 그다지 신통하랴만, 지금 이 백제 조정에는 자기 이외에는 사람이 없으매 자기마저 없어지면 ]칠백 년 사직도 한낱 봄꿈으로 화하리라.
『머물러 있자. 지키자. 내 눈동자 겁을 동안은 버티고 또 버티자.』
계백 장군은 주색에 정신을 못 차리는 왕이며 대신들과는 아주 딴 나라 사람인 듯이 매일 혼자 빈 조정을 지켰다. 그리고 일방으로는 적은 군사나마 군사 조련을 게을리하지 않고 장차 국난(國難) 생기는 날에는 이 국난을 어떻게든 당해 보려고 노심하고 있었다.
말하자면 백제라는 칠백 년의 사직은 전혀 계백 장군의 두 어깨에 짊어지어지었다.
차차 암담하여 가는 백제에는 벌써 기이한 사변이 다 생겨났다. 칠백 년의 사직이 망함에 있어서 하늘인들 어찌 미리 징조를 보이지 않았으랴?
이 임금 제 십 구년 현경(現慶) 사 년에 이르러서는 웬 난데 없는 커다란 붉은 말이 한 마리 나타나서, 매일 오회사(烏會寺)를 두고 여섯 번씩 달려 돌아다녔다.
이 괴변 때문에 백성들이 수군수군하는 동안에, 이월에 들어서는 여우(狐)의 무리가 떼를 지어 서울 안으로 들어온 뿐 아니라, 그 여우 무리는 마지막에는 대궐 안에까지 들어오고, 그 중의 백호(白호(狐)) 한 마리는 좌평의 책상 위에까 지 올라가서 놀았으며, 사 월에는 태자궁(太子宮)의 암탉들이 참새들과 교미를 하였고, 오월에는 사자수(泗　水=본시 사비수지만 사자수라 통칭한다.) 악 언덕에 길이가 서른 자가 넘는 고기가 죽은 것이 걸렸는데, 그것을 그대로 생선이라고 몇 사람이 먹었더니 먹 은 사람은 모두가 몰사를 하였으며, 이러한 불길한 일들이 생기기 때문에 가뜩이나 암담하던 백제의 서울은 더욱 암담하고 음침한 기분에 잠겼다.
백성들은 서로 만날지라도 이야기를 꺼렸다. 이야기라도 하면 마른 벼락이라도 맞을 듯이 서로 황황히 피하였다. 누구든 가까운 장래에 놀라온 참변이 생기리라 하였다.
이러한 음산한 가운데서 그 여름도 가고 추구월에는 나날이 대궐 안에서 주인 모를 곡성이 은은히 울리고, 밤에는 귀곡성이 나서 모두 소름이 돋쳤다.
그 해도 어언간 넘어가고 그 이듬해가 이르렀다.
모두들 음산한 가운데서 지난해를 보내면서 명년에는 행여 좀 명랑한 기분이 생길까 무언 중에 바랬는데, 이 희망도 헛데로 돌아가고 새해에 들어서는 더욱 불길한 징조가 나날이 생겨났다.
새해 이 월에, 하룻밤 사이에 서울 안의 우물이란 우물은 죄 핏물(血水)로 변하였다.
이것은 놀라운 흉조였다. 가뜩이나 간이 콩알같이 되어 이렇게 하여서는 좀 더 명랑한 봄을 맞으려 하던 백성들은 다시 모두 송장과 같이 입을 봉하여 버렸다. 이 음료수를 잃은 백성들이 갈증을 견디지 못하여 물을 구하러 사자강으로 나가보매, 언제든 수정같이 맑던 사자수까지도 핏빛으로 변하였다.
사월에는 어디서 쓸어 들었는지 두꺼비 수만 마리가 서울로 쓸어 들어서 온 서울은 두꺼비 천지가 되었으며, 그 위에 시민들은 알지 못할 강박관념의 지배를 받아서 마치 누구에게 쫓기듯 공연히 겁을 내어 떼를 지어서 와르르하니 이리로 도망하고 저리로 도망하였다. 그리고 이 까닭 없는 난리에 치어 죽은 사람도 수백 명이요, 재물을 잃은 자는 세일 수가 없었다.
유월에는 더욱 기괴한 사건이 생겼으니 왕흥사(王興寺)의 중들이 다 한결같이 본 바인데, 왕흥사 문안까지 어디서 넘쳐 들어온 물인지도 모르지만 물이 철철 넘어 들어오고, 뿐더러 커다란 배까지 떠 들어오다가 홀연히 몸과 배가 다 사 라져 없어지고, 사슴같이 커다란 개가 서쪽으로부터 나타나서 사자강 언덕까지 이르러 대궐을 바라보며 짖어대다가 안개와 같이 짖어 대고, 또 귀신 한 마리가 대궐로 뛰쳐 들어서
「백제는 망하누나. 백제는 망하누나.」
큰 소리로 부르짖고 땅 속으로 사라졌다.
다른 모든 흉조며 백성들의 음산한 기분은 왕은 일체로 알지도 못하고 지냈다. 그런 풍문이 들릴지라도 그저 웃어버리고 또 술을 부르고 계집을 부를 따름이었다.
그러나 대궐 뜰 안에 귀신이 나타나서 백제는 망한다고 외친 일은 아무리 주색에 빠진 왕으로서도 그저 무심할 수가 없었다.
왕은 곧 궁인을 명하여 그 귀신이 사라진 근의 땅을 파보게 하였다.
따을 파보매 깊이가 석 자쯤 되는 곳에 거북이 한 마리 있었다. 그 밖에는 아무것도 없었다. 그래서 그 거북을 왕께 보이려고 정하게 물로 씻으매, 거북의 등에 완연히 무슨 글자가 나타났다. 가로되, 「백제는 둥근 달과 같고, 신라는 초승달과 같다.」
왕은 이 글을 보았다. 그리고 일관(日官)에게 점치게 하였다.
그 점괘가 역시 좋지 못하였다.
「둥근 달이라는 것은 장차 어지러지려하는 것을 뜻함이요, 초승달은 장차 둥글게 됨을 뜻함이올시다. 백제는 둥근 달 같으니 장차 어지러질 것이요, 신라는 초승달 같으니 장차 둥글게 될 것이라는 괘올시다.」
이 풀이에 왕은 격노하였다. 아무리 주색에 빠졌다 하지만, 그래도 백제가 장차 망하리란 말은 왕의 귀에 거슬리지 않을 수가 없었다. 그래서 그 일관은 곧 죽여 버렸다.
이러한 왕의 심리를 잘 아는 다른 대신이
『둥근 달은 성(盛)한 것을 가리킴이요, 초승달은 미약한 것을 가리킴이오니, 이는 백제는 대국이요, 신라는 소국이라는 뜻으로 아옵니다.』
고 왕의 귀에 솔깃한 말을 불어넣어서 큰상을 받았다.
이러한 요사스러운 일, 불길한 일들을 보고 듣고 할 때마다 계백 장군의 마음은 찢어지는 듯이 아팠다.
그것은 모두 분명한 흉조─ 말하자면 이 백제라는 나라가 장차 소멸되리라는그 전조(前兆)에 틀림이 없었다.
이러한 천계가 있는데도 불구하고 아직도 깨칠 줄을 모르는 왕은 그냥 술로 계집으로─ 후원 단을 묻고 밤마다 하늘에 기원을 드리는 늙은 장군.
「유유한 창천은 굽어 살핍사, 온조(溫祚)대왕 이래로 칠백 년 간을 전면히 누려 내려온 이 사직이 바야흐로 위태롭습니다. 우리 임금을 다시 이전과 같으신 현철하신 임금으로 돌려 주십사. 아직 늦지 않습니다. 우리 임금의 마음을 돌려 주십사.」
거꾸러지려는 나라를 홀로이 떼메고 인제는 단지 신명의 힘을 입으려 하였다.
들려 오는 소문에 의지하건대 신라는 주야 군병 조련에 여념이 없다 한다.
그 군병 조련이란 단지 백제를 목표로 하고 하는 것임은 잘 아는 바다. 그 쪽에서는 이렇듯 힘을 기르는 데 반하여 자기네 나라에서는 단지 주색에만 잠겨 있으니 이 일을 장차 어찌하랴?
지금의 나라의 힘과 또는 목도한 바 여러 가지의 징조로서 백제는 어차피 쓰러진 모양이다. 그러나 쓰러는 질지언정 무위히 쓰러지지 않으려─ 계백 장군은 왕께는 내밀히 군사를 양성하기를 게을리하지 않았다.
성충의 예언, 계백의 예측에 틀림이 없었다. 신라에서는 그 사이 누백 년 간을 백제에게 받아 오던 수모를 갚기 위하여 군병 양서에 게으르지 않고, 일변 그 기회만 엿보고 있었다.
이러다가 드디어 백제의 정국이 극도로 어지러워진 기회를 타서 오래 벼르던 백제 정벌의 군사를 일으켰다.
비록 정국은 어지럽고 군사까지도 없다 하지만, 지난 날의 놀라운 백제 군인의 효용을 본 일이 있는 신라에서는 자기 나라의 힘만으로는 도저히 당치 못할 줄을 알고 당나라에 원병까지 청하였다. 당나라 장수 소정방(蘇定方)의 인솔한 수륙 십 삼만 대군과 신라의 연합군은 백제 국경을 향하여 진격하였다.
주색에 겨를이 없던 백제 궁중에 이 놀라운 소식이 뛰쳐 들은 때는, 왕이며 뭇 대신들은 망지소조하여 두서를 차리지를 못하였다. 좌평 의직(佐平義直)이며, 달솔 상영(達率常 永) 등 대신에게 이 국난 타개책을 문의하였으나, 그 사이 나라의 모양을 살피지 못한 그들에게서 좋은 꾀가 나올 수가 없었다.
왕은 드디어 계백 장군에게 이 국난 타개의 중임을 명하게 되었다.
좌평 성충이 옥중에서 죽은 이래 혼자서 백제의 어지러운 정국을 걸머지고 왕의 일고(一顧)도 받지 못하고도 묵묵히 나라를 위하여 애쓰던 늙은 장군은 이 국난의 때에 임하여 마침내 어전에 불리었다.
우러러보매 그 사이 오랫 동안을 주색에 빠졌기 때문에 창백하게 된 용안, 때때로 먼발로는 우러른 일이 있으나 가까이서 이렇듯 창백한 용안을 우러러보매 장군의 늙은 눈가에서는 먼저 눈물이 저절로 흘렀다.
『장군, 나당(羅唐)연합군이 변경을 침노하오.』
『소신은 오래 전부터 오늘 있을 줄을 미리 알았읍니다.』
『왜 알았으면 일찌기 말하지 않았소?』
『성좌평 재세시에 좌평이 폐하께 상주하온 일이 있는가 하옵니다.』
침통한 안색으로 하는 이 말은 왕의 가슴을 푹푹 찔렀다.
계백 장군은 잠시 뒤에 말을 이었다─
『폐하, 소신이 천람에 공할 것이 있삽는데 잠깐 거둥하여 주옵시면 어떠하올는지요?』
왕께는 얼마만치 귀찮은 청이었으나 지금 이 장군을 유일의 국난 타개자로 보지 않을 수 없는 입장에 있는 왕은 계백 장군의 말을 좇지 않을 수가 없었다.
계백 장군이 왕을 인도하여가지고 간 곳은 계백 장군의 병영(兵營)이었다. 장차 오늘 같이 국난이 있을 것을 알고 홀로의 힘으로써 세우고 유지하고 조련하여 오던 이 병영에 왕을 모시고 온 것이었다.
계백 장군의 한 호령에 넓다란 마당에 정렬된 군사. 그것을 손 들어 가리키는 마상의 장군과 차상의 임금.
『폐하, 소신이 자의로 세우고 유지하여 온 잉 병력─ 국왕께 비밀히 사병을 양성하온 죄는 일만 번 죽사와도 부족이 없겠읍지만, 이 천행(擅行)이 오늘날 국난 타개에 백분의 일이라도 도움이 될 수가 있으면 소신은 이 이상의 기쁨이 없겠읍니다.』
정렬된 군사─ 그 사이 주색에만 빠져서 나라를 돌보지 않았기 때문에 한 군사도 없으려니 하였던 왕은 이 노장군의 원려에 눈물을 안 흘릴 수가 없었다.
일찌기는 영철하고 효옹하던 왕이라, 지금 이 마당에 정렬된 군사를 한 번 보고 넉넉히 이 군사가 얼마나 정예한 분자인지를 짐작할 수가 있었다.
『장군, 몇 명이나 되오?』
『오 천이옵니다. 소신이 힘이 자라지 못하와 겨우 이것뿐이옵니다.』
『아아, 장군, 용서하시오. 부끄럽소이다. 장군의 이 군사 한 명은 나당(羅唐)연합군 열 명을 넉넉히 당하겠소이다. 백제 사직은 장군의 덕으로 반석과 같소이다.』
『아니옵니다. 폐하, 이 한 군사가 나당 연합군 열 명은커녕 이십 명은 넉넉히 당할 자신이 있사옵니다. 그러나 나당 연합군은 당군만 십 삼만, 나당의 총계 삼십만─ 한 명이 능히 육십 명을 당하지 못하면 전멸할밖에 도리가 없사옵니 다. 폐하, 일찌기 성좌평의 의견을 들으시와 육로로는 적으로 하여금 탄현(炭峴)을 넘지 못하게 하옵고 수로로는 백강 (白江)을 넘지 못하도록 방비하여 두셨더면, 이 오천 명은 나당군 오십만인들 두려워하오리까만, 이미 탄현을 적에게 앗기우고 황산(黃山)의 넓은 벌까지 진군하온 이상은 어쩔 도리가 없을까 하옵니다.』
『그래도─』
『아니옵니다. 적에게는 삼십만이 다 전사할지라도 뒤를 보충할 당나라 오백만군과 싶심지어라 오십만군이 있사옵지만, 우리 나라는 이 오천이 없어지면 뒤가 없사옵니다. 더구나 일부당창이면 만인만적인 탄현 이미 잃었삽고, 전쟁이 평원에서 생길 모양이오니 칠백 년 사직은 건질 곳이 없는가 하옵니다.』
늙은 눈에 눈물이 흘리며 아뢰는 계백 장군─.
그 앞에 왕은 묵연히 서 있었다.
왕께 하직을 하고 자기 집으로 돌아온 계백 장군은 먼저 집안 하인들을 모두 놓아서 돌려보냈다. 그리고 그 처자를 앞에 불렀다.
앞에 느런히 둘러앉은 처자를 한참을 묵묵히 바라보다가 비로소 입을 열었다.
『너희들에게 물어 보고 싶은 말이 있다.』
『네… 말씀하십시오.』
『오냐, 너희는 망국의 유민(遺民)이 되려느냐, 대국의 사신(死臣)이 되려느냐?』
이 질문을 받은 처자들은 장군을 우러러 보았다. 그들도 아는 바, 이 국난의 때에 장군의 입에서 나온 이 비상한 말에 그들도 짐작이 넉넉히 갔다.
『사람으로 나서 어찌 망국의 유민이 되리까? 사신(死臣)이 될지언정 대국 백성으로 종시하겠읍니다.』
『그렇다. 사람이 세상에 났다가 한 번 밖에는 죽지 못한다. 그 대신 또한 한 번은 반드시 죽는다. 죽을 때에 죽지 못하면 죽음보다 더한 창피를 보는 법이니라. 너희도 그만 일은 잘 알지?』
『네이, 아옵니다.』
『그러면 거기 모두 꿇어 앉아라.』
분부에 의지하여 모두 끓어 앉은 뒤에, 장군은 고요히 일어섰다.
한 번─ 두 번─ 세 번─ ─.
장군의 칼이 한 번 둘릴 때마다 한 개의 모가지가 장군의 발 아래 떨어지고 하였다.
따로이 떨어져 굴러난 몇 개의 모가지와 따로이 쓰러진 몇 개의 몸집─ 그 가운데를 흐르는 피…
아무 저항도 없는 몇 개의 목을 자른 뿐이었지만, 이 힘들지 않은 일을 하고 칼을 짚고 망연히 선 장군은 마치 큰 전쟁이라도 겪고 난 듯이 피곤하였다.
한나절을 그 자리에 그대로 얼 빠진 듯이 서 있다가야 장군은 다시 정신을 수습하여 가지고 대궐로 들어갔다.
벌써 밤이 들었다. 그러나 지금 이 국난의 때에 왕은 흔연히 장군을 맞지 않을 수가 없었다.
피투성이의 장군의 창백한 얼굴에 왕은 감짝 놀랐다.
『폐하, 소신의 처자의 피로소이다. 뒤에 처자가 남아 있사오면 혹은 칼끝이 무디지 않을까 하와 미리 없이하여 버렸읍니다. 지금 어전에까지 하직을 고하려 참내하였읍니다. 물밀 듯 들어오는 적군은 오늘밤으로도 출전치 않으오면 밝는 날은 도성 문 앞에까지 이를 염려가 있사와 이 밤으로 떠날까 하옵니다.』
『이 밤으로?』
『예이, 일각을 유예치 못할 모양이옵니다.』
이렇게 총총히 왕께 하직하고 장군은 결사의 오천군을 인솔하고 황산으로 출정을 하였다.
『옛날 월나라 구천(勾踐)은 단 오천의 군사로서 오(吳)나라 칠십만 대군을 이겼다. 오늘 나당 연합군 겨우 십 삼만에 우리는 구천의 군사와 마찬가지로 오천이로다. 비록 나당 연합군은 수효로는 우리의 수십 배가 된다 할지라도, 모 두 오합지중이라 우리의 정예로써 대하면 무서울 것이 없다.』
장군도(將軍刀)를 높이 빼어 들고 군졸들을 호령할 때에 오천의 결사군은 같이 칼을 들어서 죽기를 맹세하였다.
그것은 무서운 전쟁이었다.
장차 국난이 올 때를 예상하고 길러 두었더니만치 백제의 군사들은 귀신과 같았다.
군신(軍神)이라는 일컬음을 듣는 김유신 장군의 지휘하의 신라 대군과 소정방 지휘하의 당나라 대군이, 이 너무도 적은 군사를 처음에는 얕보고 치고, 그 다음에는 경계하며 치고, 또 다음에는 힘을 다하여 치고─ 온갖 전술을 다 했지 만 어찌할 수가 없었다.
큰 회전(會戰)이 네 번이나 있었다.
그 네 번을 매번 수 적은 백제 군사가 구름 같은 나당 연합군을 쳐서 승리를 하였다. 유신의 군사는 세 길로 나누어서 백제군을 에워싸고 전멸시키려 하여 보았지만 도리어 하마터면 신라군이 전멸이 될 뻔하였다.
이리하여 처음의 예상에 반하여 형세는 예측치 못할 지경으로 되었다.
이렇게 되매 백제군의 의기는 더욱 높아 가고 나당군의 기운은 죽기 시작하였다.
신라 진에서는 차차 근심이 커갔다.
처음 올 때는 단번 싸움으로 백제를 무찌를 줄로 믿었다.
그렇던 것이 급기 와보니 계백 장군의 거느린 오천의 백제 군사는 효용한 귀신 같아서 그들을 전멸시키기 전에는 어찌 할 수가 없으며, 그 위에 자기네 군사는 결사적 용기가 결함되었다.
이러다가는 자기네 수십만 대군이 겨우 오천 명의 백제 군사에게 참패를 당하고 본국으로 돌아가야 할 모양이었다.
자기네 군사에게는 <죽음을 두려워하지 않는 용기>가 결함 되었다.
어떻게 하여서든 이 용기를 불어 넣기 전에는 도저히 이기지 못할 것이다.
이리하여 김유신 장군은 자기의 동생 흠춘(欽春) 장군과 의논을 한 뒤에 흠춘 장군의 아들 반굴(盤屈)이라는 소년을 단신 백제 군중에 뛰어 들어가게 하였다.
신라의 수십만 대군으로도 당치 못하던 백제군 중에 한 개 소년이 뛰쳐 들어갔는지라 아무 보잘것도 없었다. 뛰쳐 들어가는 순간 곧 백제 군사의 칼끝에 죽어버렸다.
그러나 유신 장군은 보았다. 반굴 소년의 죽음은 결코 헛죽음이 아니었다.
반굴 소년이 단신으로 백제 진중에 뛰쳐 들어가서 죽는 것을 볼 때에, 신라 군중에도 무엇이라 헝용할 수 없는 동요가 일어났다.
반향이 분명히 있었다. 군심이 격동된 것이었다. 이 첫 시험에 희망의 싹을 본 김유신 장군은 다시 관창(官昌)이라는 소년을 또 단신 백제 군중으로 보냈다.
그 사이 네 번을 싸워서 뜻밖에도 네 번을 다 이긴 백제 장군은 자기네 군졸들이 잡아온 신라 장수 한 사람을 불러 들였다. 그리고 입은 갑옥과 투구를 벗기매 의외에도 그것은 열 대여섯 살 난 소년이었다. 아까도 소년 하나이 뛰쳐 든 것을 잡아 죽였다 한다.
『네 이름이 뭐냐?』
장군은 자기의 칼 아래서 죽은 자기 자식들을 생각하면 부드러운 음조로 물었다. 그러매 소년이 도리어 눈을 부릅뜨며 호령하였다─
『나는 신라 장수요, 당신은 백제 장수─ 장수는 일반이니 말씀을 좀 높이시오.』
소년의 대담한 말이 장군에게는 기특히 들렸다. 신라의 군사라는 것은 그 사이 본 결과로 모두 겁장이로만 알았더니 여기 이런 호담한 소년이 나타난 것이다. 계백 장군은 부장(副將)에게 명해서 이 소년을 다시 곱다랗게 신라 진중으로 돌려보냈다. 보내면서도 일전 자기 집에서 자기 칼 아래 목을 셋고 끊은 자식들이 연상되어 진 밖에 나서서 이마에 손 을 대고 멀리 멀리 안 보이게 되기까지 소년의 뒷모양을 바라보았다.
그랬는데 그 소년은 그로부터 한 각이 지나지 못하여 또다시 백제 진중으로 뛰쳐 들었다. 백제 장졸들은 그 소년을 사로잡으려고 퍽 노력하였으나 소년은 너무도 완강히 저항하기 때문에 할 수 없이 죽여 버렸다.
아까 살려 돌려보낸 소년이 다시 시체로 변하여 계백 장군의 앞에 놓일 때, 장군도 그 소년의 대담하고 의기 있는 행동을 못내 어여삐 여겨서 소년의 탔던 말꼬리에 소년의 머리를 달아서 도로 신라진으로 향하여 말을 채찍쳐 보냈다.
소년의 주검을 다시 신라진으로 돌려보내고 잠시 몸을 쉬던 계백 장군은 자기네 진중이 두선거리는 바람에 나와보았다.
장군은 보고 깜짝 놀랐다. 건너편에 바라보이는 신라 진이 동요되는 것이었다.
그 동요는 평범한 동요가 아니었다. 격동된 군심의 동요였다. 아직껏 잔잔하기 기름 같던 신라진에 하늘을 찌를 듯한 기운이 덮인 것이 여기서도 알아볼 수가 있었다. 짧지 않은 생애를 무장(武裝)으로 보낸 계백 장군의 눈에 비친 그 동요 는 놀라운 동요였다. 순간 계백 장군은 알아챘다. 김유신의 계책에 빠진 것이었다. 자기네 군사의 마음이 너무도 덤덤 하기 때문에, 이 군심을 격동시키기 위하여 소년 장수를 사혈(死穴)로 보냈거늘 자기는 그 계책에 빠져서 드디어 소년을 죽인 것이었다.
그것이 계책인 줄 알았더면 결코 소년을 죽이지 않았을 것을…. 백제 군사 수백 명을 희생하면서라도 사로잡아서 또 다시 돌려 보냈을 것을….
지금 신라군을 덮은 기운으로써 계백 장군은 신라의 군심을 보았다. 그리고 신라의 군심이 이렇듯 격동된 이상은 지금껏의 비율(比率)은 염도 내지 못할 것으로서 군심이 대비될진대 군력도 일대 일이 될 것이었다.
성난 물결같이 밀려 오는 신라의 대군을 바라보며 자기네 진을 정비하면서도 늙은 장군의 눈에서는 눈물이 비오듯 하였다.
『죽어라! 살기를 바라지 마라! 살아 돌아간다는 것은 백제인의 수치로다!』
노호(怒呼)하는 장군의 아래서 죽기를 맹세하는 군졸들─.
이리하여 황산 평야에서 최후의 결전은 시작되었다.
격동된 군심 아래서의 신라군의 힘 능 이전의 신라군이 아니었다.
이전 네 번의 싸움에 있어서 겨우 백 명 미만밖에는 꺾이지 않았던 오천의 백제군사가 이번에는 한 사람도 남지 않고 전멸을 하였다.
계백 장군도 드디어 전장의 이슬로 화하였다. 싸움이 끝난 뒤에 신라군에게 발견된 계백 장군의 시체, 갑주를 벗기고 보매 그 시체에는 삼십여 개가 꽂혀 있는 창과 칼의 자리가 세일 수가 없었다.
신라 장군 김유신도 이 목숨 넘어갈 때까지 굴하지 않고 싸운 계백 장군 이하 오천의 백제 장졸의 주검을 보고 감연히 눈물을 흘렸다.


(一九三五年 八月 <野談> 《階伯의 戰死》 改題)","백제 의자왕(義慈王) 말년.
등극 초에는 대단히 현철하다는 일컬음을 듣던 의자왕도, 나라가 태평하고 백성이 안락함에 따라서 마음의 결박도 저 절로 풀어져서 차차 주색에 빠지게 되었다.",8255
견훤,김동인(장편),,지금으로부터 약 일천구백칠십년 전 아시아(亞細亞)의 중심이 되는 지나(支那)땅에는 여러 왕조(王朝)를 거치어서 전한 말엽(前漢末葉)―원시적 생활을 벗어나서 이제는 꽤 고등한 문화생활을 경영하고 있는 시절이었다. 수십년 간이라는 세월이 흘렀다.,14465
공룡 세계의 탐험,아서 코난 도일,"특종 기사를 찾아서




독자 여러분, 여러분은-그렇다, 먼저 내 소개부터 시작하기로 한다. 나는 영국에서도 가장 유력한 신문으로 알려져 있는, 런던의 《데일리 가제트》 신문의 젊은 기자이다. 이름은 에드워드 머론, 기억해 주기 바란다.
아직 신출내기 신문 기자이기는 하지만, 무엇인가 굉장한 기사를 발표하여 세상을, 아니 독자 여러분을 깜짝 놀라게 해 주려고 그 기회를 엿보고 있는 중이다.
그런데 그러한 기회가 드디어 찾아온 것이다. 여러분에게 이제부터 이야기하고자 하는 것이 그런 이야기인데, 사실은 나 스스로도 처음 얼마 동안은 믿을 수 없을 정도로 진짜 놀라운 경험이었던 것이다. 그러므로 독자인 여러분이 고개를 갸우뚱하는 것도 당연하다고 생각된다. 그러나 틀림이 없는 사실이다. 내 자신이 이 눈으로 보았고, 실제로 체험했기 때문이다.
군소리는 이 정도로 하고 이제 본격적인 이야기를 시작하자.


""머론, 잠깐.......""
외근(外勤)을 마치고 편집국으로 돌아온 내 모습을 발견하자 편집국장이 기다리고 있었다는 듯이 나를 불러 세웠다.
편집국장-맥커돌 씨는 곱사등이처럼 허리가 굽은데다 붉은 머리카락이다. 대머리로, 얼른 보아 그다지 잘생긴 사람은 아니지만 신문 기자로서는 오랜 경험이 있는 실력이 풍부한 전문가였다. 나는 이 편집국장을 마음 속 깊이 존경하고 있다. 그래서 월급(月給)에 비하여 너무나 바쁜 이 신문사에 아무 말 없이 참고 근무하고 있는 것이다.
""앉아요, 머론.""
""예, 실례하겠습니다.""
""어떤가, 뭔가 재미있는 사건이 없나?""
""요즈음은 세상이 정말 조용해서요. 위험이나 모험 따위는 도무지 없어요. 국장님. 무엇인가 어려운 사건은 없나요?""
""이봐, 그걸 찾아내는 게 기자들이 할 일이 아닌가. 아무튼 말이야.........""
편집국장은 잠시 생각하더니 말을 이었다.
""자네, 현대판 허풍선이 남작 얘기를 알고 있겠지?""
""유명한 동물학자 챌린저 교수 말인가요? 텔레그래프 신문사의 브라운 기자에게 큰 상처를 주었다고 하는?""
""알고 있군. 그 사람인데, 수완이 보통이 아닌 모양이야. 어떤가, 한번 만나 보지 않겠나?""
""예, 부딪쳐 보겠습니다.""
""그 교수는 우리들 신문 기자를 현재까지 네 사람이나 상처를 입혔지. 게다가 진짜 사기꾼 같아. 그러니까 엉터리지. 신문의 권위를 위해서라도 그 교수를 이대로 내버려 둘 순 없어. 그 정체를 폭로하여 가짜 껍데기를 홀랑 벗겨 주어야겠단 말이야. 어떤가, 자네 한번 해 볼 생각이 없는가?""
""그러나 챌린저 교수에 대해서 소상하게 아는 바가 없는 걸요.""
""그럴 줄 알고 여기에 메모를 해 놓았으니까 읽어 봐.""
편집국장은 서랍에서 한 장의 종이를 꺼내 내게 건네주었다. 그 종이에는 이렇게 씌어 있었다.


'조지 에드워드 챌린저. 1863년 스코틀랜드의 라그스에서 출생하였다. 에든버러 대학 졸업. 1892년 대영 박물관 조수. 1893년 비교 인류학부 부부장(副部長). 그 해에 동물학 연구에 의해서 크레이튼 상(償)을 받았다. 해외 학술원. 소시에테 베르즈 회원. 미국 과학 협회 회원. 고생물학 대영협회(大英協會) 역사부원. 저서는 《칼무크 족의 두개골 연구》, 《척추 동물 진화 요강》, 《와이즈먼 학설의 과오》, 그밖에 동물학에 관한 논문이 다수 있다. 취미는 등산. 주소는 런던 서구 켄싱턴 엠모어 공원......'


""경력은 잘 알았습니다. 그런데 이 교수는 또 무슨 일을 했나요 ? 제가 만날 목적을 말씀해 주십시오.""
별안간 편집국장의 얼굴에서 미소가 사라진 것을 나는 놓치지 않았다. 그러나 편집국장은 곧 침착을 되찾더니,
""교수는 2년 전쯤 혼자 남아메리카에 갔다가 작년에 돌아왔지. 남아메리카에 들른 것은 확실한데, 어딜 갔었는지는 모르네. 어쨌든 뜻밖의 사건에 부딪혔을 거라고 하는데, 그게 도무지 믿어지지 않는 거지. 아무튼 무뚝뚝한데다, 꼬치꼬치 캐묻는 신문 기자를 계단에서 밀어버릴 수 있을 정도의 인물이니까 말이야. 머론, 자네도 충분히 조심을 하게. 부상을 입으면 안 되니까 말이야.""
하며 염려스럽다는 듯이 내 얼굴을 보았다. 이런 이야기를 들으면 나는 오히려 힘이 솟는다.




""제게 맡겨 두십시오, 국장님. 좌우간 부딪쳐 보겠습니다.""
일어서서 문 쪽으로 나가는 나에게 편집국장이 뒤에서 무엇이라고 말했으나, 이미 나는 그 소리가 귀에 들어오지 않았다.
신문사를 뛰쳐나온 나는 걸으면서 조금 전에 편집국장에게서 받은 챌린저 교수에 관한 메모를 되풀이해서 읽었다. 그리고 이 일이 꽤나 어려운 작업이 되리라고 짐작했다.
'챌린저 교수는 꽤 고집쟁이인 모양이지. 게다가 신문 기자들을 싫어해, 조심하지 않으면 곤란할 거다!'
그래서, 나는 먼저 과학자들이 모이는 클럽에 들르기로 했다. 클럽에 들어서자 우연히도 자연 과학에 관한 신문을 만드는 신문사에 근무하는 헨리 선배가 있었다.
얼른 나는 그에게 말을 건네었다.
""헨리 씨, 안녕하십니까. 잠깐 묻겠는데, 챌린저 교수는 도대체 어떤 사람이죠?“
곧 헨리는 미간을 찌푸리며 토해 내듯이 대답했다.
""대단한 허풍선이야. 몇백만 년이나 전에 이 땅 위에서 사멸해 버린 공룡이라든지, 익수룡이라든지, 또 쥬라기의 대 파충류가 지금까지도 살아 있는 곳을 남아메리카에서 발견했다는 거야. 우리들 신문 기자를 집합시켜 자기 얘기를 믿도록 하려 했었어. 물론, 누구 하나 상대하지 않았지만 말일세. 그러자 교수는 신경질을 부리더니 그 후부터는 그 발견에 대해선 입을 다물고 말았어. 아마 자기의 허풍이 부끄러워서 잠자코 있는 것 같네.""
헨리 선배 자신도 전혀 믿고 있지 않는다는 말투였다. 나는 오히려 그것이 관심을 갖게 하는 계기가 되어,
""그리고 또 없나요?""
하고 다그쳐 물었다.
""응? 아, 자네도 알겠지만 내 전문은 세균학이야. 인간에 대해선 별로 시비를 하지 않는 편이지만 학자들 모임에서는 챌린저 교수 얘기가 자주 나오는 것으로 보아 동물학자로서의 그는 훌륭한 모양이야. 머리도 좋다는군. 다만 성미가 급하여 금방 노골적으로 흥분을 하지. 그리고 적잖게 허풍을 치며, 아마존 사건에서는 사진 위조까지 했고, 최근에는 빈 학회에서 와이즈먼 씨의 진화론을 공격하여 큰 논쟁을 불러일으켰지.""
""그 빈 사건을 간단히 말해 줄 수 없어요?""
""한 마디로 설명할 순 없어. 그렇군, 신문사에 자료집이 있으니 시간이 있으면 그걸 보러 오게.""
""예, 부탁합니다.""
선배의 호의로 나는 그 자료를 보러 그의 신문사를 찾아갔다.
그런데 그 자료집―다윈과 와이즈먼―에 있는 논문은, 나와 같이 과학에 대한 전문 지식을 갖지 못한 사람에게는 굉장히 어려운 문장이었다.
그러나 어쨌든 영국을 대표하는 챌린저 교수가 유럽 대륙의 과학자들의 의견을 낱낱이 부정하고, 그 때문에 빈 학회가 큰 혼란에 빠진 것 같은 느낌은 받을 수 있었다.
그러나 문제가 된 논의(論議)의 내용에 대해서는 아는 바가 별로 없었기 때문에 도무지 갈피를 잡을 수가 없었던 것이다. 그렇다고 내가 교수와의 인터뷰를 단념할 만큼 소극적인 인간은 아니었다. 나는 좋은 생각이 떠올랐다. 선배의 신문사 이름을 빌어 챌린저 교수 앞으로 지도를 받고 싶다는 편지를 발송한 것이다.
그 편지를 우체통에 넣고 나는 매일 선배 회사에 들렀다. 물론 교수로부터의 답장을 기다리고 있었던 것이다.
이튿날은 답장이 없었다. 그 다음 날도 없었다.
'이거 편지 쓰는 법이 서툴렀나? 인터뷰를 하지 못한다면 편집국장을 만날 면목이 없잖아........'
하고 생각하면서 사흘째에 선배 회사를 찾아갔다가 나는 무척 반가워했다. 교수로부터 편지가 와 있었던 것이다. 자리를 옮겨 봉투를 뜯어보았더니,
'오늘 11시에 만나러 와도 좋습니다........'
라고 답장에 씌어 있었다.
나는, 됐다! 싶었다. 어쨌든 이제 신문 기자를 싫어한다는 챌린저 교수를 만나야겠다는 첫 번째 계획이 성공한 것이다.
약간 신경이 쓰이는 것은 그 답장의 문면(文面)이 정말 투박했고, 더욱이 글씨체도 아무렇게나 마구 갈겨 쓴 점이었으나, 이 때 나는 인터뷰를 할 수 있다는 기대 뿐으로 딴 일에 대해서는 미처 생각할 여유가 없었던 것이다.

거짓말 같은 이야기




교수와 나는 거리에서 잠깐 동안 서로 얼굴을 바라보며 난처한 표정을 짓고 있었다. 교수의 눈에서는 조금 전에 있었던 노기가 사라지고 없었다. 그러나 음성만은 여전했다.
""들어와, 당신과의 얘기가 아직 끝나지 않았어.""
하고 악을 쓰듯이 말하고 벌써 자기 혼자 현관 쪽으로 걸어갔다.
뜻밖의 교수의 말에 나는 내심 약간 놀랐으나 직업상의 의무도 있었으므로 아무 말 없이 교수의 뒤를 따라 들어갔다.
아까 교수와 함께 굴러 떨어진 계단을 다시 올라갔다.
""아무튼 거기 앉아요! ""
말투는 여전히 무뚝뚝했으나, 교수의 눈초리는 결코 나에 대해서 나쁜 감정을 가지고 있는 것은 아니었다. 조금 전의 경찰관에 대한 내 대답이 교수의 마음을 누그러뜨린 것 같았다.
그 증거로는 말투가 훨씬 부드럽게 느껴진 것이다.
교수는 내 얼굴을 응시하면서,
""당신은 내가 가장 싫어하는 신문 기자치고는 좀 보기 드문 사람인 것 같아요. 그래서 나는 당신에게만은 특별 대우를 하겠소. 그러니까 말이야, 당신이 거짓 수법으로 나를 만나고 싶어한 진짜 목적, 곧 남아메리카 여행의 진상을, 특히―알겠소? 특히 당신에게 들려 줄 마음이 있어요. 하지만 한 가지만 미리 일러두겠소. 내 얘기를 듣고 나의 비평을 하면 안 돼요. 또 내 허락을 받지 않고 딴 사람에게 얘기를 해서도 안 됩니다. 물론 신문 따위에 절대로 발표하면 안 됩니다. 어떻소, 약속할 수 있소?""
""예, 저는 신문 기자니까 교수님 말씀을 지킨다는 것은 적이 어려운 노릇일 겁니다. 하지만 저도 사내입니다. 교수님과의 약속을 지키겠습니다.""
""좋아, 당신을 믿겠소. 되풀이하지만 절대로 약속을 지켜 주시오.""
교수는 일어서자 방문을 새삼 조심스럽게 닫았다.
그리고 다섯 시간 가량이나 나는 챌린저 교수가 강조하는, 절대 비밀을 지켜 달라는 이야기를 들은 것이다.
그것은 정말 내가 일찍이 상상하지 못한 이야기였다. 나는 몇 번이나, 이야기를 들으면서 기분이 묘해지곤 했는지 모른다.
나를 놀라게 한 교수의 이야기란 다음과 같다.
챌린저 교수는 2년 전에 남아메리카의 아마존 강 오지로 아마존에 살고 있는 동물들을 조사하러 갔었다.
그 근방에는 지도에도 없는 많은 지류가 밀림 속을 누비며 흐르고 있었으며, 그 연안은 아직 일부분밖에 탐험되고 있지 않은, 문자 그대로 미지의 세계였다.
""나는 그 근처에서 동물 분포 조사를 뜻대로 할 수 있었소. 그리고 작업을 마치고 돌아오는 도중에 때마침 하룻밤을 어떤 인디언 부락에서 보내게 되었소. 그 곳은, 가던 길에도 묵으면서 추장을 비롯하여 몇 사람 토박이들의 병을 치료하여, 크게 인기를 얻었던 마을이었소, 내가 돌아온 것을 보자, 인디언들이 손짓으로 추장의 집에 중환자가 있다고 알리는 거였소. 그래서 서둘러 추장 집으로 갔었는데 유감스럽게도 병자는 막 숨을 거둔 뒤였소. 그리고 놀란 것은, 그 병자가 토박이가 아니라 백인이었던 겁니다.""
챌린저 교수는 완전히 기분이 회복되어 신바람이 나서 이야기를 계속했다. 나는 신기한 그 이야기에 가슴 설레면서 온몸이 귀가 되어 주의를 기울이고 있었다.
""인디언들이 들려주는 말에 의하면, 그 백인은 그 지방에서 보지 못했던 사람으로 밀림 속을 헤매며 돌아다니다가 간신히 이 마을에 다다른 모양이었소. 누더기를 걸친 것으로 보아 고통스러운 여행이었다는 것을 한 눈에 알 수 있었습니다.
그 백인이 남겨 놓고 간 부대 안에는, 미시간 주 디트로이트 시 레이크 거리의 메이플 화이트라고 주소 성명이 씌어 있었지요. 물건은 노트 한 권, 스케치북, 그리고 그림물감 상자, 권총 한 자루, 그리고 내가 지금 이 책상 위에 놓고 바라보는 구부러진 뼈뿐이었소.""
교수의 책상 위에는 누더기처럼 된 스케치북이나 동물의 큼직한 뼈, 그리고 무엇인지 명확하지 않은 안개가 낀 사진 따위가 아무렇게나 놓여 있었다.
나는 막연한 기분으로 스케치북을 들고 책장을 펼쳐 보았다.
거기에 그려져 있는 그림을 본 순간, 나는 별안간 눈이 번쩍 뜨였다.
뭐라고 형용하기 어려운 짐승의 그림이 많이 그려져 있었던 것이다.
머리는 새와 같고, 허리께는 도마뱀, 울퉁불퉁 비늘이 돋아난 길쭉한 꼬리, 등에는 수탉의 볏 같은 것이 한 줄로 서 있었다.
그 곁에 서 있는 난쟁이와 같은 인간과 크기를 비교해 볼 때 여간 거대한 동물이 아니었다. 그 뿐 아니라 교수의 설명이 더 기묘했다.
""이 그림은 메이플 화이트-그 사망한 백인이, 실제로 있는 동물을 보고 그린 것임에 틀림없어요. 아니, 분명 그래요.""
교수의 말에는 무엇인가 자신이 넘친 신념 같은 것이 있었다.
그럴 수가 있는 것일까? 이 동물은 쥬라기라는 아주 옛날에 있었던 공룡과 같았다. 쥬라기란, 지금으로부터 몇억 년 전의, 아직 지구상에 인간이 없었던 시대를 가리킨다. 그런 시대의 동물이 현재도 살아 있었다고는 도저히 믿을 수 없지 않은가.
그런데 챌린저 교수는 진지하게 그것을 믿고 있는 것이다.
그리고 이윽고 교수 자신이 자기 눈으로 목격했던 것을 이야기해 주었다.
교수는 아마존의 인디언들이 두려워하고 있는, 클루프리라는 악마의 정체를 확인하려고 결심한 끝에, 싫어하는 토인들을 설득하여 안내인을 데리고 클루프리가 살고 있는 데를 찾아 나선 것이다.
챌린저 교수는 이야기를 하면서 책상 위에 해묵은 사진과 스케치북의 풍경을 펼쳐 보였다.
""이걸 보시오, 이것이 스케치북에 그려져 있는 낭떠러지요. 이것이 뾰족한 바위요. 보시오, 바위 위에 큰 나무가 있잖소.""
아닌게 아니라 이야기를 듣고 보니 사진과 스케치에 그려져 있는 풍경은 분명히 같은 것이었다.
양쪽을 비교하고 있는 나에게 교수는,
""하지만 유감스럽게도 도중에 내가 타고 있던 배가 전복했었지. 모처럼 찍은 필름이 전부 못 쓰게 돼 버렸어, 한 장 남은 이 사진도 보다시피 흐릿하고 말이야.""
교수는 여간 아쉬워하는 것이 아니었다.
교수가 촬영했다고 하는 사진을 자세히 보니 나무에 무엇인가 새와 닮은 것이 있었다.
그래서 나는,
""이건 펠리컨인가요?""
하고 묻자, 교수는 고개를 옆으로 흔들며 큰 소리로 웃었다. 사실 생각해 보면 펠리컨이 높은 나무 위에 있을 리가 없는 것이었다.




""그건 새가 아닙니다. 파충류지요. 테라노돈(익수룡,翼手龍)이라는 것으로서 나는 이걸 총으로 맞춘 적이 있었소. 어때, 놀랐지요!""
""그럼, 교수님은 현재 그걸 가지고 계신가요?""
""아니, 유감스럽게도 이것도 날개의 일부분뿐입니다. 아까 얘기한 바와 같이 배가 전복되었을 때 이 귀중한 노획물을 잃어버린 겁니다. 날개만을 꼭 잡고 있었기 때문에 찢겨져 내 손에 남아 있게 됐지요.""
챌린저 교수는 못내 아쉬운 듯이 이렇게 말하며 테라노돈의 날개라는, 박쥐와 같은 날개를 펼쳐 보였다.
""굉장하군요. 이런 신바람 나는 얘기는 처음입니다!""
나는 외쳤다.
교수는 더욱더 신명이 나서 그 당시의 탐험 이야기를 내게 자세히 들려주었다.
그러나 유감스럽게도 현재는 신문에 그 탐험담을 싣지 못한다.
왜냐 하면 나는 챌린저 교수의 허락이 있을 때까지는 절대로 아무에게도 이야기하거나 발표하지 않겠다고 굳게 약속을 했던 것이다.","독자 여러분, 여러분은-그렇다, 먼저 내 소개부터 시작하기로 한다. 나는 영국에서도 가장 유력한 신문으로 알려져 있는, 런던의 《데일리 가제트》 신문의 젊은 기자이다. 이름은 에드워드 머론, 기억해 주기 바란다.
아직 신출내기 신문 기자이기는 하지만, 무엇인가 굉장한 기사를 발표하여 세상을, 아니 독자 여러분을 깜짝 놀라게 해 주려고 그 기회를 엿보고 있는 중이다.
그런데 그러한 기회가 드디어 찾아온 것이다. 여러분에게 이제부터 이야기하고자 하는 것이 그런 이야기인데, 사실은 나 스스로도 처음 얼마 동안은 믿을 수 없을 정도로 진짜 놀라운 경험이었던 것이다. 그러므로 독자인 여러분이 고개를 갸우뚱하는 것도 당연하다고 생각된다. 그러나 틀림이 없는 사실이다. 내 자신이 이 눈으로 보았고, 실제로 체험했기 때문이다.
군소리는 이 정도로 하고 이제 본격적인 이야기를 시작하자.",5569
광염 소나타,김동인,"광염 소나타




독자는 이제 내가 쓰려는 이야기를, 유럽의 어떤 곳에 생긴 일이라고 생각하여도 좋다. 혹은 사오십 년 뒤에 조선을 무대로 생겨날 이야기라고 생각하여도 좋다. 다만, 이 지구상의 어떠한 곳에 이러한 일이 있었는지도 모르겠다, 있는지도 모르겠다, 혹은 있을지도 모르겠다, 가능성뿐은 있다―이만치 알아두면 그만이다.


그런지라, 내가 여기 쓰려는 이야기의 주인공 되는 백 성수(白性洙)를, 혹은 알벨트라 생각하여도 좋을 것이요, 찜이라 생각하여도 좋을 것이요, 또는 호 모(胡某)나 기무라 모(木村某)로 생각하여도 괜찮다. 다만 사람이라는 동물을 주인공 삼아가지고, 사람의 세상에서 생겨난 일인 줄만 알면…….
이러한 전제로서, 자 그러면 내 이야기를 시작하자.


""기회(찬스)라 하는 것이, 사람을 망하게도 하고 흥하게도 하는 것을 아시오?""
""네, 새삼스러이 연구할 문제도 아닐걸요.""
""자, 여기 어떤 상점이 있다 합시다. 그런데 마침 주인도 없고 사환도 없고 온통 비었을 적에 우연히 그 앞을 지나가던 신사가―그 신사는 재산도 있고 명망도 있는 점잖은 사람인데―그 신사가 빈 상점을 들여다보고 혹은 이렇게 생각할 수도 있지 않어요? 통 비었으니깐 도적놈이라도 넉넉히 들어갈 게다, 들어가서 훔치면 모를 테다, 집을 왜 이렇게 비워 둔담……. 이런 생각 끝에 혹은 그…… 그 뭐랄까, 그 돌발적(突發的) 변태 심리로서 조그만 물건 하나(변변치도 않고 욕심도 안 나는)를 집어서 주머니에 넣는 경우가 있을지도 모르지 않겠습니까?""
""글쎄요.""
""있습니다, 있어요.""
어떤 여름날 저녁이었었다. 도회를 떠난 교외 어떤 강변에, 두 노인이 앉아서 이런 이야기를 하고 있었다. 그 기회론을 주장하는 사람은, 유명한 음악 비평가 K씨였었다. 듣는 사람은 사회 교화자의 모씨였었다.
""글쎄 있을까요?""
""있어요……. 좌우간 있다 가정하고, 그러한 경우에는 그 책임은 어디 있습니까?""
""동양 속담 말에, 외밭서는 신 끈도 다시 매지 말랬으니, 그 신사가 책임을 질까요?""
""그래 버리면 그뿐이지만 그 신사는 점잖은 사람으로서, 그런 절대적 기묘한 찬스만 아니더라면 그런 마음은커녕 염도 내지도 않을 사람이라 생각하면 어찌 됩니까?""
""…….""
""말하자면 죄는 <기회>에 있는데 <기회>라는 무형물은 벌은 할 수가 없으니깐, 그 신사를 가해자로 인정할 수밖에는 지금은 없지요.""
""그렇습니다.""
""또 한 가지…… 사람의 천재라 하는 것도, 경우에 따라서는 어떤 <기회>가 없으면 영구히 안 나타나고 마는 일이 있는데, 그 <기회>란 것이 어떤 사람에게서, 그 사람의 <천재>와 <범죄 본능>을 한꺼번에 끄을어 내었다면 우리는 그 <기회>를 저주하여야겠습니까 축복하여야겠습니까?""
""글쎄요.""
""선생은 백 성수라는 사람을 아시오?""
""백 성수?…… 자…… 기억이 없는데요.""
""작곡가(作曲家)로서 그…….""
""네, 생각납니다. 유명한…… <광염(狂炎) 소나타>의 작가 말씀이지요?""
""네, 그 사람이 지금 어디 있는지 아십니까?""
""모릅니다. ……뭐 발광했단 말이 있었는데…….""
""네, 지금 ××정신병원에 감금돼 있는데, 그 사람의 일대기를 이야기할게 들으시고, 사회 교화자(社會敎化者)로서의 의견을 말씀해 주십쇼.""
―내가 이제 이야기하려는 백 성수의 아버지도, 또한 천분 많은 음악가였습니다. 나와는 동창생이었는데 학생 시대부터 벌써 그의 천분은 넉넉히 볼 수가 있었습니다. 그는 작곡과(作曲科)를 전공하였는데, 때때로 스스로 작곡을 하여서는 밤중에 혼자서 피아노를 두드리고 하여서, 우리들로 하여금 뜻하지 않고 일어나게 하고 하였습니다. 그리고 우리는 그 밤중에 울리어오는 야성(野性)적 선율에 몸을 소스라치고 하였습니다.
그는 야인(野人)이었습니다. 광포스런 야성은 때때로 비위에 틀리면 선생을 두들기기가 예사이며, 우리 학교 근처의 술집이며 모든 상점 주인들은 그에게 매깨나 안 얻어맞은 사람이 없었습니다. 그러한 야성은 그의 음악 속에 풍부히 잠겨 있어서, 오히려 그 야성적 힘이 그의 예술을 빛나게 하는 것이었습니다.
그러나 그가 학교를 졸업하고 난 뒤에는 그 야성은 다른 곳으로 발전되고 말았습니다.
술―술―무서운 술이었습니다. 아침부터 저녁까지, 저녁부터 아침까지, 술잔이 그의 입에서 떠나지를 않았습니다. 그리고 술을 먹고는 여편네들에게 행패를 하고, 경찰서에 구류를 당하고, 나와서는 또 같은 일을 하고…….
작품? 작품이 다 무엇이외까? 술을 먹은 뒤에 취흥에 겨워, 때때로 피아노에 앉아서 즉흥(卽興)으로 탄주를 하고 하였는데, 지금 생각하면 그 귀기(鬼氣)가 사람을 엄습하는 힘과 야성(베토벤 이래로 근대 음악가에서 발견할 수 없던), 그건…… 보물이라 하여도 좋을 것이 많았지만, 우리들은 각각 제 길 닦기에 바쁜 사람이라, 주정꾼의 즉흥악을 일일이 베껴 둔다든가 그런 일은 꿈에도 생각하지 않았습니다.
우리들은 그의 장래를 생각하여 때때로 술을 삼가기를 권고하였지만, 그런 야인에게 친구의 권고가 무슨 소용이 있겠습니까.
""술? 술은 음악이다!""
하고는 하하하하 웃어 버리고 다시 술집으로 달아나고 합니다.
그러한 칠팔 년이 지난 뒤에 그는 아주 폐인이 되고 말았습니다. 술이 안 들어가면 그의 손은 떨렸습니다. 눈에는 눈꼽이 끼었습니다. 그리고 술이 들어가면…… 술만 들어가면 그는 그 광포성을 발휘하였습니다. 누구를 물론하고 붙잡고는 입에 술을 부어 넣어 주었습니다. 그러다가는 장소를 불문하고 아무 데나 누워서 잡니다.
사실 아까운 천재였습니다. 우리들 사이에는 때때로 그의 천분을 생각하고 아깝게 여기는 한숨이 있었지만, 세상에서는 그 장래가 무서운 한 천재가 있었다는 것은 몰랐었습니다.
그러는 동안에 그는 어떤 양가의 처녀를 어떻게 관계를 맺어서 애까지 뱄습니다. 그러나 그 애의 출생을 보지 못하고, 아깝게도 심장마비로 죽어버리고 말았습니다.
그 유복자로 세상에 나온 것이 백 성수였습니다.
그러나 우리는 백 성수가 세상에 출생되었다는 풍문만 들었지, 그 애 아버지가 죽은 뒤부터는 그 애의 소식이며 그 애 어머니의 소식은 일체 몰랐습니다. 아니, 몰랐다는 것보다 그 집안의 일은 우리의 머리에서 온전히 잊어버리우고 말았습니다.
삼십 년이라는 세월이 흘렀습니다.
십 년이면 산천도 변한다 하는데 삼십 년 사이의 변천을 어찌 이루 다 말하겠습니까. 좌우간 그 동안에 나는 내 길을 닦아놓았습니다. 아시다시피 지금 K라 하면 이 나라에서 첫 손가락을 꼽는 음악비평가가 아닙니까. 견실한 지도적 비평가 K라면 이 나라의 음악계의 권위며, 이 나의 한마디는 음악가의 가치를 결정하는 판결문이라 하여도 옳을 만치 되었습니다. 많은 음악가가 내 손 아래에서 자랐으며, 많은 음악가가 내 지도로써 이름을 날렸습니다.
재작년 이른 봄 어떤 날이었습니다.
그때 나는 조용한 밤중의 몇 시간씩을 ○○예배당에 가서, 명상으로 시간을 보내는 것이 습관이 되어 있었습니다. 언덕 위에 홀로 서 있는 집으로서, 조용한 밤중에 혼자 앉아 있노라면 때때로 들보에서, 놀라서 깨인 비둘기의 날개 소리와, 간간이 기둥에서 뚝뚝 하는 소리밖에는 아무 소리도 들리지 않는, 말하자면 나 같은 괴상한 성미를 가진 사람이 아니면 돈을 주면서 들어가래도 들어가지 않을 음침한 집이었습니다. 그러나 나 같은 명상을 즐기는 사람에게는, 다른 데서 구하기 힘들도록 온갖 것이 갖추어진 집이었습니다. 외따르고 조용하고 음침하며, 간간이 알지 못할 신비한 소리까지 들리며, 멀리서는 때때로 놀란 듯한 기적(汽笛) 소리도 들리는……. 이것뿐으로도 상당한데, 게다가 이 예배당에는 피아노도 한 대 있었습니다. 예배당에는 오르간은 있을지나 피아노가 있는 곳은 쉽지 않은 것으로서, 무슨 흥이나 날 때에는 피아노에 가서 한곡조 두드리는 재미도 또한 괜찮았습니다.
그날 밤도(아마 두시는 지났을 걸요) 그 예배당에서 혼자서 눈을 감고 조용한 맛을 즐기고 있노라는데 갑자기 저편 아래에서 재재 하는 소리가 납디다. 그래서 눈을 번쩍 뜨니까 화광이 충천하였는데, 내다보니까 언덕 아래 어떤 집이 불이 붙으며 사람들이 왔다갔다 야단이었습니다.
이렇게 말하면 어떨지 모르지만, 그다지 멀지 않은 곳에서 불붙는 것을 바라보는 맛도 괜찮은 것이었습니다. 일어서는 불길이며, 퍼져 나가는 연기, 불씨의 날아나는 양, 그 가운데 거뭇거뭇 보이는 기둥, 집의 송장, 재재거리는 사람의 무리, 이런 것은 어떻게 생각하면 과연 시도 될지며 음악도 될 것이었습니다. 옛날에 <네로>가 불붙는 것을 바라보면서 자기는 비파를 들고 노래를 하였다는 것도 음악가의 견지로 보면 그다지 나무랄 것이 아니었습니다.
나도 그때에 그 불을 보고 차차 흥이 났습니다.
……<네로>를 본받아서 나도 즉흥으로 한곡조 두드려 볼까, 어렴풋이 이런 생각을 하며, 나는 그 불을 정신없이 바라보고 있었습니다.
그때였습니다. 갑자기 덜컥덜컥하는 소리가 들리더니 예배당 문이 열리며, 웬 젊은 사람이 하나 낭패한 듯이 뛰어들어왔습니다. 그리고 무엇에 놀란 사람같이 두리번두리번 사면을 살피더니, 그래도 내가 있는 것은 못 보았는지 저편에 있는 창 안에 가서 숨어서서, 아래서 붙는 불을 내려다봅니다.
나도 꼼짝을 못하였습니다. 좌우간 심상스런 사람은 아니요, 방화범이나 도적으로밖에는 인정할 수 없지 않겠습니까? 그래서 꼼짝을 못하고 서 있노라니까 그 사람은 한참 정신없이 서 있다가 한숨 쉽니다. 그리고 맥없이 두 팔을 늘이고 도로 나가려고 발을 떼려다가 자기 곁에 피아노가 놓인 것을 보더니, 교의를 끌어다 놓고 피아노 앞에 주저앉고 말겠지요. 나도 거기는 그만 직업적 흥미가 끄을렸습니다. 그래서 무엇을 하나 보자 하고 있노라니까, 뚜껑을 열더니 한번 뚱 하고 시험을 해보아요. 그리고 조금 있더니 다시 뚱뚱 하고 시험을 해보겠지요.
이때부터 그의 숨소리가 차차 높아 가기 시작했습니다. 씩씩거리며 몹시 흥분된 사람같이 몸을 떨다가, 벼락같이 양손을 <키> 위에 갖다가 덮었습니다. 그 다음 순간 C#단음계(短音階)의 알레그로가 시작되었습니다.
처음에는 다만 흥미로서 그의 모양을 엿보고 있던 나는, 그 알레그로가 울리어나오는 순간 마음은 끝까지 긴장되고 흥분되었습니다.
그것은 순전한 야성(野性)적 음향이었습니다. 음악이라 하기에는 너무 힘있고 무기교(無技巧)이었습니다. 그러나 음악이 아니라기에는 거기는 너무 괴롭고도 무겁고 힘 있는 <감정>이 들어 있었습니다. 그것은 마치 야반의 종소리와도 같이 사람의 마음을 무겁고 음침하게 하는 음향인 동시에, 맹수의 부르짖음과 같이 사람으로 하여금 소름 돋히게 하는 무서운 감정의 발현이었습니다. 아아, 그 야성적 힘과 남성적 부르짖음, 그 아래 감추어 있는 침통한 주림과 아픔, 순박하고도 아무 기교가 없는 그 표현!
나는 털썩 그 자리에 주저앉고 말았습니다. 그리고 음악가의 본능으로서 뜻하지 않고 주머니에서 오선지(五線紙)와 연필을 꺼내었습니다. 피아노의 울리어 나아가는 소리에 따라서 나의 연필은 오선지 위에서 뛰놀았습니다. 등불도 없는지라, 손짐작으로.
……좀 급속도로 시작된 빈곤, 거기 연하여 주림, 꺼져 가는 불꽃과 같은 목숨, 그러한 것을 지나서 한참 연속되는 완서조(緩徐調)의 압축된 감정, 갑자기 튀어져 나오는 광포(狂暴). 거기 연한 쾌미(快味), 홍소(哄笑)―이리하여 주화조(主和調)로서 탄주는 끝이 났습니다. 더구나 그 속에 나타나 있는 압축된 감정이며 주림, 또는 맹렬한 불길 등이 사람의 마음에 주는 그 처참함이며 광포성은, 나로 하여금 아직 <문명>이라 하는 것의 은택에 목욕하여 보지 못한 야인(野人)을 연상케 하였습니다.
탄주가 다 끝이 난 뒤에도 나는 정신을 못 차리고 망연히 앉아 있었습니다. 물론 조금이라도 음악의 소양이 있는 사람일 것 같으면, 이제 그 소나타를, 음악에 대하여 정통(正統)으로 아무러한 수양도 받지 못한 사람이, 다만 자기의 천재적 즉흥뿐으로 탄주한 것임을 알 것입니다. 해결(解決)도 없이, 감칠도화현(減七度和絃)이며 증육도화현(增六度和絃)을 범벅으로 섞어 놓았으며, 금칙(禁則)인 병행 오팔도(竝行五八度)까지 집어넣은 것으로서, 더구나 스케르초는 온전히 뽑아 먹은―대담하다면 대담하고 무식하다면 무식하달 수도 있는 방분 자유한 소나타였습니다.
이때에 문득 내 머리에 떠오른 것은, 삼십 년 전에 심장마비로 죽은 백○○였습니다. 그의 음악으로서, 만약 정통적 훈련만 뽑고 거기다가 야성을 더 집어넣으면 지금 내 눈앞에 있는 그 음악가의 것과 같은 것이 될 것이었습니다. 귀기(鬼氣)가 사람을 엄습하는 듯한 그 힘과 방분스런 표현과 야성(野性)―이것은 근대 음악가에게 구하기 힘든 보물이었습니다.
그 소나타에 취하여 한참 정신이 어리둥절히 앉았던 나는, 고즈넉이 일어서서 그 피아노 앞에 가서 그의 어깨에 가만히 손을 얹었습니다. 한 곡조를 타고 나서 아주 곤한 듯이 정신이 없이 앉아 있던 그는, 펄떡 놀라며 일어서서 내 얼굴을 보았습니다.
""자네 몇 살 났나?""
나는 그에게 이렇게 첫 말을 물었습니다. 가슴이 답답한 나로서는 이런 말밖에는 갑자기 다른 말이 생각 안 났습니다. 그는 높은 창에서 들어오는 달빛을 받고 있는 내 얼굴을 한순간 쳐다보고, 머리를 돌이키고 말았습니다.
""배 고프나?""
나는 두 번째 그에게 물었습니다.
그는 시끄러운 듯이 벌떡 일어섰습니다. 그리고 달빛이 비친 내 얼굴을 정면으로 바라보다가,
""아, K 선생님 아니세요?""
하면서 나를 붙들었습니다. 그래서 그렇노라고 하니깐,
""사진으로는 늘 뵈었습니다마는…….""
하면서 다시 맥없이 나를 놓으며 머리를 돌렸습니다.
그 순간―그가 머리를 돌이키는 순간, 달빛에 걸핏 나는 그의 얼굴을 처음으로 보았습니다. 그리고 나는 거기서 뜻밖에, 삼십 년 전에 죽은 벗 백○○의 모습을 발견하였습니다.
""아, 자네 이름이 뭐인가?""
""백 성수…….""
""백 성수? 그 백○○의 아들이 아닌가. 삼십 년 전에, 자네가 나오기 전에 세상떠난…….""
그는 머리를 번쩍 들었습니다.
""네? 선생님 어떻게 아세요?""
""백○○의 아들인가? 같이두 생겼다. 내가 자네의 아버지와 동창이네. 아아…… 역시 그 애비의 아들이다.""
그는 한숨을 길게 쉬며 머리를 숙여버렸습니다.
나는 그날 밤 그 백 성수를 데리고 집으로 돌아왔습니다. 그리고 비록 작곡상 온갖 법칙에는 어그러진다 하나, 그만치 힘과 정열과 열성으로 찬 소나타를 거저 버리기가 아까워서 다시 한번 피아노에 올라앉기를 명하였습니다. 아까 예배당에서 내가 베낀 것은 알레그로가 거의 끝난 곳부터였으므로 그전 것을 베끼기 위해서였습니다.
그는 피아노를 향하여 앉아서 머리를 기울였습니다. 몇 번 손으로 <키>를 두드려보다가는 다시 머리를 기울이고 생각하고 하였습니다. 그러나 다섯 번, 여섯 번을 다시 하여 보았으나 아무 효과도 없었습니다. 피아노에서 울려오는 음향은, 규칙 없고 되지 않은 한낱 소음(騷音)에 지나지 못하였습니다. 야성? 힘? 귀기(鬼氣)? 그런 것은 없었습니다. 감정의 재뿐이었습니다.
""선생님 잘 안됩니다.""
그는 부끄러운 듯이 연하여 고개를 기울이며 이렇게 말하였습니다.
""두 시간도 못돼서 벌써 잊어버린담?""
나는 그를 밀어 놓고 내가 대신하여 피아노 앞에 앉아서, 아까 베낀 그 음보를 펴놓았습니다. 그리고 내가 베낀 곳부터 타기 시작하였습니다.
화염(火炎)! 화염! 빈곤, 주림, 야성적 힘, 기괴한 감금당한 감정! 음보를 보면서 타던 나는 스스로 흥분이 되었습니다. 미상불 그때는 내 눈은 미친 사람같이 번득였으며, 얼굴은 흥분으로 새빨갛게 되었을 것이었습니다.
즉, 그때에 그가 갑자기 달려들더니 나를 떠밀쳐버렸습니다. 그리고 자기가 대신하여 앉았습니다.
의자에서 떨어진 나는, 그 자리에 앉은 대로 그의 양을 쳐다보았습니다. 그는 나를 밀쳐버린 다음에 그 음보를 들고서 읽기 시작하였습니다. 아아 그의 얼굴! 그의 숨소리가 차차 높아지면서 눈은 미친 사람과 같이 빛을 내기 시작하였습니다. 그러더니 그 음보를 홱 내어던지며 문득 벼락같이 그의 두 손은 피아노 위에 덧업였습니다.
의 광포스런 <소나타>는 다시 시작되었습니다. 폭풍우같이, 또는 무서운 물결같이 사람으로 하여금 숨막히게 하는 그 힘, ―그것은 베토벤 이래로 근대 음악가에서 보지 못하던 광포스런 야성이었습니다.
무섭고도 참담스런 주림, 빈곤, 압축된 감정, 거기서 튀어져나온 맹염(猛炎), 공포, 홍소― 아아, 나는 너무 숨이 답답하여, 뜻하지 않고 두 손을 홱 내저었습니다.
그날 밤이 새도록, 그는 흥분이 되어서 자기의 과거를 일일이 다 이야기하였습니다. 그 이야기에 의지하면 대략 그의 경력이 이러하였습니다.
―그의 어머니는 그를 밴 뒤에 곧 자기의 친정에서 쫓겨 나왔습니다.
그때부터 그의 가난함은 시작되었습니다.
그러나 교양이 있고 어진 그의 어머니는 품팔이를 할지언정 성수는 곱게 길렀습니다. 변변치는 않으나마 오르간 하나를 준비하여 두고, 그가 잠자렬 때에는 슈베르트의 <자장가>로써 그의 잠을 도왔으며, 아침에 깨일 때는 하루 종일 유쾌히 지내게 하기 위하여 도랜드의 <세컨드 왈츠>로서 그의 원기를 돋우었습니다.
그는 세 살 났을 적에 어머니의 품속에 안겨서 오르간을 장난하여 보았습니다. 이 오르간을 장난하는 것을 본 어머니는, 근근히 돈을 모아서 그가 여섯 살 나는 해에 피아노를 하나 샀습니다.
아침에는 새소리, 바람에 버석거리는 포플라잎, 어머니의 사랑, 부엌에서 국 끓는 소리, 이러한 모든 것이 이 소년에게는 신비스럽고도 다정스러워, 그는 피아노에 향하여 앉아서 생각나는 대로 <키>를 두드리고 하였습니다.
이러한 가운데 고이 소학과 중학도 마쳤습니다. 그러는 동안에 음악에 대한 동경은 그의 가슴에 터질 듯이 쌓였습니다.
중학을 졸업한 뒤에는 이젠 어머니를 위하여, 그는 학업을 중지하지 않을 수가 없었습니다. 그는 어떤 공장의 직공이 되었습니다. 그러나 어진 어머니의 교육 아래서 길러난 그는, 비록 직공은 되었다 하나 아주 온량한 사람이었습니다.
그리고 음악에 대한 집착은 조금도 줄지 않았습니다. 비록 돈이 없어서 정식으로 음악교육은 못 받을망정, 거리에서 손님을 끄느라고 틀어놓은 유성기 앞이며, 또는 일요일날 예배당에서 찬양대의 노래에 젊은 가슴을 뛰놀리던 그였습니다. 집에서는 피아노 앞을 떠나 본 일이 없었습니다.
때때로 비상한 감흥으로 오선지(五線紙)를 내어놓고, 음보를 그려본 적도 한두 번이 아니었습니다. 그러나 이상한 것은, 그만치 뛰놀던 열정과 터질 듯한 감격도, 음보로 그려놓으면 아무 긴장도 없는 싱거운 음계가 되어 버리고 하였습니다. 왜? 그만치 천분이 있고 그만치 열정이 있던 그에게서, 왜 그런 재와 같은 음악만 나왔느냐고 물으실 테지요. 거기 대하여서는 이따가 설명하리다.
감격과 불만, 열정과 재, ―비상한 흥분과 그 흥분에 반비례되는 시원치 않은 결과, 이러한 불만의 십 년이 지났습니다.
그의 어머니는 문득 몹쓸 병에 걸렸습니다.
자양과 약값, 그의 몇 해를 근근히 모았던 돈은 차차 줄기 시작하였습니다. 조금이라도 안락한 생활이 되기만 하면, 정식으로 음악에 대한 교육을 받으려고 모아 두었던 저금은, 그의 어머니의 병에 다 들어갔습니다. 그러나 그의 어머니의 병은 차도가 보이지 않았습니다.
그리하여 그와 내가 그 예배당에서 만나기 전해 여름 어떤 날 그의 어머니는 도저히 회복할 가망이 없는 중태에까지 빠지게 되었습니다. 그러나 그때는 벌써 그에게는 돈이라고는 다 떨어진 때였습니다.
그날 아침, 그는 위독한 어머니를 버려 두고 역시 공장에를 갔습니다. 그러나 아무리 하여도 마음이 놓이지 않아서, 일을 중도에 그만두고 집으로 돌아왔습니다. 그때는 어머니는 벌써 혼수상태에 빠져 있었습니다. 가슴이 덜컥 내려앉은 그는 황급히 다시 뛰어나갔습니다. 그러나 어디로? 무얼 하러? 뜻없이 뛰어나와서 한참 달음박질하다가, 그는 문득 정신을 차리고 의사라도 청할 양으로 히끈 돌아섰습니다.
그때였습니다. 아까 내가 말한 바 <기회>라는 것이 그때에 그의 앞에 나타났습니다. 그것은 조그만 담뱃가게 앞이었는데, 가게와 안방과의 사이의 문은 닫혀 있고 안에는 미상불 사람이 있을지나 가게를 보는 사람이 눈에 안 띄었습니다. 그리고 그 담배 상자 위에는 오십 전짜리 은전 한 닢과 동전 몇 닢이 놓여 있었습니다.
그는 자기로도 무엇을 하는지 몰랐습니다. 의사를 청하여 오려면 다만 몇십 전이라도 돈이 있어야겠단 어렴풋한 생각만 가지고 있던 그는, 한번 사면을 살핀 뒤에 벼락같이 그 돈을 쥐고 달아났습니다.
그러나 그는 이십 간도 뛰지 못하여 따라오는 그 집 사람에게 붙들렸습니다.
그는 몇 번을 사정하였습니다. 마지막에는 자기의 어머니가 명재경각이니, 한 시간만 놓아주면 의사를 어머니에게 보내고 다시 오마고까지 하여보았습니다. 그러나 그런 말은 모두 헛소리로 돌아가고, 그는 마침내 경찰서로 가게 되었습니다.
경찰서에서 재판소로, 재판소에서 감옥으로, ―이러한 여섯 달 동안에 이를 갈면서 분해 하였습니다. 자기 어머니의 운명이 어찌 되었나, 그는 손과 발을 동동 구르면서 안타까워했습니다. 만약 세상을 떠났다 하면, 떠나는 순간에 얼마나 자기를 찾았겠습니까. 임종에도 물 한잔 떠넣어줄 사람이 없는 어머니였습니다. 애타하는 그 모양, 목말라하는 그 모양을 생각하고는, 그 어머니에게 지지 않게 자기도 애타하고 목말라했습니다.
반년 뒤에 겨우 광명한 세상에 나와서 자기의 오막살이를 찾아가매, 거기는 벌써 다른 사람이 들어 있었으며, 어머니는 반년 전에 아들을 찾으며 길에까지 기어나와서 죽었다 합니다.
공동묘지를 가보았으나 분묘조차 발견할 수가 없었습니다.
이리하여 갈 곳이 없이 헤매던 그는, 그날도 역시 잘 곳을 찾으러 헤매다가 그 예배당(나하고 만난)까지 뛰쳐들어온 것이었습니다.
― 여기까지 이야기해 오던 K씨는 문득 말을 끊었다. 그리고 마도로스 파이프를 꺼내어 담배를 피워 가지고 빨면서 모씨에게 향하였다.
""선생은 이제 내가 이야기한 가운데 모순된 점을 발견 못하셨습니까?""
""글쎄요.""
""그럼 내가 대신 물으리다. 백 성수는 그만치 천분이 많은 음악가였었는데, 왜 그 광염 소나타(그날 밤의 소나타를 <광염 소나타>라고 그랬습니다.)를 짓기 전에는 그만치 흥분되고 긴장됐다가도 일단 음보로 만들어 놓으면 아주 힘없는 것이 되어 버리고 했겠습니까?""
""그거야 미상불 그때의 흥분이 <광염 소나타>를 지을 때의 흥분만 못한 연고겠지요.""
""그렇게 해석하세요? 듣고 보니 그것도 한 해석이 되기는 합니다. 그러나 나는 그렇게 해석 안하는데요.""
""그럼 K씨는 어떻게 해석하십니까?""
""나는…… 아니, 내 해석을 말하는 것보다 그 백 성수한테서 내게로 온 편지가 한 장 있는데, 그것을 보여드리리다. 선생은 오늘 바쁘시지 않으세요?""
""일은 없습니다.""
""그러면 우리집까지 잠깐 같이 가보실까요?""
""가지요.""
두 노인은 일어섰다.
도회와 교외의 경계에 딸린 K씨의 집에까지 두 노인이 이른 때는 오후 너덧시쯤이었다.
두 노인은 K씨의 서재에 마주앉았다.
""이것이 이삼 일 전에 백 성수한테서 내게로 온 편지인데, 읽어보세요.""
K씨는 서랍에서 커다란 편지뭉치를 꺼내어, 모씨에게 주었다. 모씨는 받아서 폈다.
""가만, 여기서부터 보세요. 그 전에는 쓸데없는 인사이니까.""
―(전략) 그리하여 그날도 또한 이제 밤을 지낼 집을 구하느라고 돌아다니던 저는, 우연히 그 집(제가 전에 돈 오십여 전을 훔친 집) 앞에까지 이르렀습니다. 깊은 밤 사면은 고요한데 그 집 앞에서 잘 곳을 구하느라고 헤매던 저는, 문득 마음속에 무서운 복수의 생각이 일어났습니다. 이 집만 아니었더면, 이 집 주인이 조금만 인정이라는 것을 알았더면, 저는 그 불쌍한 제 어머니로서 길에까지 기어나와서 세상을 떠나게 하지는 않았겠습니다. 분묘가 어디인지조차 알지 못하여, 꽃 한 번 갖다가 꽂아보지 못한 이러한 불효도 이 집 때문이외다. 이러한 생각에 참지를 못하여, 그 집 앞에 가려 있는 볏짚에다가 불을 놓았습니다. 그리고 거기 서서 불이 집으로 옮아가는 것을 다 본 뒤에 갑자기 무서운 생각이 나서 달아났습니다.
좀 달아나다 보매, 아래서는 벌써 사람이 꾀어들기 시작한 모양인데, 이때에 저의 머리에 타오르는 생각은 통쾌하다는 생각과 달아나려는 생각뿐이었습니다. 그리하여 저는 몸을 숨기기 위하여, 앞에 보이는 예배당 안으로 뛰어들어갔습니다.
거기서 불이 다 꺼지도록 구경을 한 뒤에 나오려다가 피아노를 보고…….
""이보세요.""
K씨는 편지를 보는 모씨를 찾았다.
""비상한 열정과 감격은 있어두, 그것이 그대로 표현 안된 것이 그것 때문이었습니다. 즉 성수의 어머니는 몹시 어진 사람으로서, 어렸을 때부터 성수의 교육을 몹시 힘을 들여서 착한 사람이 되도록, 착한 사람이 되도록 이렇게 길렀습니다그려. 그 어진 교육 때문에 그가 하늘에서 타고난 광포성과 야성이 표면상에 나타나지를 못하였습니다. 그 타오르는 야성적 열정과 힘이 음보(音譜)로 그려놓으면 아주 힘없는, 말하자면 김빠진 술같이 되고 하는 것이 모두 그 때문이었습니다그려. 점잖고 어진 교훈이 그의 천분을 못 발휘하게 한 셈이지요.""
""흠!""
""그것이, 그 사람―성수가, 감옥 생활을 할 동안에 한번 씻기우기는 하였으나, 그러나 사람의 교양이라 하는 것은 온전히 씻지는 못하는 것이외다. 그러다가, 그 <원수>의 집 앞에서 갑자기, 말하자면 돌발적으로 야성과 광포성이 나타나서 불을 놓고 예배당 안에 숨어서서 그 야성적 광포적 쾌미를 한껏 즐긴 다음에, 그에게서 폭발하여 나온 것이 그 <광염 소나타>였구려. 일어서는 불길, 사람의 비명, 온갖 것을 무시하고 퍼져 나가는 불의 세력―이런 것은 사실 야성적 쾌미 가운데 으뜸이 되는 것이니깐요.""
""……""
""아셨습니까? 그러면 그 다음에 그 편지의 여기부터 또 보세요.""
……(중략) 저는, 그날의 일이 아직 눈앞에 어리는 듯하외다. 선생님이 저를 세상에 소개하시기 위하여, 늙으신 몸이 몸소 피아노에 앉으셔서, 초대한 여러 음악가들 앞에서 제 <광염 소나타>를 탄주하시던 그 광경은, 지금 생각하여도 제 눈에서 눈물이 나오려 합니다. 그때에 그 손님 가운데 부인 손님 두 분이 기절을 한 것은, 결코 <광염 소나타>의 힘뿐이 아니고, 선생님의 그 탄주의 힘이 많이 섞인 것을 뉘라서 부인하겠습니까. 그 뒤에 여러 사람 앞에 저를 내어세우고, '이 사람이 <광염 소나타>의 작자이며, 삼십 년 전에 우리를 버려두고 혼자 간 일대의 귀재 백○○의 아들이외다.'고 소개를 하여 주신 그때의 그 감격은 제 일생에 어찌 잊사오리까.
그 뒤에 선생님께서 저를 위하여 꾸며주신 방도, 또한 제 마음에 가장 맞는 방이었습니다. 널따란 북향 방에, 동남쪽 귀에 든든한 참나무 침대가 하나, 서북쪽 귀에 아무 장식 없는 참나무 책상과 의자, 피아노가 하나씩, 그 밖에는 방안은 장식이라고는 서남쪽 벽에 커다란 거울이 하나 있을 뿐, 덩더렇게 넓은 방은 사실 밤에 전등 아래 앉아 있노라면 저절로 소름이 끼치도록 무시무시한 방이었습니다. 게다가 방안에 모두 검은 칠을 하고, 창 밖에는 늙은 홰나무의 고목이 한 그루 서 있는 것도 과연 귀기(鬼氣)가 돌았습니다. 이러한 가운데서 선생님은 저로 하여금 방분스러운 음악을 낳도록 애써주셨습니다.
저도 그런 환경 아래서 좋은 음악을 낳아 보려고 얼마나 애를 썼겠습니까. 어떤 날 선생님께 작곡에 대한 계통적 훈련을 원할 때에 선생님은 이렇게 대답하셨습니다.
'자네에게는 그러한 교육이 필요가 없어. 마음대로 나오는 대로 하게. 자네 같은 사람에게 계통적 훈련이 들어가면 자네의 음악은 기계화해 버리고 말어. 마음대로 온갖 규칙과 규범을 무시하고 가슴에서 터져 나오는 대로…….'
저는 이 말씀의 뜻을 똑똑히는 몰랐습니다. 그러나 대략한 의미뿐은 통하였습니다. 그리하여 저는 마음대로 한껏 자유스러운 음악의 경지를 개척하려 하였습니다.
그러나 그 동안에 제가 산출한 음악은 모두 이상히도 저의 이전(제 어머니가 아직 살아 계실 때)의 것과 마찬가지로, 아무러한 힘도 없는 음향의 유희에 지나지 못하였습니다.
저는 얼마나 초조하였겠습니까. 때때로 선생님께서 채근 비슷이 하시는 말씀은 저로 하여금 더욱 초조하게 하였습니다. 그리고 마음이 초조하면 초조할수록, 제게서 생겨나는 음악은 더욱 나약한 것이 되었습니다.
저는 때때로 그 불붙던 광경을 생각하여 보았습니다. 그리고 그때에 통쾌하던 감정을 되풀이하여 보려 하였습니다. 그러나 그것 역시 실패에 돌아갔습니다.
때때로 비상한 열정으로 음보를 그려 놓은 뒤에, 몇 시간을 지나서 다시 한번 읽어보면, 거기는 아무 힘이 없는 개념만 있고 하였습니다.
저의 마음은 차차 무거워지기 시작하였습니다. 그리고 큰 기대를 가지고 계신 선생님께도 미안하기가 짝이 없었습니다.
'음악은 공예품과 달라서 마음대로 만들고 싶은 때에 되는 것이 아니니, 마음놓고 천천히 감흥이 생긴 때에…….'
이러한 선생님의 위로의 말씀이 듣기가 제 살을 깎아내는 듯하였습니다. 그러나 제 마음상은, 이제는 제게서 다시 힘 있는 음악이 나올 기회가 없는 것같이만 생각되었습니다.
이러는 동안에 무위의 몇 달이 지났습니다.
어떤 날 밤중, 가슴이 너무 무겁고 가슴속에 무엇이 가득찬 것같이 거북하여서, 저는 산보를 나섰습니다. 무거운 머리와 무거운 가슴과 무거운 다리를 지향없이 옮기면서 돌아다니다가, 저는 어떤 곳에서 커다란 볏짚 낟가리를 발견하였습니다.
이때의 저의 심리를 어떻게 형용하였으면 좋을지 저는 모르겠습니다. 저는 무슨 무서운 적(敵)을 만난 것같이 긴장되고 흥분되었습니다. 저는 사면을 한번 살펴보고 그 낟가리에 달려가서 불을 그어서 놓았습니다. 그리고 갑자기 무서움증이 생겨서 돌아서서 달아나다가, 멀찌가니까지 달아나서 돌아보니까, 불길은 벌써 하늘을 찌를 듯이 일어났습니다. 왁왁, 꺄, 꺄, 사람들의 부르짖는 소리도 들렸습니다.
저는 다시 그곳까지 가서, 그 무서운 불길에 날아올라가는 볏짚이며, 그 낟가리에 연달아 있는 집을 헐어내는 광경을 구경하다가, 문득 흥분되어서 집으로 돌아왔습니다.
그날 밤에 된 것이 <성난 파도(波濤)>였습니다.
그 뒤에 이 도회에서 일어난 알지 못할 몇 가지의 불은 모두 제가 질러놓은 것이었습니다. 그리고 불이 있던 날 밤마다 저는 한 가지의 음악을 얻었습니다. 며칠을 연하여 가슴이 몹시 무겁다가 그것이 마침내 식체와 같이 거북하고 답답하게 되는 때는, 저는 뜻없이 거리를 나갑니다. 그리고 그러한 날은 한 가지의 방화사건이 생겨나며, 그날 밤에는 한 곡의 음악이 생겨났습니다.
그러나 그것도 번수가 차차 많아갈 동안, 저의 그 불에 대한 흥분은 반비례로 줄어졌습니다. 온갖 것을 용서하지 않는 불꽃의 잔혹함도, 그다지 제 마음을 긴장시키지 못하였습니다.
""차차, 힘이 적어져가네.""
선생님께서 제 음악을 보시고 이렇게 말씀하신 것이 그러한 때였습니다.
그러나, 저는 게서 더할 도리가 없었습니다. 하는 수 없이 저는 한동안 음악을 온전히 잊어버린 듯이 내버려두었습니다.
모씨가 성수의 마지막 편지를 여기까지 읽었을 때, K씨가 찾았다.
""재작년 봄에서 가을에 걸쳐서, 원인 모를 불이 많지 않았습니까. 그것이 죄 성수의 장난이었습니다그려.""
""K씨는 그것을 온전히 모르셨습니까?""
""나요? 몰랐지요. 그런데―그 어떤 날 밤이구려. 성수는 기대에 반해서, 우리집으로 온 지 여러 달이 됐지만, 한번도 힘있는 것을 지어본 일이 없겠지요. 그래서 저 사람에게 무슨 흥분될 재료를 줄 수가 없나 하고 혼자 생각하며 있더랬는데, 그때에 저어편…….""
K씨는 손을 들어 남편쪽 창을 가리켰다.
""저어편 꽤 멀리서, 불붙는 것이 눈에 뜨입디다그려. 그래 저것을 성수에게 보이면, 혹 그때의 감정(그때는, 나는 그 담배 장수네 집에 불이 일어난 것도 성수의 장난인 줄은 생각 안 했구려)―그때의 감정을 부활시킬지도 모르겠다, 이렇게 생각하구 성수의 방으로 올라가려는데, 문득 성수의 방에서 피아노 소리가 울려나옵니다그려. 나는 올라가려던 발을 부지중 멈추고 말았지요. 역시 C#단음계로서, 제일곡은 뽑아 먹고 <아다지오>에서 시작되는데, 고요하고 잔잔한 바다 수평선 위로 넘어가려는 저녁 해, 이러한 온화한 것이 차차 <스케르초>로 들어가서는 소낙비, 풍랑, 번개질, 무서운 바람소리, 우뢰질, 전복되는 배, 곤해서 물에 떨어지는 갈매기, 한번 뒤집어지면서는 해일(海溢)에 쏠려나가는 동네 사람의 부르짖음―흥분에서 흥분, 광포에서 광포, 야성에서 야성, 온갖 공포와 포학한 광경이 눈앞에 어릿거리는데, 이 늙은 내가 그만 흥분에 못 견디어, 뜻하지 않고 <그만두어 달라>고 고함친 것만으로도 짐작하시겠지요. 그리고 올라가서 보니깐, 그는 탄주를 끝내버리고 피곤한 듯이 피아노에 기대고 앉아 있고, 이제 탄주한 것은 벌써 <성난 파도(波濤)>라는 제목 아래 음보로 되어 있습디다.""
""그러면 성수는 불을 두 번 놓고, 두 음악을 낳았다는 말씀이지요?""
""그렇지요. 그러고, 그 뒤부터는 한 십여 일 건너서는 하나씩 지었는데, 그것이 지금 보면, 한 가지의 방화 사건이 생길 때마다 생겨난 것이었습니다. 그러나 그의 편지마따나, 얼마 지나서부터는 차차 그 힘과 야성이 적어지기 시작했지요. 그래서…….""
""가만 계십쇼. 그 사람이 그 다음에도 <피의 선율>이나 그 밖에 유명한 곡조를 여러 개 만들지 않았습니까?""
""글쎄 말이외다. 거기 대한 설명은 그 편지를 또 보십쇼. ―여기서부터 또 보시면 알리다.""
……(중략) ××다리 아래로서 나오려는데, 무엇이 발길에 채는 것이 있었습니다. 성냥을 그어가지고 보니깐, 그것은 웬 늙은이의 송장이었습니다. 저는 그것이 무서워서 달아나려다가, 돌아서려던 발을 다시 돌이켰습니다. 그리고…….
선생님은 이제 제가 쓰는 일을 이해하여 주실는지요. 그것은 너무도 기괴한 일이라, 저로서도 믿기워지지 않는 일이었습니다. 그 송장을 타고 앉았습니다. 그리고 그 송장의 옷을 모두 찢어서 사면으로 내어던진 뒤에 그 발가벗은 송장을 (제 힘이라 생각되지 않는) 무서운 힘으로써 쳐들어서, 저편으로 내어던졌습니다. 그런 뒤에는 마치 고양이가 알을 가지고 놀 듯, 다시 뛰어가서 그 송장을 들어서 도루 이편으로 던졌습니다. 이렇게 몇 번을 하여 머리가 깨지고, 배가 터지고, ―그 송장은 보기에도 참혹스러이 되었습니다. 그리하여 그 송장을 다시 만질 곳이 없이 된 뒤에 저는 그만 곤하여 그 자리에 앉아서 쉬려다가 갑자기 마음이 긴장되고 흥분되어서, 집으로 달려왔습니다. 그날 밤에 된 것이 <피의 선율>이었습니다.
""선생은 이러한 심리를 아시겠습니까?""
""글쎄요.""
""아마, 모르실걸요, 그러나 예술가로서는 능히 머리를 끄덕일 수 있는 심리외다. ―그리고 또 여기를 읽어보십시오.""
……(중략) 그 여자가 죽었다는 것은 제게는 너무도 뜻밖이었습니다.
저는, 그날 밤 혼자 몰래 그 여자의 무덤을 찾아갔습니다. 그리고 칠팔 시간 전에 묻어 놓은 그의 무덤의 흙을 다시 파서 그의 시체를 꺼내어 놓았습니다.
푸르른 달빛 아래 누워 있는 아름다운 그의 모양은 과연 선녀와 같았습니다. 가브엽게 눈을 닫고 있는 창백한 얼굴, 곧은 콧날, 풀어헤친 검은 머리, ―아무 표정도 없는 고요한 얼굴은 더욱 처연함을 도왔습니다. 이것을 정신이 없이 들여다보고 있다가, 저는 갑자기 흥분이 되어―아아 선생님, 저는 이 아래를 쓸 용기가 없습니다. 재판소의 조서를 보시면, 저절로 아실 것이올시다.
그날 밤에 된 것이, <사령(死靈)>이었습니다.
""어떻습니까?""
""…….""
""네?""
""…….""
""언어도단이에요? 선생의 눈으로는 그렇게 뵈시리다. 또 여기를 읽어보십쇼.""
……(중략) 이리하여 저는 마침내 사람을 죽인다 하는 경우에까지 이르렀습니다.
그리고 한 사람이 죽을 때마다, 한 개의 음악이 생겨났습니다. 그 뒤부터 제가 지은 그 모든 것은, 모두가 한 사람씩의 생명을 대표하는 것이었습니다. (하략)
""이젠 더 보실 것이 없습니다. 그런데 그만큼 보셨으면 성수에 대한 대략한 일은 아셨을 터인데, 거기 대한 의견이 어떻습니까?""
""…….""
""네?""
""어떤 의견 말씀이오니까?""
""어떤 <기회>라는 것이 어떤 사람에게서, 그 사람의 가지고 있는 천재와 함께, 범죄 본능까지 끌어내었다 하면, 우리는 그 <기회>를 저주해야겠습니까, 혹은 축복하여야겠습니까? 이 성수의 일로 말하자면 방화, 사체 모욕, 시간, 살인, 온갖 죄를 다 범했어요. 우리 예술가협회에서 별 수단을 다 써서 정부에 탄원하고 재판소에 탄원하고 해서, 겨우 성수를 정신병자라 하는 명목 아래 정신병원에 감금했지, 그렇지 않으면 당장에 사형이 아닙니까. 그런데 이제 그 편지를 보셔도 짐작하시겠지만, 통상시에는 그 사람은 아주 명민하고 점잖고 온화한 청년입니다. 그러나 때때로 그…… 뭐랄까, 그 흥분 때문에 눈이 아득하여져서 무서운 죄를 범하고, 그 죄를 범한 다음에는 훌륭한 예술을 하나씩 산출합니다. 이런 경우에 우리는 범죄를 밉게 보아야 합니까, 혹은 범죄 때문에 생겨난 예술을 보아서 죄를 용서하여야 합니까?""
""그거야, 죄를 범치 않고 예술을 만들어 냈으면 더 좋지 않습니까?""
""물론이지요. 그러나 성수 같은 사람도 있는 것이니깐, 이런 경우엔 어떻게 해결하렵니까?""
""죄를 벌해야지요. 죄악이 성하는 것을 그냥 볼 수는 없습니다.""
K씨는 머리를 끄덕였다.
""그렇겠습니다. 그러나 우리 예술가의 견지로는 또 이렇게 볼 수도 있습니다. 베토벤 이후로는 음악이라 하는 것이 차차 힘이 빠져가서 꽃이나 계집이나 찬미할 줄 알고 연애나 칭송할 줄 알아서, 선이 굵은 것은 볼 수가 없이 되었습니다. 게다가 엄정한 작곡법이 있어서, 그것은 마치 수학의 방정식과 같이 작곡에 대한 온갖 자유스런 경지를 제한해 놓았으니깐, 이후에 생겨나는 음악은 새로운 길을 개척하기 전에는 한 기술이 될 것이지, 예술이 될 수는 없습니다. 예술가에게는 이것이 쓸쓸해요. 힘있는 예술, 선이 굵은 예술, 야성으로 충일된 예술, ―우리는 이것을 기다린 지 오랬습니다. 그럴 때에, 백 성수가 나타났습니다. 사실 말이지 백성수의 그의 예술은, 그 하나 하나가 모두 우리의 문화를 영구히 빛낼 보물입니다. 우리의 문화의 기념탑입니다. 방화? 살인? 변변치 않은 집 개, 변변치 않은 사람 개는, 그의 예술의 하나가 산출되는 데 희생하라면 결코 아깝지 않습니다. 천 년에 한 번, 만 년에 한 번 날지 못 날지 모르는 큰 천재를, 몇 개의 변변치 않은 범죄를 구실로 이 세상에서 없이하여 버린다 하는 것은 더 큰 죄악이 아닐까요. 적어도 우리 예술가에게는 그렇게 생각됩니다.""
K씨는, 마주앉은 노인에게서 편지를 받아서 서랍에 집어넣었다. 새빨간 저녁 해에 비치어서 그의 늙은 눈에는 눈물이 번득였다.","독자는 이제 내가 쓰려는 이야기를, 유럽의 어떤 곳에 생긴 일이라고 생각하여도 좋다. 혹은 사오십 년 뒤에 조선을 무대로 생겨날 이야기라고 생각하여도 좋다. 다만, 이 지구상의 어떠한 곳에 이러한 일이 있었는지도 모르겠다, 있는지도 모르겠다, 혹은 있을지도 모르겠다, 가능성뿐은 있다―이만치 알아두면 그만이다.",14308
광화사(狂畵師),김동인,"인왕(仁王)―.
바위 위에 잔솔이 서고 잔솔 아래는 이끼가 빛을 자랑한다.
굽어보니 바위 아래는 몇 포기 난초가 노란 꽃을 벌리고 있다. 바위에 부딪치는 잔 바람에 너울거리는 난초잎.
여(余)는 허리를 굽히고 스틱으로 아래를 휘저어 보았다. 그러나 아직 난초에서는 사오 척의 거리가 있다. 눈을 옮기면 계곡(溪谷).
전면이 소나무의 잎으로 덮인 계곡이다, 틈틈이는 철색(鐵色)의 바위도 보이기는 하나, 나무 밑의 땅은 볼 길이 없다. 만약 여로서 그 자리에 한 번 넘어지면 소나무의 잎 위로 굴러서 저편 어디인지 모를 골짜기까지 떨어질 듯하다.
여의 등뒤에도 이삼 장(丈)이 넘는 바위다. 그 바위에 올라서면 무학(舞鶴)재로 통한 커다란 골짜기가 나타날 것이다. 여의 발 아래도 장여(丈餘)의 바위다. 아래는 몇 포기 난초, 또 그 아래는 두세 그루의 잔솔, 잔솔 넘어서는 또 바위, 바위 위에는 도라지꽃, 그 바위 아래로부터는 가파른 계곡이다. 그 계곡이 끝나는 곳에는 소나무 위로 비로소 경성 시가의 한편 모퉁이가 보인다. 길에는 자동차의 왕래도 까막하게 보이기는 한다. 여전한 분요와 소란의 세계는 그곳에 역시 전개되어 있기는 할 것이다.
그러나 여가 지금 서 있는 곳은 심산이다. 심산이 가져야 할 온갖 조건을 구비하였다.
바람이 일고 암굴이 있고 산초, 산화가 있고 계곡이 있고 샘물이 있고 절벽이 있고 난송(亂松)이 있고…… 말하자면 심산이 가져야 할 유수미(幽邃美)를 다 구비하였다.
본시는 이 도회는 심산 중의 한 계곡이었다. 그곳을 오백 년간을 닦고 갈고 지어서 오늘날의 경성부를 이룬 것이었다. 이러한 협곡에 국도(國都)를 창건한 이태조의 본의가 어디 있었는지 알 길이 없다. 그러나 오늘날의 한 산보객(散步客)의 자리에서 보자면, 서울은 세계에 유례(類例)가 없는 미도(美都)일 것이다.
도회에 거주하며 식후의 산보로서 푸대님 채로 이러한 유수(幽邃)한 심산에 들어갈 수 있다 하는 점으로 보아서 서울에 비길 도회가 세계에 어디 다시 있으랴.
회흑색(灰黑色)의 지붕 아래 고요히 누워 있는 오백 년의 도시를 눈 아래 굽어보는 여의 사위에는 온갖 고산 식물이 난성(亂盛)하고, 계곡에 흐르는 물소리와 눈 아래 날아드는 기조(奇鳥)들은 완연히 여로 하여금 등산객의 정취를 느끼게 한다.
여는 스틱을 바위 틈에 꽂아 놓았다. 그리고 굴러 떨어지기를 면키 위하여 바위와 잔솔의 새에 자리잡고 비스듬히 앉았다. 담배를 피우고 싶었으나 잠시의 산보로 여기고 담배도 안 가지고 나온 발이 더듬더듬 여기까지 미쳤으므로 담배도 없다.
시야(視野)의 한편에는 이삼 장(丈)의 바위. 다른 한편에는 푸르른 하늘, 그 끝으로는 솔잎이 서너 개 어렴풋이 보인다. 그윽히 코로 몰려들어 오는 송진 내음새, 소나무에 불리는 바람소리….
유수(幽邃)키 짝이 없다. 여가 지금 앉아 있는 자리는 개벽 이래로 과연 몇 사람이나 밟아 보았을까? 아까 바위를 기어서 이곳까지 올라오느라고 애쓰던 그런 맹랑한 노력을 하여 본 바보가 여 이외에 몇 사람이 있었을까? 그런 모험을 맛보기 위하여 심산을 찾은 용사(勇士)는 많을 것이로되 결사적으로 인왕 등산을 한 사람은 그리 많으리라고 생각되지 않는다.
등 뒤 바위에는 암굴이 있다.
배암이라도 있을까 무서워서 들어가 보지는 않았지만, 스틱으로 휘저어 본 결과로 세 사람은 넉넉히 들어가 앉아 있음직하다.
이 암굴은 무엇에 이용할 수가 없을까?
음모(陰謀)의 도시 한양은 그새 오백 년간 별별 음흉한 사건이 연출되었다. 시가 끝에서 반시간 미만에 넉넉히 올 수 있는 이런 가까운 거리에 뚫린 암굴은, 있는 줄 알기만 하였으면 혹은 음모에 이용되지 않을까?
공상!
유수(幽邃)한 맛에 젖어 있던 여는 이 암굴 때문에 차차 불쾌한 공상에 빠지기 시작하려 한다.
온갖 음모, 그 뒤를 잇는 살육, 모함, 방축, 이조 오백 년간의 추악한 모양이 여로 하여금 불쾌한 공상에 빠지게 하려 한다.
여는 황망히 이런 불쾌한 공상에서 벗어나려고 또 주머니에서 담배를 뒤지었다. 그러나 담배는 여전히 있을 까닭이 없었다.
다시 눈을 들어서 안하를 굽어보면 일면에 깔린 송초(松梢)….
반짝!
보매 한줄기의 샘이다.
소나무 틈으로 보이는 그 샘은 아마 바위틈을 흐르는 샘물인 듯, 똘똘똘똘 들리는 것은 아마 바람 소리겠지. 저렇듯 멀리 아래 있는 샘의 소리가 이곳까지 들릴 리가 없다.
샘물!
저 샘물을 두고 한 개 이야기를 꾸미어 볼 수가 없을까? 흐르는 모양도 아름답거니와 흐르는 소리도 아름답고 그 맛도 아름다운, 샘물을 두고 한 개 재미있는 이야기가 여의 머리에 생겨나지 않을까? 암굴을 두고 생겨나려던 음모 살육의 불쾌한 공상보다 좀더 아름다운 다른 이야기가 꾸며지지 않을까?
여는 바위틈에 꽂았던 스틱을 도로 뽑았다. 그 스틱으로서 여의 발아래 바위를 가볍게 두드리면서 한 개 이야기를 꾸며 보았다.
한 화공(畵工)이 있다 ― 화공의 이름은?
지어내기가 귀찮으니 신라 때의 화성(畵聖)의 이름을 차용하여 솔거(率居)라 하여 두자 ― 시대는?
시대는 이 안하(眼下)에 보이는 도시가 가장 활기 있고 아름답던 시절인 세종 성주의 대쯤으로 하여 둘까?
백악이 흘러내리다가 맺힌 곳, 거기는 한양의 정기를 한 몸에 지닌 경복궁 대궐이 있다. 이 대궐의 북문인 신무문(神武門) 밖 우거진 뽕밭 새에 중로(中老)의 사나이가 고뇌스러운 얼굴을 하고 숨어 있다.
화공 솔거였다.
무르익은 여름 뜨거운 볕은 뽕잎이 가리워 준다. 하나, 훈훈한 기운은 머리 위 뽕잎과 땅에서 우러나서 꽤 무더운 이 뽕밭 속에 숨어 있는 화공. 자그마한 보따리에는 점심까지 싸 가지고 온 것으로 보아서 저녁까지 이곳에 있을 셈인 모양이다.
그러나 무얼 하는지? 단지 땀을 펑펑 흘리며 오뇌스러운 얼굴로 앉아 있을 뿐이다.
왕후 친잠(王后親蠶)에 쓰이는 이 뽕밭은 잡인들이 다니지 못할 곳이다. 하루 종일을 사람의 그림자 하나 얼씬하지 않는다.
때때로 바람이 우수수하니 뽕나무 위로 불기는 하나, 솔거가 숨어있는 곳에는 한 점의 바람도 들어오지 않는다. 이 무더운 속에 솔거는 바람이 불 적마다 몸을 흠칫흠칫 놀라며 그러면서도 무엇을 기다리는 듯이 뽕나무 그루 아래로 저편 앞을 주시(注視)하곤 한다.
이윽고 석양이 무악을 넘고 이 도시도 황혼이 들었다. 날이 어둡기를 기다려서 이 화공은 몸을 숨겨 가지고 거기서 나왔다.
""오늘은 헛길. 내일이나 다시 와 볼까?""
한숨을 쉬면서 제 오막살이를 찾아가는 화공.
날이 벌써 꽤 어두웠지만 그래도 아직 저녁 빛이 약간 남은 곳에 내어놓은 이 화공은 세상에 보기 드문 추악한 얼굴의 주인이었다.
코가 질병자루 같다. 눈이 통방울 같다. 귀가 반죽 같다. 입이 나발통 같다. 얼굴이 두꺼비 같다 ― 소위 추한 얼굴을 형용하는 온갖 형용사를 한 얼굴에 지닌 흉한 얼굴의 주인으로서, 그 얼굴이 또한 굉장히도 커서 멀리서 볼지라도 그 존재가 완연하리만 하다.
이 얼굴을 가지고는 백주에는 나다니기가 스스로 부끄러울 것이다.
아닌 게 아니라, 솔거는 철이 들은 이래 아직껏 백주에 사람 틈에 나다닌 일이 없었다.
일찍이 열 여섯 살에 스승의 중매로서 어떤 양가 처녀와 결혼을 하였지만, 그 처녀는 솔거의 얼굴을 보고 기절을 하고 기절에서 깨어나서는 그냥 집으로 도망쳐 버리고, 그 다음에 또 한 번 장가를 들어보았지만, 그 색시 역시 첫날밤만 정신 모르고 치른 뒤에는 이튿날은 무서워서 죽어도 같이 못살겠노라고 부모에게 떼를 써서 두 번째의 비극을 겪고….
이러한 두 가지의 사변을 겪고 난 뒤에는 솔거는 차차 여인이라는 것을 보기를 피하여 오다가, 그 괴벽이 점점 자라서 나중에는 일체로 사람이란 것의 얼굴을 대하기가 싫어졌다.
사람을 피하기 위하여 ― 그리고 또한 일방으로는 화도(畵道)에 정진하기 위하여 인가를 떠나서 백악의 숲 속에 조그만 오막살이를 하나 틀고 거기 숨은 지 근 삼십 년, 생활에 필요한 물건 혹은 그림에 필요한 물건을 구하기 위하여 부득이 거리에 나가야 할 필요가 있을 때는 반드시 밤을 택하였다. 피할 수 없어 낮에 나갈 때는 방립을 쓰고 그 위에 얼굴을 베로 가리었다.
화도(畵道)에 발을 들여놓은 지 근 삼십 년, 여인에게로 '소모되지 못한' 정력은 머리로 모이고 머리로 모인 정력은 손끝으로 뻗어서 종이에 비단에 갈겨 던진 그림이 벌써 수천 점. 처음에는 그 그림에 대하여 아무 불만도 느껴보지 않았다.
하늘에서 타고난 천분과 스승에게서 얻은 훈련과 저축된 정력의 소산인 한 장의 그림이 생겨날 때마다 그것을 보면서 스스로 만족히 여기고 스스로 자랑스러이 여기던 그였다.
그러나 그런 과정을 밟기 이십 년에 차차 그의 마음에 움돋은 불만, 그것은 어떻게 보자면 화도에는 이단적인 생각일는지도 모를 것이다.
좀 다른 것은 그릴 수가 없는가.
산이다. 바다다. 나무다. 시내다. 지팡이 잡은 노인이다. 다리다. 혹은 돛단배다. 꽃이다. 과 즉 달이다. 소다. 목동이다.
이밖에 그가 아직 그려본 것이 무엇이었던가?
유원(幽遠)한 맛, 단 한 가지밖에 없는 전통적 그림보다 좀더 다른 것을 그려보고 싶다.
아직껏 스승에게 배운 바의 백발백염의 노옹이나 피리 부는 목동 이외에 좀더 얼굴에 움직임이 있는 사람을 그려보고 싶다. 표정이 있는 얼굴을 그려보고 싶다.
이리하여 재래의 수법을 아낌없이 내어 던진 솔거는 그로부터 십 년간을 사람의 표정을 그리노라고 세월을 보냈다. 그러나 사람의 세상을 멀리 떠나서 따로이 사는 이 화공에게는 사람의 표정이 기억에 까맣다.
상인(商人)들의 간특한 얼굴, 행인들의 덜민 무표정한 얼굴, 새꾼들의 싱거운 얼굴 ― 그새 보고 지금도 대할 수 있는 얼굴은 이런 따위뿐이다. 좀더 색채 다른 표정은 없느냐?
색채 다른 표정!
색채 다른 표정!
이 욕망이 화공의 마음에 익고 커 가는 동안, 화공의 머리에 솟아오르는 몽롱한 기억이 있다.
이 화공의 어머니의 표정이다.
지금은 거의 그의 기억에서 사라졌지만, 어린 시절에 자기를 품에 안고 눈물 글썽글썽한 눈으로 굽어보던 어머니의 표정이 가끔 한 순간씩 그의 기억의 표면까지 뛰쳐 올랐다.
그의 어머니는 희세의 미녀(美女)였다. 대대로 이후의 자손의 미(美)까지 모두 미리 빼앗았든지 세상에 드문 미인이었다.
화공은 이 미녀의 유복자였다.
아비 없는 자식을 가슴에 붙안고 눈물 머금은 눈으로 굽어보던 표정.
철이 들은 이래로 자기를 보는 얼굴에게는 모두 경악(驚愕)과 공포밖에는 발견하지 못한 이 화공에게는 사십여 년 전의 어머니의 사랑의 아름다운 얼굴이 때때로 몸서리치도록 그리웠다.
그것을 그려보고 싶었다.
커다란 눈에 그득히 담긴 눈물. 그러면서도 동경과 애무로서 빛나던 눈. 입가에 떠오르던 미소.
번개와 같이 순간적으로 심안(心眼)에 나타났다가는 사라지는 이 환영을 화공은 그려보고 싶었다.
세상을 피하고 세상에서 숨어살기 때문에 차차 비뚤어진 이 화공의 괴벽한 마음에는, 세상을 그리는 정열이 또한 그만치 컸다. 그리고 그것이 크면 크니 만치 마음 속에는 늘 울분과 불만이 차 있었다.
지금도 세상에서는 한창 계집 사내들이 서로 부둥켜안고 좋다고 야단할 것을 생각하고는 음울한 얼굴로 화필을 뿌리는 화공.
이러한 가운데서 나날이 괴벽하여가는 이 화공은 한 개 미녀상(美女像)을 그려보고자 노심하였다.
처음에는 단지 아름다운 표정을 가진 미녀를 그려보고자 하였다. 그러나 미녀를 가까이 본 일이 없는 이 화공이 마음대로 되지 않는 붓끝에 역정을 내며 애쓰는 동안 차차 어느 덧 미녀상에 대한 관념이 달라갔다.
자기의 아내로서의 미녀상을 그려 보고 싶어졌다.
세상은 자기에게 아내를 주지 않는다.
보면 한 마리의 곤충, 한 마리의 날짐승도, 각기 짝을 찾아 즐기고 짝을 좋아하거늘, 만물의 영장인 사람이 짝 없이 오십 년을 보냈다 하는데 대한 분만이 일어났다.
세상 놈들은 자기에게 한 짝을 주지 않고 세상 계집들은 자기에게 오려는 자가 없이 홀몸으로 일생을 보내다가 언제 죽는지도 모르게 이 산골에서 죽어 버릴 생각을 하면 한심하기보다 도리어 이렇듯 박정한 사람의 세상이 미웠다.
세상이 주지 않는 아내를 자기는 자기의 붓끝으로 만들어서 세상을 비웃어 주리라.
이 세상에 존재한 가장 아름다운 계집보다도 더 아름다운 계집을 자기의 붓끝으로 그려서 못나고도 아름다운 체하는 세상 계집들을 웃어 주리라.
사오 명의 처첩을 거느리고 좋다 꾸나고 춤추는 헌 놈들도 굽어 보아 주리라.
미녀! 미녀!
― 눈을 감고 생각하고 눈을 뜨고 생각하고 머리를 움켜쥐고 생각해 보나, 미녀의 얼굴이 어떤 것인지 알 수가 없었다.
물론 얼굴에 철요가 없고 이목구비가 제대로 놓였으면 세상 보통의 미인이라 한다. 그런 얼굴에 연지나 그리고 눈에 미소나 그려 넣으면 더 아름다워지기는 할 것이다. 이만한 것은 상상의 눈으로도 볼 수가 있는 자며 붓끝으로 그릴 수도 없는 바가 아니다.
그러나 가만 어린 시절의 어머니의 얼굴을 순영적(瞬影的)으로나마 기억하는 이 화공으로서는 그런 미녀로는 만족할 수가 없었다.
오뇌와 분만 중에서 흐르는 세월은 일년 또 일년, 무위히 흘러간다.
미녀의 아랫둥이는 그려진 지 벌써 수 년, 그 아랫둥이 위에 올려 놓일 얼굴은 어떻게 하여 할지 짐작도 가지 않았다.
화공의 오막살이 방안에 들어서면 맞은 편에 걸려있는 한 폭 그림은 언제든 어서 목과 얼굴을 그려 주기를 기다리듯이 화공을 힐책한다.
화공은 이것을 보기가 거북하였다.
특별한 일이라도 있기 전에는 낮에 거리에 다니지를 않던 이 화공이 흔히 얼굴을 싸매고 장안을 돌아다녔다.
행여나 길에서라도 미녀를 만날까 하는 요행심으로였다. 길에서 순간적으로라도 마음에 드는 미녀를 볼 수만 있으면 그것을 머리에 똑똑히 캐치하여 그 기억으로서 화상을 그릴까 하는 요행심으로….
그러나 내외법이 심한 이 도회에서 대낮에 양가의 부녀가 얼굴을 내놓고 길을 다니지 않았다. 계집이라는 것은 하인배나 하류배뿐이었다.
하인배, 하류배에도 때때로 미녀라 일컬을 자가 있기는 있었다. 그러나 아무리 산뜻한 미를 갖기는 했다 하나 얼굴에 흐르는 표정이 더럽고 비열하여 캐치할 만한 자가 없었다.
얼굴을 싸매고 거리고 방황하며 혹은 계집들이 많이 모이는 우물가며 저자를 비슬비슬 방황하며 어찌어찌하여 약간 예쁜 듯한 계집이라도 보이면 따라가면서 얼굴을 연구해 보고했으나, 마음에 드는 미녀를 지금껏 얻어내지를 못하였다.
혹은 심규(深閨)에는 마음에 드는 계집이라도 있을까? 심규! 심규! 한 번 심규의 계집들을 모조리 눈앞에 벌여 세우고 얼굴 검사를 하여 보았으면….
초조하고 성가신 가운데서 날을 보내고 날을 맞으면서 미녀를 구하던 화공은, 마지막 수단으로 침잠상원(沈潛桑園)에 들어가서 채상(採桑)하는 궁녀의 얼굴을 얻어 보려 하였다. 그러나 불행히도 화공의 모험도 헛길로 돌아가고 그날은 채상을 하러 오지 않았다.
그러나 때 바야흐로 누에 시절이라 길만성 있게 기다리노라면 궁녀가 오는 날도 있을 것이다. 미녀― 아내의 얼굴을 그리려는 욕망에 열이 오르고 독이 난 이 화공은 그 이튿날도 또 뽕밭에 들어가 숨었다. 숨어 기다리지 않을 수가 없었다.
그로부터 한 달, 화공은 나날이 점심을 싸 가지고 상원(桑園)으로 갔다. 그러나 저녁때 제 오막살이로 돌아올 때는 언제나 그의 입에서는 기다란 탄식성이 나왔다.
궁녀를 못 본 바가 아니었다.
마치 여기 숨어있는 화공에게 선 보이려는 듯이 나날이 궁녀들은 번갈아 왔다. 한 떼씩 밀려와서는 옷소매 치맛자락을 펄럭이며 뽕을 따갔다. 한 달 동안에 합계 사오십 명의 궁녀를 보았다.
모두 일률로 미녀들이었다. 그리고 길가 우물가에서 허투로 볼 수 있는 미녀들보다 고아(高雅)한 얼굴에는 틀림이 없었다.
그러나 그 눈 ― 화공의 보는 바는 눈이었다.
그 눈에 나타난 애무와 동경이었다. 철철 넘쳐흐르는 사랑이었다. 그것이 궁녀에게는 없었다. 말하자면 세상 보통의 미녀였다.
자기에게 계집을 주지 않는 고약한 세상에 대해 보복하는 의미로 절세의 미녀를 차지하고자 하는 이 화공의 커다란 야심으로서는 그만 따위의 미녀로 만족할 수가 없었다.
오막살이로 돌아올 때마다 그의 입에서 나오는 기다란 한숨, 이런 한숨을 쉬기 한 달 ― 그는 다시 상원에 가지 않았다.
가을 하늘 맑고 푸르른 어떤 날이었다.
마음속에 분만과 동경을 가득히 담은 이 화공은 저녁쌀을 씻으려 소쿠리를 옆에 끼고 시내로 더듬어 갔다.
가다가 문득 발을 멈추었다.
우거진 소나무 틈으로 보이는 시냇가 바위 위에 웬 처녀가 하나 앉아 있다. 솔거가 틈으로 내리비치는 얼룩지는 석양을 받고 망연히 앉아서 흐르는 시냇물을 내려다보고 있다.
웬 처녀일까?
인가에서 꽤 떨어진 이곳, 사람의 동리보다 꽤 높은 이곳, 길도 없는 이곳 ― 아직껏 삼십 년간을 때때로 초부나 목동의 방문은 받아 본 일이 있지만 다름 사람의 자취를 받아보지 못한 이곳에 웬 처녀일까?
화공도 망연히 서서 바라보았다. 바라볼 동안 가슴에 차차 무거운 긴장을 느꼈다.
한 걸음 두 걸음 화공은 발소리를 감추고 나아갔다. 차차 그 상거가 가까워 감을 따라서 분명하여 가는 처녀의 얼굴 ― 화공의 얼굴에는 피가 떠올랐다.
세상에 드문 미녀였다. 나이는 열 일여덟, 그 얼굴 생김이 아름답다기보다 얼굴 전면에 나타난 표정이 놀랄 만치 아름다웠다.
흐르는 시내에 눈을 부었는지 귀를 기울였는지, 하여간 처녀의 온 주의력은 시내에 모여 있다. 커다랗게 뜨인 눈은 깜박일 줄도 잊은 듯이, 황홀한 눈으로 시내를 굽어보고 있다.
남벽(藍碧)의 시냇물에는 용궁(龍宮)이 보이는가? 소나무 그루에 부딪쳐서 튀어 나는 바람에 앞머리를 약간 날리면서 처녀가 굽어보고 있는 것은 무엇인가?
처녀의 온 공상과 정열과 환희가 한꺼번에 모인 절묘한 미소를 눈과 입에 띠고 일심불란히 처녀가 굽어보는 것은 무엇인가?
아아!
화공은 드디어 발견하였다. 그 새 십 년간을 여항의 길거리에서, 혹은 우물가에서, 내지는 친잠상원에서 발견하여 보려고 애쓰다가 종내 달하지 못한 놀랄 만한 아름다운 표정을 화공은 뜻 안한 여기서 발견하였다.
화공은 걸음을 빨리 하였다. 자기의 얼굴이 얼마나 더럽게 생겼는지, 이 처녀가 자기를 쳐다보면 얼마나 놀랄지, 이 점을 온전히 잊고 걸음을 빨리 하여 처녀의 쪽으로 갔다.
처녀는 화공의 발소리에 머리를 번쩍 들었다. 화공을 바라보았다. 그 무한히 먼 곳을 바라보는 듯한 기묘한 눈을 들어서,
""아….""
가슴이 무득하여 무슨 말을 하여야 할지 망설이며 화공이 반벙어리 같은 소리를 할 때에 처녀가 먼저 입을 열었다.
""여기가 어디오니까?""
여기가 어디?
""여기는 인왕산록 이름도 없는 산이지만 너는 웬 색시냐?""
""네….""
문득 떠오르는 적적한 표정.
""더듬더듬 시내를 따라왔습니다.""
화공은 머리를 기울였다. 몸을 움직여 보았다. 무한히 먼 곳을 바라보는 듯한 처녀의 눈은 그냥 움직임 없이 커다랗게 띄어 있기는 하지만, 어디를 보는지 무엇을 보는지 알 수가 없다.
드디어 화공은 부르짖었다.
""너 앞이 보이느냐?""
""소경이올씨다.""
소경이었다. 눈물 머금은 소리로 하는 이 대답을 듣고 화공은 좀 더 가까이 갔다.
""앞도 못 보면서 어떻게 무얼 하러 예까지 왔느냐?""
처녀는 머리를 푹 수그렸다. 무슨 대답을 하는 듯하였으나 화공은 알아듣지 못하였다. 그러나 화공으로 하여금 저으기 호기심을 잃게 한 것은 처녀의 얼굴에 아까와 같은 놀라운 매력 있는 표정이 없어진 것이었다.
그만하면 보기 드문 미인임에는 틀림이 없다. 그러나 아까 화공이 그렇듯 놀란 것은 단지 미인인 탓이 아니었다. 그 얼굴에 나타난 놀라운 매력에 끌린 것이었다.
""불쌍도 하지. 저녁도 가까워오는데 어둡기 전에 집으로 내려가거라.""
이만치 하여 화공은 처녀를 포기하려 하였다. 이 말에 처녀가 응하였다.
""어두운 것은 탓하지 않습니다만은 황혼은 매우 아름답다지요?""
""그럼 아름답구 말구.""
""어떻게 아름답습니까?""
""황금빛이 서산에서 줄기줄기 비치는 구나. 거기 새빨갛게 물든 천하 ― 푸르른 소나무도 남빛 바위도 검붉은 나무그루도 모두 황금빛에 잠겨서 …….""
""황금빛은 어떤 것이고 새빨간 빛과 붉은 빛이며 남빛은 모두 어떤 빛이오니까? 밝은 세상이라지만 밝은 빛과 붉은 빛이 어떻게 다릅니까? 이 산 경치가 아름답다는 소문을 듣고 더듬어 왔습니다마는 바람 소리, 동물 소리, 귀로 들리는 소리밖에는 어디가 아름다운지 알 수가 없습니다.""
차차 다시 나타나는 미묘한 표정, 커다랗게 띄운 눈에 비치는 동경의 물결, 일단 사라졌던 아름다운 표정은 다시 생기기 비롯하였다.
화공은 드디어 처녀의 맞은편에 가 앉았다.
""이 샘줄기를 내려가면 바다가 있구, 바다 속에는 용궁이 있구나. 칠색 비단을 감은 기둥과 비취를 아로새긴 댓돌이며 황금으로 만든 풍경, 진주로 꾸민 문설주…….""
마주 앉아서 엮어 내리는 이 화공의 이야기에 각 일각 더욱 황홀하여가는 처녀의 눈이었다. 화공은 드디어 이 처녀를 자기의 오막살이로 데리고 돌아갈 궁리를 하였다.
""내 용궁 이야기를 들려주마. 너희 집에서 걱정만 안 하실 것 같으면…….""
화공이 이렇게 꾀일 때에 처녀는 그의 커다란 눈을 들어서 유원(幽遠)히 하늘을 우러러보면서 자기네 부모는 병신 딸 따위는 없어져도 근심을 안 한다고 쾌히 화공의 뒤를 따랐다.
일사천리로 여기까지 밀려오던 여의 공상은 문득 중단되었다. 이야기를 어떻게 진전시키나?
잡념이 일어난다. 동시에 여의 귀에 들려오는 한절의 유행가….
여는 머리를 들었다. 저편 뒤 어디 잡인들이 온 모양이다. 그 분요가 무의식중에 귀로 들어와서 영의 집중되었던 머리를 헤쳐 놓는다.
귀찮은 가사(歌詞)들이여. 저주받을 가사들이여.
이 저주받을 가사들 때문에 중단된 이야기는 좀체 다시 모이지 않았다.
그러나 결말 없는 이야기가 어디 있으랴? 아무튼 결말은 지어야 할 것이 아닌가?
그러면 그 화공은 처녀를 데리고 제 오막살이로 돌아와서 용궁이야기를 들려주면서 그 동안에 처녀의 얼굴을 그대로 그려서 십년 래의 숙망을 성취하였다는 결말로 맺어 버릴까?
그러나 이런 싱거운 결말이 어디 있으랴? 결말이 되기는 되었지만 이따위 결말을 짓기 위하여 그런 서두는 무의한 자다.
그러면?
그럼 다르게 결말을 맺어볼까?
화공은 처녀를 제 오막살이로 데리고 돌아왔다. 그리고 처녀에게 용궁 이야기를 들려주었다. 그러나 아까 용궁 이야기로 초벌들은 처녀는 이번은 그렇듯 큰 감흥도 느끼지 않는 모양으로 그다지 신통한 표정도 보이지 않았다. 화공의 계획은 수포로 돌아갔다. 화공은 그 그림을 영 미완품인 채로 남기지 않을 수 없었다.
역시 마음에 들지 않는 결말이다.
그럼 또 다시….
화공은 처녀를 데리고 돌아왔다. 돌아와서 처녀를 보면 볼수록 탐스러워서 그림은 집어던지고 처녀를 아내로 삼아 버렸다. 앞을 못 보는 처녀는 이 추하게 생긴 화공에게도 아무 불만이 없이 일생을 즐겁게 보냈다. 그림으로나 아내를 얻으려던 화공은 절세의 미녀를 아내로 얻게 되었다.
역시 불만이다.
귀찮고 성가시다. 저주받을 유행가사(流行歌詞)여.
여는 일어났다. 감흥을 잃은 이 자리에 그냥 앉아 있기가 싫었다. 그냥 들리는 유행가. 그것이 안 들리는 곳으로 자리를 옮기자.
굽어보게 저 멀리 소나무 틈으로 한줄기 번득이는 것은 아까의 샘물이다. 그 샘물로, 가장 이 이야기의 원천(源泉)이 된 그 샘으로 내려가자.
벼랑을 내려가기는 올라가기보다 더 힘들었다. 올라가는 것은 올라가다가 실수하여 떨어지면 과즉 제자리에 내린다. 그러나 내려가다가 발을 실수하면 어디까지 굴러갈지 예측 할 길이 없다. 잘못하다가는 청운동(淸雲洞) 어귀까지 굴러갈는지도 모를 일이다. 게다가 올라갈 때에는 도움이 되던 스틱조차 내려갈 때에는 귀찮기 짝이 없다.
반각이나 걸려서 여는 드디어 그 샘가에 도달하였다. 샘가에는 과연 한 개의 바위가 사람 하나 앉기 좋을 만한 자리가 있다. 이 바위가 화공이 쌀 씻던 바위일까? 처녀가 앉아서 공상하던 바위일까? 그 아래를 깊은 남벽(藍碧)으로 알았더니 겨우 한 뼘 미만의 얕은 물로써 바위 위를 기운 없이 뚤뚤 흐르고 있다.
그러나 이 골짜기는 고요하기 짝이 없었다. 바람 소리도 멀리 위에서만 들린다. 그리고 소나무와 바위에 둘러싸여서 꽤 음침한 이 골짜기는 옛날 세상을 피한 화공이 즐겨 하였음직하다.
자, 그러면 이 골짜기에서 아까 그 이야기의 꼬리를 마저 지을까?
화공은 처녀를 데리고 오막살이로 돌아왔다.
그의 마음은 너무도 긴장되고 또한 기뻐서 저녁도 짓기 싫었다. 들어와 보매 벌써 여러 해를 멀리 다리기를 기다리는 족자의 여인의 몸집조차 흔연히 화공을 맞는 듯하였다.
""자, 거기 앉아라.""
수년간 화공을 힐책하던 머리 없는 그림이 화공의 앞에 펴졌다. 단청도 준비되었다.
터질 듯 울렁거리는 마음으로 폭 앞에 자리를 잡은 화공은, 빛이 비치도록 남향하여 처녀를 앉히고 손으로 붓을 적시며 이야기를 꺼내었다.
벌써 황혼은 이제 얼마 남지 않은 오늘 해로써 숙망을 달하려 하는 것이었다. 십 년간을 벼르기만 하면서 착수를 못하기 때문에 저축되었던 화공의 힘은 손으로 모였다.
""그러구… 알겠지?""
눈으로는 처녀의 얼굴을 보며 입으로는 용궁 이야기를 하며 손은 번개같이 붓을 둘렀다.
""용궁에는 여의주(如意珠)라는 구슬이 있구나. 이 여의주라는 구슬은 마음에 한 번 굴리면 너도 광명한 일월을 보게 된다.""
""네? 그런 구슬이 있습니까?""
""있구 말구. 네가 내 말을 잘 듣고 있기만 하면 수일 내로 너를 데리고 용궁에 가서 여의주를 빌어서 네 눈도 고쳐주마.""
""그러면 저도 광명한 일월을 볼 수가 있겠습니까?""
""그럼. 광명한 일월, 무지개라는 칠 색이 영롱한 기묘한 것, 아름다운 수풀, 유수한 골짜기, 무엇인들 못 보랴!""
""아이구, 어서 그 여의주를 구해서….""
아아, 놀라운 아름다운 표정이었다. 화공은 처녀의 얼굴에 나타나 넘치는 이 놀라운 표정을 하나도 잃지 않고 화폭 위에 옮겼다.
황혼은 어느 덧 밤으로 변하였다. 이때는 그림의 여인에게는 단지 눈동자가 그려지지 않을 뿐 그 밖의 것은 죄 완성이 되었다.
동자까지 그리고 싶었다. 그러나 이 그림의 생명을 좌우할 눈동자를 그리기에는 너무도 어두웠다.
눈동자 하나쯤이야 밝은 날로 남겨 둔 들 어떠랴. 하여간 십년 숙망을 겨우 달한 화공의 심사는 무엇에 비기지 못하도록 기뻤다.
""아… 아….""
이 탄성은 오래 벼르던 일이 끝난 때에 나는 기쁨의 소리였다. 이 일단의 안심과 함께 화공의 마음에는 또 다른 긴장과 정열이 솟아올랐다.
꽤 어두운 가운데서 처녀의 얼굴을 유심히 보기 위하여 화공이 잡은 자리는 처녀의 무릎과 서로 닿을 만치 가까웠다. 그림에 대한 일단의 안심과 함께 화공의 코로 몰려 들어오는 강렬한 처녀의 체취(體臭)와 전신으로 느끼는 처녀의 접근 때문에 화공의 신경은 거의 마비될 듯 싶었다. 차차 각 일각 몸까지 떨리기 시작하였다. 어두움 가운데서 황홀스러이 빛나는 처녀의 커다란 눈은, 정열로 들먹거리는 입술은 화공의 정신까지 혼미하게 하였다.
밝은 날, 화공과 소경 처녀의 두 사람은 벌써 남이 아니었다.
""오늘은 동자를 완성시키리라.""
삼십 년의 독신 생활을 벗어버린 화공은 삼십 년간을 혼자 먹던 조반을 소경 처녀와 같이 먹고 다시 그림 폭 앞에 앉았다.
""용궁은?""
기쁨으로 빛나는 처녀의 눈….
그러나 화공의 심미안(審美眼)에 비친 그 눈은 어제의 눈이 아니었다.
아름답기는 다시없는 아름다운 눈이었다. 그러나 그 눈은 사내의 사랑을 구하는 '여인의 눈'이었다. 병신이라 수모 받던 전생을 벗어버리고 어젯밤 처음으로 인생의 봄을 맛본 처녀는 이제는 한 개의 지어미의 눈이요, 한 개의 애욕의 눈이었다.
""용궁은?""
""용궁에 어서 가서 여의주를 얻어서 제 눈을 띄어 주세요. 밝은 천지도 천지려니와 당신을 어서 눈뜨고 보고 싶어.""
어제 밤 잠자리에서 자기는 스물네 살 난 풍신 좋은 사내라고 자랑한 화공의 말을 그대로 믿는 소경 처녀였다.
""응, 얻어주지. 그 칠 색이 영롱한….""
""그 칠 색도 어서 보고 싶어요.""
""그래 그래, 좌우간 지금 머리로 생각 해보란 말이야.""
""네, 참 어서 보고 싶어서….""
굽어보면 무릎 앞의 그림은 어서 한 점 눈동자를 찍어 주기를 기다리고 있다.
그러나 소경의 눈에 나타난 것은 아름답기는 아름다우나 그것은 애욕의 표정에 지나지 못하였다. 그런 눈을 그리려고 십 년을 고심한 것이 아니었다.
""자, 용궁을 생각해 봐!""
""생각이나 하면 뭘합니까? 어서 이 눈으로 보아야지.""
""생각이라도 해 보란 말이야.""
""짐작이 가야 생각도 하지요.""
""어제 생각하던 대로 생각을 해 봐!""
""네….""
화공은 드디어 역정을 내었다. ""자, 용궁! 용궁!""
""네….""
""용궁을 생각해 봐! 그래 용궁이 어때?""
""칠 색이 영롱하고요.""
""그래, 또?""
""또 황금 기둥, 아니 비단으로 짠 기둥이 있고요. 또 푸른 진주가!""
""푸른 진주가 아냐! 푸른 비취지.""
""비취 추녀든가 문이든가?""
""에익! 바보!""
화공은 커다란 양손으로 칵 소경의 어깨를 잡았다.
잡고 흔들었다.
""자, 다시 곰곰이… 용궁은?""
""용궁은 바다 속에….""
겁에 질려서 어릿거리는 소경의 양에 화공은 손으로 소경의 따귀를 갈기지 않을 수가 없었다.
""바보!""
이런 바보가 어디 있으랴! 보매 그 병신 눈은 깜박일 줄도 모르고 허공을 바라보고 있다. 그 천치 같은 눈을 보매 화공의 노염은 더욱 커졌다. 화공은 양손으로 소경의 멱을 잡았다.
""에이 바보야, 천치야, 병신아!""
생각나는 저주의 말을 연하여 퍼부으면서 소경의 멱을 잡고 흔들었다. 그리고 병신같이 멀겋게 띄운 눈자위에 원망의 빛살이 나타나는 것을 보고 더욱 힘있게 흔들었다. 흔들다가 화공은 탁 그 손을 놓았다. 소경의 몸이 너무도 무거워졌으므로….
화공의 손에서 놓인 소경의 몸은 눈을 뒤솟은 채 번뜻 나가 넘어졌다. 넘어지는 서슬에 벼루가 전복되었다. 뒤집어진 벼루에서 튀어 난 먹방울이 소경의 얼굴에 덮였다.
깜짝 놀라서 흔들어 보매 소경은 벌써 이 세상의 사람이 아니었다.
화공은 어찌할 줄을 몰랐다. 망지소조하여 허든거리던 화공은 눈을 뜻없이 자기의 그림 위에 던지다가 악! 소리를 내며 자빠졌다.
그 그림의 얼굴에는 어느덧 동자가 찍히었다. 자빠졌던 화공이 좀 정신을 가다듬어 가지고 몸을 일으켜서 다시 그림을 보매 두 눈에는 완전히 동자가 그려진 것이었다.
그 동자의 모양이 또한 화공으로 하여금 다시 덜썩 엉덩이를 붙이게 하였다. 아까 소경 처녀가 화공에게 멱을 잡혔을 때에 그의 얼굴에 나타났던 원망의 눈!
그림의 동자는 완연히 그것이었다.
소경이 넘어지는 서슬에 벼루를 엎는다는 것은 기이할 것도 없고 벼루가 엎어질 때에 먹방울이 튄다는 것도 기이하달 수도 없지만, 그 먹방울이 어떻게 그렇게도 기묘하게 떨어졌을까? 먹이 떨어진 동자로부터 먹물이 번진 홍채에 이르기까지 어찌도 그렇듯 기묘하게 되었을까?
한편에는 송장, 한편에는 화상을 놓고 망연히 앉아있는 화공의 몸은 스스로 멈출 수 없이 와들와들 떨렸다.
수일 후부터 한양성 내에는 괴상한 여인의 화상을 들고 음울한 얼굴로 돌아다니는 늙은 광인(狂人) 하나가 생겼다.
그의 내력을 아는 사람이 없었고, 그의 근본을 아는 사람이 없었다. 그 괴상한 화상을 너무도 소중히 여기므로 사람들이 보고자 하면 그는 기를 써서 보이지 않고 도망하여 버리고 한다.
이렇게 수년간을 방황하다가 어떤 눈보라 치는 날, 돌베개를 베고 그의 일생을 막음 하였다. 죽을 때도 그는 그 족자를 깊이 품에 품고 죽었다.
늙은 화공이여. 그대의 쓸쓸한 일생을 여는 조상하노라.
여(余)는 지팡이로서 물을 두어 번 저어보고 고즈너기 몸을 일으켰다.
우러러보매 여름의 석양은 벌써 백악 위에서 춤추고, 이 천고(千古)의 계곡을 산새가 남복으로 난다.",바위 위에 잔솔이 서고 잔솔 아래는 이끼가 빛을 자랑한다. 굽어보니 바위 아래는 몇 포기 난초가 노란 꽃을 벌리고 있다.,11495
금,김유정,"금


금점이란 헐없이 똑 난장판이다.
감독의 눈은 일상 올빼미눈같이 둥글린다. 훅하면 금 도적을 맞는 까닭이다. 하긴 그래도 곧잘 도적을 맞긴 하련만―
대거리를 꺾으러 광부들은 하루에 세 때로 몰려든다. 그들은 늘 하는 버릇으로 굴문 앞까지 와서는 발을 멈춘다. 잠자코 옷을 훌훌 벗는다.
그러면 굿문을 지키는 감독은 그 앞에서 이윽히 노려보다가 이 광산 전용의 굴복을 한벌 던져준다. 그놈을 받아 쥐고는 비로소 굴 안으로 들어간다. 이렇게 탈을 바꿔 쓰고야 저 땅 속 백여 척이 넘는 굴속으로 기어드는 것이다.
그와 마찬가지로 나는 대거리는 굴문께로 기어나와서 굴복을 벗는다. 벌거숭이 알몸뚱이로 다리짓 팔짓을 하여 몸을 털어 보인다. 그리고 제 옷을 받아입고는 집으로 돌아가는 것이다.
이것이 여름이나 봄철이면 호옥 모른다. 동지섣달 날카로운 된 바람이 악을 쓰게 되면 가관이다. 발가벗고 서서 소름이 쪽 끼치어 떨고 있는 그 모양, 여기 우스운 이야기가 있다. 최서방이라는 한 노인이 있는데, 한 육십쯤 되었을까 허리가 구붓하고 들피진 얼굴에 좀 병신스러운 촌뜨기가 하루는 굴복을 벗고 몸을 검사시키는데 유달리 몹시 떤다. 뼈에 말라붙은 가죽에도 소름이 돋는지 하여튼 무던히 추웠던 게라 몸이 반쪽이 되어 떨고 섰더니 고만 오줌을 쪼룩하고 지렸다. 이놈이 힘이 없었게 망정이지 좀만 삗쳤더면 앞에 섰는 감독의 바지를 적실 뻔 했다. 감독은 방한화의 오줌방울을 땅바닥에 탁탁 털며
“이놈이가!” 
하고 좀 노해보려 했으되 먼저 그 꼬락서니가 웃지 않을 수 없다.
“늙은놈이도 오줌이 싸 이눔아?”
그리고 손에 쥐었던 지팡이로 거길 톡 친다.
최서방은 얼은 살이라 좀 아픈 모양.
“아야.” 
하고 소리를 치다가 시나브로 무안하여 허리를 구부린다. 이것을 보고 곁에 몰려섰든 광부들은 우아아, 하고 뭇웃음이 한꺼번에 터져 오른다.
이렇게 엄중히 잡도리를 하건만 그래도 용케는 먹어들 가는 것 이다. 어떤 놈은 상투속에다 금을 끼고 나온다. 혹은 다비 속에다 껴 신고 나오기도 한다. 이건 예전 말이다. 지금은 간수들의 지혜도 훨씬 슬기로웁다. 이러다는 담박 들키어 내떨리기밖에 더는 수 없다. 하니까 광부들의 꾀 역 나날이 때를 벗는다. 사실이지 그들은 구덩이 내로 들어만 서면 이 궁리 빼고 다른 생각은 조금도 없다. 어떻게 하면 이놈의 금을 좀 먹어다놓고 다리를 뻗고 계집을 데리고 이래 지내볼런지. 하필 광주만 먹이어 살릴 게 아니니까. 거기에는 제일 안전한 방법이 있으니 그것은 덮어놓고 꿀떡, 삼키고 나가는 것이다. 제아무리 귀신인들 뱃속에 든 금이야. 허나 사람의 창자란 쇠 바닥이 아니니 금 덕을 보기 전에 베져 버리면 남 보기에 효상만 사납다. 왜냐하면 사금이면 모르나 석혈금이란 유리쪽 같은 차돌에 박였기 때문에 예라 입속에 감춰라. 귓속에 묻어라. 빌어먹을 거 사타구니에 끼고 나가면 누가 뭐랄 텐가. 심지어 덕희는 항문에다 금을 박고나오다 고만 뽕이 났다. 감독은 낯을 일그리며 금을 뼈집어 놓고
“이 자식이가 금이 또 구모기로 먹어?”
하고 알볼기짝을 발길로 보기 좋게 갈기니 쩔꺽거리고 내떨렸다.
이렇게 되고 보면 감독의 책임도 수월치 않다. 도적을 지켜야 제 월급도 오르긴 하지만 일변 생각하면 성가신 노릇. 몇 달씩 안 빨은 옷을 벗길 적마다 부연 먼지는 오른다. 게다 목욕을 언제나 했는지 때가 누덕누덕한 몸뚱이를 뒤져보려면 구역이 곧바로 올라오련다. 광부들이란 항상 돼지 같은 몸뚱이므로―
봄이 돌아와 향기로운 바람이 흘러내려도 그는 아무 재미를 모른다. 맞은쪽 험한 산골에 어지러이 흩어진 동백, 개나리, 철쭉들도 그의 흥미를 끌기에 힘이 어렸다. 사람이란 기계와 다르다. 단 한 가지 단조로운 일에 시달리고 나면 종말에는 고만 지치고 마는 것이다. 그 일뿐 아니라 세상사물에 권태를 느끼는 것이 항용이다. 그런 중 피로한 몸에다 점심 벤또를 한 그릇 집어넣고 보면 몸이 더욱 나른하다. 그때는 황금 아니라 온 천하를 떼어온대도 그리 반갑지 않다. 굴문을 지키던 감독은 교의에 몸을 의지하고 두 팔을 벌리어 기지개를 늘인다. 우음, 하고 다시 궐련을 피운다. 그의 눈에는 어젯밤 끼고 놀던 주막거리의 계집애 그 젖꼭지밖에는 더 띠이지 않는다 워낙 졸리운 몸이라 그것도 어렴풋이―
요 아래 산중턱에서 발동기는 채신이 없이 풍, 풍, 풍, 연해 소리를 낸다. 뭇사내가 그리로 드나든다. 허리를 구붓하고 끙, 끙, 매는 것이 아마 감석을 나르는 모양. 그 밑으로 골물은 돌에 부대끼며 콸콸 내려흐른다.
한 점 이십분. 굴파수가 점심을 마악 치르고 고담이다. 고달픈 눈을 게슴츠레이 끔벅이며 앉았노라니 뜻밖에 굴문께로 광부의 대강이가 하나 불쑥 나타난다. 대거리 때도 아니오 또 시방쯤 나올 필요도 없건만. 좀더 눈을 의아히 뜰 것은 등어리에 척 늘어진 반송장을 업었다. 헤, 헤, 또 죽어했어? 그는 골피를 찌푸리며 입맛을 다신다. 허나 금점에 사람 죽는 것은 도수장 소 죽음에 진배없이 예사다. 그건 먹다도 죽고 꽁무니를 까고도 죽고 혹은 곡괭이를 든 채로 죽고 하니까. 놀람보다도 성가신 생각이 먼저 앞선다. 이걸 또 어떻게 치나. 감독 불충분의 덤태기로 그 누를 입어 떨리지나 않을런지.
감독은 교의에서 엉거주춤 일어서며
“왜 그랬어?”
“버력에 치, 치, 치었습니다.”
광부는 허겁스리 눈을 희번덕이며 이렇게 말이 끊는다. 걸대가 커다랗고 억세게 생겼으나 까맣게 치올려보이는 사다리를 더구나 부상자를 업고 기어오르는 동안 기운이 모조리 지친 모양. 씩씩거리고 검붉은 이마에 땀이 쭉 흐른다. 죽어가는 동관을 구하고자 일초를 시새워 들레인다.
“이걸 어떻게 살려야지유?”
감독은 대답 대신 다시 낯을 찌푸린다. 등에 엎드린 광부의 바른편 발을 노려보면서 굴복 등거리로 복사뼈까지 얼러 들써매곤 굵은 사내끼로 칭칭 감았는데 피, 피, 싸맨 굴복 위로 징그러운 선혈이 풍풍 그저 스며 오른다. 그뿐 아니라 피는 땅에까지 똑똑 떨어지며 보는 사람의 가슴에 못을 치는 듯. 물론 그 자는 까무라쳤으리라, 웃통이를 벗은 채 남의 등에 걸치어 꼼짝 못한다. 고개는 시들은 파잎 같이 앞으로 툭 떨어지고―
“이걸 어떻게 얼른 해야지유?”
이를 말인가. 곧 서둘러 병원으로 데리고 가서 으스러진 발목을 잘라내던지 해야 일이 쉽겠다. 허나 이걸 데리고 누가 사무실로 병원으로 왔다갔다 성가신 노릇을 하랴. 염량 있는 사람은 군일에 손을 안 댄다. 게다 다행히 딴 놈이 가로맡아 조급히 서두르므로 아따 네 멋대로 그 기세를 바짝 치우치며
“암! 어른 데리구 가. 약기 바라야지.”
가장 급한 듯 저도 허풍을 피운다.
이 영이 떨어지자 광부는 나를 듯이 점벙거리며 굴막을 나온다. 동관의 생명이 몹시 위급한 듯, 물방앗간을 향하여 구르다시피 산비탈을 내려올 제
“이봐, 참 그 사람이 이름이 뭐?”
“북 삼호 구뎅이에서 저와 같이 일하는 이덕순입니다”
하고 소리를 지르고는 다시 발길을 돌리어 삥 내뺀다.
감독은 이 꼴을 멀리 바라보며
“이덕순이, 이덕순이.”
하다가 곧 늘어지게 하품을 으아함, 하고 내뽑는다.
시골의 봄은 바쁘다. 농군들은 들로 산으로 일을 나갔고 마을에는 양지쪽에 자빠진 워리의 기지개뿐. 아이들은 둑 밑 잔디로 기어다니며 조끄마한 바구니에 주워 담는다. 달룽, 소로쟁이 게다가 우렁이―
산모퉁이를 돌아나릴 제
“누가 따라오지나 않나?”
덕순이는 초조로운 어조로 묻는다. 그러나 죽은 듯이 고개는 그냥 떨어진 채 사리는 음성으로.
“아니, 이젠 염려 없네.”
아주 자신 있는 쾌활한 대답이다. 조금 사이를띠워 가만히
“흙 빠지나 보게, 또 십년공부 나미타불 만들어.”
“음 맺으니까 설마―.”
하고 덕순이는 대답은 하나 말끝이 밍밍히 식는다. 기운이 푹 꺼진 걸 보면 아마 되우 괴로운 모양 같다. 좀 전에는 내 험세 그까짓 거 좀, 하고 희망에 불 일던 덕순이다. 그 순간의 덕순이와는 아주 팔팔결. 몹시 아프면 기운도 죽나 보다.
덕순이는 제 집 가까이 옴을 알자 비로소 고개를 조금 들었다. 쓰러져 가는 납작한 낡은 초가집. 고자리 쑤시듯 풍풍 뚫어진 방문. 저 방에서 두 자식을 데리고 계집을 데리고 고생만 무진히 하였다. 이제는 게다 다리까지 못 쓰고 들어누웠으려니! 아내와 밤낮 겯고틀고 이렇게 복대기를 또  쳐야 되려니! 아아! 그리고 보니 등줄기에 소름이 날카롭게 지난다. 제 손으로 돌을 들어 눈을 감고 발을 내려찧는다. 깜짝 놀란다. 발은 깨치며 으츠러진다. 피가 퍼진다. 아, 얼마나 어리석은 짓인가? 그러나 그러나 다 돈 천원은 그 얼만가!
“아, 이거 왜 이랬우?”
아내는 자지러지게 놀라며 뛰어나온다. 남편은 뻔히 쳐다볼 뿐, 무대답. 허나 그 속은 묻지 않아도 훤한 일이었다. 요즘 며칠 동안을 끙끙거리던 그 계획, 그러고 이러이러 할 수밖에 없을 텐데 하고 잔뜩 장은 댔으나 그래도 차마 못하고 차일피일 밀쳐오던 그 계획. 그예 기어코 이 꼴을 만들어오는구!
아내는 행주치마에 손을 닦고 허둥지둥 남편을 부축이어 방으로 끌어드린다.
“끙!”
남편은 방벽에가 비스듬히 기대어 앉으며 이렇게 안간힘을 쓴다. 그리고 다친 다리를 제 앞으로 조심히 끌어댕긴다. 이마에 살을 조여가며 제 손으로 풀기 시작한다.
굵은 사내끼는 풀어제쳤다. 그리고 피에 젖은 굴복 등거리를 조심히 풀쳐보니 어느 게 살인지, 어느 게 뼈인지 분간키 곤란이다. 다만 흐느적흐느적하는. 아마 돌이 내려칠 제 그 모에 밀리고 으츠러지기에 그렇게 되었으리라. 선지 같은 고깃덩이가 여기에 하나 붙고 혹은 저기에 하나 붙고. 발가락께는 그 형체조차 잃었을 만치 아주 무질러지고 말이 아니다. 아직도 철철 피는 흐른다. 이렇게까지는 안되었을 텐데! 그는 보기만 하여도 너무 끔찍하여 몸이 졸아들 노릇이다.
그러나 그는 우선 피에 흥건한 굴복을 집어들고 털어본다. 역 피가 찌르르 묻은 손뼉만한 돌이 떨어진다. 그놈을 집어 들고 이리로 저리로 뒤져본다. 어두운 굴속이라 간드레불빛에 혹여 잘못 보았을지도 모른다. 아내에게 물을 떠오래 거기다가 흔들어 피를 씻고 보니 과연 노다지. 금 황금. 이래도 천원짜리는 되겠지!
동무는 이 광경을 가만히 들여다보고 섰다가
“인 내게 내 가주가 팔아옴세.”
“…….”
덕순이는 잠자코 그 얼굴을 유심히 치어다본다. 돌은 손에 잔뜩 우려쥐고. 아니 더욱 힘 있게 손을 죄인다. 마는 동무가 조금도 서슴지 않고
“금으로 잡아 파나, 그대로 감석채 파나 마찬가지 되리, 얼른 팔아서 돈이 있어야 자네도 약도 사고 할 게 아닌가, 같이 하고 설마 도망이야 안가겠지.”
하니까 
“팔아오게.”
그제서 마음을 놨는지 감을 내어준다.
동무는 그걸 받아들고 방문을 나오며 후회가 몹시 난다. 제가 발을 깨지고, 피를 내고 그리고 감석을 지니고 나왔더면 둘을 먹을걸. 발견은 제가 하였건만 덕순이에게 둘을 주고 원 쥔이 하나만 먹다니. 그때는 왜 이런 용기가 안 났던가. 이제와 생각하면 분하고 절통하기 짝이 없다. 그는 허둥거리며 땅바닥에다 거칠게 침을 퉤, 뱉고 또 퉤, 뱉고 싸리문을 돌아나간다.
이 꼴을 맥 풀린 시선으로 멀거니 내다본다. 덕순이는 낯을 흐린다. 하는 양을 보니 암만해도, 혼자 먹고 달아날 장본인인 듯. 허지만 설마……. 살기 위하여 먹는 걸, 먹기 위하여 몸을 버리고 그리고 또 목숨까지 버린다. 그걸 그는 알았는지 혹은 모르는지 아픔에 못 이기어
“아이구.” 
하고 스러지는 듯 길게 한숨을 뽑더니
“가지고 달아나진 않겠지?”
아내는 아무 말도 대답지 않는다. 고개를 수그린 채 보기 흉악한 그 발을 뚫어지게 쏘아만 볼 뿐. 그러나 가무잡잡한 야윈 얼굴에 불현듯 맑은 눈물이 솟아내린다. 망할 것두 다 많아. 제 발을 이래까지 하면서 돈을 벌어오라진 않았건만. 대관절 인제 어떻게 하려고 이러는지! 
얼마 후 이마를 들자 목성을 돋으며
“아프지 않어?”
하고 뾰로지게 쏘아 박는다.
“아프긴 뭐 아퍼, 인제 났겠지.”
바로 희떱게스리 허울 좋은 대답이다. 마는 그래도 아픔은 참을 기력이 부치는 모양. 조금 있더니 그 자리에 그대로 쓰러지며
“아이구!”
참혹한 비명이다.


(올해. 1. 10)","금점이란 헐없이 똑 난장판이다.
감독의 눈은 일상 올빼미눈같이 둥글린다. 훅하면 금 도적을 맞는 까닭이다.",4365
금(金) 따는 콩밭,김유정,"금(金) 따는 콩밭


땅속 저 밑은 늘 음침하다.
고달픈 간드렛불. 맥없이 푸르끼하다. 밤과 달라서 낮엔 되우 흐릿하였다.
겉으로 황토 장벽으로 앞뒤 좌우가 콕 막힌 좁직한 구뎅이. 흡사히 무덤 속같이 귀중중하다. 싸늘한 침묵, 쿠더부레한 흙내와 징그러운 냉기만이 그 속에 자욱하다.
곡괭이는 뻔질 흙을 이르집는다. 암팡스러이 내려쪼며,
퍽 퍽 퍽―
이렇게 메떨어진 소리뿐. 그러나 간간 우수수 하고 벽이 헐린다.
영식이는 일손을 놓고 소맷자락을 끌어당기어 얼굴의 땀을 훑는다. 이놈의 줄이 언제나 잡힐는지 기가 찼다. 흙 한 줌을 집어 코밑에 바싹 들이대고 손가락으로 샅샅이 뒤져 본다. 완연히 버력은 좀 변한 듯싶다. 그러나 불통버력이 아주 다 풀린 것도 아니었다. 말똥버력이라야 금이 온다는데 왜 이리 안 나오는지.
곡괭이를 다시 집어 든다. 땅에 무릎을 꿇고 궁뎅이를 번쩍 든 채 식식거린다. 곡괭이는 무작정 내려 찍는다.
바닥에서 물이 스미어 무르팍이 흔건히 젖었다. 굿 엎은 천판에서 흙방울은 내리며 목덜미로 굴러든다. 어떤 때에는 윗벽의 한쪽이 떨어지며 등을 탕 때리고 부서진다. 그러나 그는 눈도 하나 깜짝하지 않는다. 금을 캔다고 콩밭 하나를 다 잡쳤다. 약이 올라서 죽을 둥 살 둥, 눈이 뒤집힌 이판이다. 손바닥에 침을 탁 뱉고 곡괭이자루를 한번 꼬나잡더니 쉴 줄 모른다.
등 뒤에서는 흙 긁는 소리가 드윽드윽 난다. 아직도 버력을 다 못 친 모양. 이 자식이 일을 하나 시졸 하나. 남은 속이 바직바직 타는데 웬 뱃심이 이리도 좋아.
영식이는 살기 띤 시선으로 고개를 돌렸다. 암말 없이 수재를 노려본다. 그제야 꾸물꾸물 바지게에 흙을 담고 등에 메고 사다리를 올라간다.
굿이 풀리는지 벽이 우찔하였다. 흙이 부서져 내린다. 전날이라면 이곳에서 아내 한 번 못 보고 생죽음이나 안 할까 털끝까지 쭈뼛할 게다. 그러나 인젠 그렇게 되고도 싶다. 수재란 놈하고 흙더미에 묻히어 한껍에 죽는다면 그게 오히려 날 게다.
이렇게까지 몹시 몹시 미웠다. 이놈 풍치는 바람에 애꿎은 콩밭 하나만 결딴을 냈다. 뿐만 아니라 모두가 낭패다. 세 벌 논도 못 맸다. 논둑의 풀은 성큼 자란 채 어지러이 널려 있다. 이 기미를 알고 지주는 대로하였다. 내년부터는 농사 질 생각 말라고 발을 굴렀다. 땅은 암만을 파도 지수가 없다. 이만 해도 다섯 길은 훨씬 넘었으리라. 좀더 지펴야 옳을지 혹은 북으로 밀어야 옳을지, 우두커니 망설거린다. 금점 일에는 풋둥이다. 입대껏 수재의 지휘를 받아 일을 하여 왔고, 앞으로도 역시 그러해야 금을 딸 것이다. 그러나 그런 칙칙한 짓은 안 한다.
“이리 와 이것 좀 파게.”
그는 어쓴 위풍을 보이며 이렇게 분부하였다. 그리고 저는 일어나 손을 털며 뒤로 물러선다.  
수재는 군말 없이 고분하였다. 시키는 대로 땅에 무릎을 꿇고 벽채로 군버력을 긁어 낸 다음 다시 파기 시작한다.
영식이는 치다 나머지 버력을 짊어진다. 커단 걸대를 뒤룩거리며 사다리로 기어오른다. 굿문을 나와 버력더미에 흙을 마악 내치려 할 제,
“왜 또 파. 이것들이 미쳤나 그래!”
산에서 내려오는 마름과 맞닥뜨렸다. 정신이 떠름하여 그대로 벙벙히 섰다. 오늘은 또 무슨 포악을 들으려는가.
“말라니까 왜 또 파는 게야.”
하고 영식이의 바지게 뒤를 지팡이로 꽉 찌르더니,
“갈아 먹으라는 밭이지, 흙 쓰고 들어가라는 거야, 이 미친 것들아. 콩밭에서 웬 금이 나온다구 이 지랄들이야, 그래.”
하고 목에 핏대를 올린다. 밭을 버리면 간수 잘못한 자기 탓이다. 날마다 와서 그 북새를 피우고 금하여도 다음날 보면 또 여전히 파는 것이다.
“오늘로 이 구뎅이를 도로 묻어 놔야지, 낼로 당장 징역 갈 줄 알게.”
너무 감정에 격하여 말도 잘 안 나오고 떠듬떠듬거린다. 주먹은 곧 날아들 듯이 허구리께서 불불 떤다.
“오늘만 좀 해보고 그만두겠어유.”
영식이는 낯이 붉어지며 가까스로 한마디 하였다. 그리고 무턱대고 빌었다.
마름은 들은 척도 안 하고 가버린다.
그 뒷모양을 영식이는 멀거니 배웅하였다. 그러나 콩밭 낯짝을 들여다보니 무던히 애통 터진다. 멀쩡한 밭에 구멍이 사면 풍풍 뚫렸다.
예제 없이 버력은 무더기무더기 쌓였다. 마치 사태 만난 공동묘지와도 같이 귀살쩍고 되우 을씨년스럽다. 그다지 잘되었던 콩포기는 거반 버력더미에 다아 깔려 버리고 군데군데 어쩌다 남은 놈들만이 고개를 나풀거린다. 그 꼴을 보는 것은 자식 죽는 걸 보는 게 낫지 차마 못 할 경상이었다.
농토는 모조리 떨어질 것이다. 그러나 대관절 올 밭도지 벼 두 섬 반은 뭘로 해내야 좋을지. 게다 밭을 망쳤으니 자칫하면 징역을 갈는지도 모른다.
영식이가 구뎅이 안으로 들어왔을 때 동무는 땅에 주저앉아 쉬고 있었다. 태연 무심히 담배만 뻑뻑 피우는 것이다.
“언제나 줄을 잡는 거야.”
“인제 차차 나오겠지.”
“인제 나온다?”
하고 코웃음을 치고 엇먹더니 조금 지나매,
“이 새끼.”
흙덩이를 집어 들고 골통을 내려친다.
수재는 어쿠 하고 그대로 폭 엎드린다. 그러다 벌떡 일어선다. 눈에 띄는 대로 곡괭이를 잡자 대뜸 달겨들었다. 그러나 강약이 부동. 왁살스러운 팔뚝에 퉁겨져 벽에 가서 쿵 하고 떨어졌다. 그 순간에 제가 빼앗긴 곡괭이가 정바기를 겨누고 날아드는 걸 보았다. 고개를 홱 돌린다. 곡괭이는 흙벽을 퍽 찍고 다시 나간다.


수재 이름만 들어도 영식이는 이가 갈렸다. 분명히 홀딱 속은 것이다.
영식이는 본디 금점에 이력이 없었다. 그리고 흥미도 없었다. 다만 밭고랑에 웅크리고 앉아서 땀을 흘려 가며 꾸벅꾸벅 일만 하였다. 올엔 콩도 뜻밖에 잘 열리고 맘이 좀 놓였다.
하루는 홀로 김을 매고 있노라니까,
“여보게 덥지 않은가, 좀 쉬었다 하게.”
고개를 들어 보니 수재다. 농사는 안 짓고 금점으로만 돌아다니더니 무슨 바람에 또 왔는지 싱글벙글한다. 좋은 수나 걸렸나 하고,
“돈 좀 많이 벌었나. 나 좀 쵀주게.”
“벌구말구. 맘껏 먹고 맘껏 쓰고 했네.”
술에 거나한 얼굴로 신껏 주적거린다. 그리고 밭머리에 쭈그리고 앉아 한참 객설을 부리더니,
“자네, 돈벌이 좀 안 하려나. 이 밭에 금이 묻혔네, 금이.”
“뭐?”
하니까, 바로 이 산 너머 큰골에 광산이 있다, 광부를 삼백여 명이나 부리는 노다지판인데 매일 소출되는 금이 칠십 냥을 넘는다, 돈으로 치면 칠천 원, 그 줄맥이 큰 산허리를 뚫고 이 콩밭으로 뻗어 나왔다는 것이다. 둘이서 파면 불과 열흘 안에 줄을 잡을 게고, 적어도 하루 서 돈씩은 따리라. 우선 삼십 원만 해도 얼마냐. 소를 산대도 반 필이 아니냐고.
그러나 영식이는 귀담아듣지 않았다. 금점이란 칼 물고 뜀뛰기다. 잘되면이거니와 못 되면 신세만 조진다. 이렇게 전일부터 들은 소리가 있어서였다.
그 담 날도 와서 꾀송거리다 갔다.
셋째 번에는 집으로 찾아왔는데 막걸리 한 병을 손에 들고 영을 피운다. 몸이 달아서 또 온 것이었다. 봉당에 걸터앉아서 저녁상을 물끄러미 바라보더니 조당수는 몸을 훑인다는 둥 일꾼은 든든히 먹어야 한다는 둥 남들은 논을 사느니 밭을 사느니 떠드는데 요렇게 지내다 그만둘 테냐는 둥 일쩝게 지절거린다.
“아주머니, 이것 좀 먹게 해주시게유.”
그리고 비로소 영식이 아내에게 술병을 내놓는다. 그들은 밥상을 끼고 앉아서 즐거웁게 술을 마셨다. 몇 잔이 들어가고 보니 영식이의 생각도 적이 돌아섰다. 딴은 일년 고생하고 끽 콩 몇 섬 얻어먹느니보다는 금을 캐는 것이 슬기로운 짓이다. 하루에 잘만 캔다면 한해 줄곧 공들인 그 수확보다 훨씬 이익이다. 올봄 보낼 제 비료 값, 품삯, 빚에 빚진 칠 원 까닭에 나날이 졸리는 이 판이다. 이렇게 지지하게 살고 말 바에는 차라리 가로지나 세로지나 사내자식이 한번 해볼 것이다.
“낼부터 우리 파보세. 돈만 있으면이야, 그까진 콩은…….”
수재가 안달스리 재우쳐 보채일 제 선뜻 응낙하였다.
“그래 보세, 빌어먹을 거 안 됨 고만이지.”
그러나 꽁무니에서 죽을 마시고 있던 아내가 허구리를 쿡쿡 찔렀게 망정이지 그렇지 않았더면 좀 주저할 뻔도 하였다.
아내는 아내대로의 셈이 빨랐다.
시체는 금점이 판을 잡았다. 섣부르게 농사만 짓고 있다간 결국 비렁뱅이밖에는 더 못 된다. 얼마 안 있으면 산이고 논이고 밭이고 할 것 없이 다 금쟁이 손에 구멍이 뚫리고 뒤집히고 뒤죽박죽이 될 것이다. 그때는 뭘 파먹고 사나. 자, 보아라. 머슴들은 짜기나 한 듯이 일하다 말고 훅닥하면 금점으로들 내빼지 않는가. 일꾼이 없어서 올엔 농사를 질 수 없느니 마느니 하고 동리에서는 떠들썩하다. 그리고 번동 포농이조차 호미를 내던지고 강변으로 개울로 사금을 캐러 달아난다. 그러다 며칠 뒤엔 다비신에다 옥당목을 떨치고 희자를 뽑는 것이 아닌가.
아내는 콩밭에서 금이 날 줄은 아주 꿈밖이었다. 놀라고도 또 기뻤다. 올에는 노냥 침만 삼키던 그놈 코다리(명태)를 짜장 먹어 보겠구나만 하여도 속이 미어질 듯이 짜릿하였다. 뒷집 양근댁은 금점 덕택에 남편이 사다 준 고무신을 신고 나릿나릿 걷는 것이 무척 부러웠다. 저도 얼른 금이나 펑펑 쏟아지면 흰 고무신도 신고 얼굴에 분도 바르고 하리라.
“그렇게 해보지 뭐. 저 양반 하잔 대로만 하면 어련히 잘 될라구.”
얼떨하여 앉았는 남편을 이렇게 추겼던 것이다.


×


동이 트기 무섭게 콩밭으로 모였다.
수재는 진언이나 하는 듯이 이리 대고 중얼거리고 저리 대고 중얼거리고 하였다. 그리고 덤벙거리며 이리 왔다가 저리 왔다가 하였다. 제 딴은 땅속에 누운 줄맥을 어림하여 보는 맥이었다.
한참을 밭을 헤매다가 산 쪽으로 붙은 한구석에 딱 서며 손가락을 펴들고 설명한다. 큰 줄이란 본시 산운, 산을 끼고 도는 법이다. 이 줄이 노다지임에는 필시 이 켠으로 버듬히 누웠으리라. 그러니 여기서부터 파들어 가자는 것이었다.
영식이는 그 말이 무슨 소린지 새기지는 못했다. 마는 금점에는 난다는 소재이니 그 말대로 하기만 하면 영락없이 금퇴야 나겠지 하고 그것만 꼭 믿었다. 군말 없이 지시해 받은 곳에다 삽을 푹 꽂고 파헤치기 시작하였다.
금도 금이면 애써 키워 온 콩도 콩이었다. 거진 다 자란 허울 멀쑥한 놈들이 삽 끝에 으스러지고 흙에 묻히고 하는 것이다. 그걸 보는 것은 썩 속이 아팠다. 애틋한 생각이 물밀 때 가끔 삽을 놓고 허리를 구부려서 콩잎의 흙을 털어 주기도 하였다.
“아 이 사람아, 맥쩍게 그건 봐 뭘 해, 금을 캐자니깐.”
“국으로 땅이나 파먹지 이게 무슨 지랄들이야!”
동리 노인은 뻔찔 찾아와서 귀 거친 소리를 하고 하였다.
밭에 구멍을 셋이나 뚫었다. 그리고 대고 뚫는 길이었다. 금인가 난장을 맞을 건가 그것 때문에 농군은 버렸다.
이게 필연코 세상이 망하려는 징조이리라. 그 소중한 밭에다 구멍을 뚫고 이 지랄이니 그놈이 온전할 겐가.
노인은 제물화에 지팡이를 들어 삿대질을 아니 할 수 없었다.
“벼락맞느니 벼락맞어!”
“염려 말아유. 누가 알래지유.”
영식이는 그럴 적마다 데퉁스리 쏘았다. 골김에 흙을 되는 대로 내꼰지고는 침을 탁 뱉고 구뎅이로 들어간다. 그러나 마음 한구석에는 언제나 끈― 하였다. 줄을 찾는다고 콩밭을 통히 뒤집어놓았다. 그리고 줄이 언제나 나올지 아직 까맣다. 논도 못 매고 물도 못 보고 벼가 어이 되었는지 그것조차 모른다. 밤에는 잠이 안 와 멀뚱허니 애를 태웠다.
수재는 낙담하는 기색도 없이 늘 하냥이었다. 땅에 웅숭그리고 시적시적 노량으로 땅만 판다.
“줄이 꼭 나오겠나.”
하고 목이 말라서 물으면,
“이번에 안 나오거든 내 목을 비게.”
서슴지 않고 장담을 하고는 꿋꿋하였다.
이걸 보면 영식이도 마음이 좀 뇌는 듯싶었다. 전들 금이 없다면 무슨 멋으로 이 고생을 하랴. 반드시 금은 나올 것이다. 그제는 이왕 손해는 하릴없거니와 그만두리라는 절망이 스스로 사라지고 다시금 주먹이 쥐어지는 것이었다.


×


캄캄하게 밤은 어두웠다. 어디선가 뭇개가 요란히 짖어 댄다.
남편은 진흙투성이를 하고 내려왔다. 풀이 죽어서 몸을 잘 가누지도 못하고 아랫목에 축 늘어진다.
이 꼴을 보니 아내는 맥이 다시 풀린다. 오늘도 또 글렀구나. 금이 터지면은 집을 한 채 사간다고 자랑을 하고 왔더니 이내 헛일이었다. 인제 좌지가 나서 낯을 들고 나갈 염의조차 없어졌다.
남편에게 저녁을 갖다 주고 딱하게 바라본다.
“인제 꿔온 양식도 다 먹었는데…….”
“새벽에 산제를 좀 지낼 텐데 한 번만 더 꿔와.”
남의 말에는 대답 없고 유하게 흘게 늦은 소리뿐. 그리고 드러누운 채 눈을 지그시 감아 버린다.
“죽거리두 없는데 산제는 무슨…….”
“듣기 싫어, 요망맞은년 같으니.”
이 호통에 아내는 그만 멈씰하였다. 요즘 와서는 무턱대고 공연스레 골만 내는 남편이 역 딱하였다. 환장을 하는지 밤잠도 아니 자고 소리만 빽빽 지르며 덤벼들려고 든다. 심지어 어린것이 좀 울어도 이 자식 갖다 내꾼지라고 북새를 피우는 것이다.
저녁을 아니 먹으므로 그냥 치워 버렸다. 남편의 영을 거역기 어려워 양근댁한테로 또다시 안 갈 수 없다. 그간 양식은 줄곧 꾸어다 먹고 갚도 못 하였는데 또 무슨 면목으로 입을 벌릴지 난처한 노릇이었다.
그는 생각다 끝에 있는 염치를 보째 쏟아던지고 다시 한번 찾아가는 것이다. 마는 딱 맞닥뜨리어 입을 열고,
“낼 산제를 지낸다는데 쌀이 있어야지유.”
하자니 영 낯이 화끈하고 모닥불이 날아든다.
그러나 그들은 어지간히 착한 사람이었다.
“암 그렇지요. 산신이 벗나면 죽도 그릅니다.”
하고 말을 받으며 그 남편은 빙그레 웃는다. 워낙이 금점에 장구 닳아난 몸인만치 이런 일에는 적잖이 속이 틔었다. 손수 쌀 닷 되를 떠다 주며,
“산제란 안 지냄 몰라두 이왕 지내려면 아주 정성껏 해야 됩니다. 산신이란 노하길 잘하니까유.”
하고 그 비방까지 깨쳐 보낸다.
쌀을 받아 들고 나오며 영식이 처는 고마움보다 먼저 미안에 질리어 얼굴이 다시 빨갰다. 그리고 그들 부부 살아가는 살림이 참으로 참으로 몹시 부러웠다. 양근댁 남편은 날마다 금점으로 감돌며 버력더미를 뒤지고 토록을 주워 온다. 그걸 온종일 장판돌에다 갈면 수가 좋으면 이삼 원, 옥아도 칠팔십 전 꼴은 매일 셈이 되는 것이었다. 그러면 쌀을 산다, 피륙을 끊는다, 떡을 한다, 장리를 놓는다―그런데 우리는 왜 늘 요 꼴인지 생각만 하여도 가슴이 메는 듯 맥맥한 한숨이 연발을 하는 것이었다.
아내는 집에 돌아와 떡쌀을 담그었다. 낼은 뭘로 죽을 쑤어 먹을는지. 윗목에 웅크리고 앉아서 맞은쪽에 자빠져 있는 남편을 곁눈으로 살짝 할퀴어 본다. 남들은 돌아다니며 잘도 금을 주워 오련만 저 망나니 제 밭 하나를 다 버려도 금 한 톨 못 주워 오나. 에, 에, 변변치도 못한 사나이. 저도 모르게 얕은 한숨이 거푸 두 번을 터진다.
밤이 이슥하여 그들 양주는 떡을 하러 나왔다. 남편은 절구에 쿵쿵 빻았다. 그러나 체가 없다. 동네로 돌아다니며 빌려 오느라고 아내는 다리에 불풍이 났다.
“왜 이리 앉었수, 불 좀 지피지.”
떡을 찧다가 얼이 빠져서 멍하니 앉았는 남편이 밉쌀스럽다. 남은 이래저래 애를 죄는데 저건 무슨 생각을 하고 저리 있는 건지. 낫으로 삭정이를 탁탁 조겨서 던져 주며 아내는 은근히 훅닥이었다.
닭이 두 홰를 치고 나서야 떡은 되었다.
아내는 시루를 이고 남편은 겨드랑에 자리때기를 꼈다. 그리고 캄캄한 산길을 올라간다.
비탈길을 얼마 올라가서야 콩밭은 놓였다. 전면이 우뚝한 검은 산에 둘리어 막힌 곳이었다. 가생이로 느티, 대추나무들은 머리를 풀었다.
밭머리 조금 못미처 남편은 걸음을 멈추자 뒤의 아내를 돌아본다.
“인 내, 그리고 여기 가만히 섰어.”
시루를 받아 한 팔로 껴안고 그는 혼자서 콩밭으로 올라섰다. 앞에 쌓인 것이 모두가 흙더미, 그 흙더미를 마악 돌아서려 할 제 아마 돌을 찼나 보다. 몸이 쓰러지려고 우찔끈하니 아내가 기겁을 하여 뛰어오르며 그를 부축하였다.
“부정타라구 왜 올라와, 요망맞은년.”
남편은 몸을 고르잡자 소리를 뻑 지르며 아내 얼뺨을 붙인다. 가뜩이나 죽으라 죽으라 하는데 불길하게도 계집년이. 그는 마뜩치 않게 두덜거리며 밭으로 들어간다. 밭 한가운데다 자리를 펴고 그 위에 시루를 놓았다. 그리고 시루 앞에다 공손하고 정성스레 재배를 커다랗게 한다.
“우리를 살려 줍시사. 산신께서 거들어 주지 않으면 저희는 죽을 수밖에 꼼짝 없습니다유.”
그는 손을 모으고 이렇게 축원하였다.
아내는 이 꼴을 바라보며 독이 뾰록같이 올랐다. 금점을 합네 하고 금 한 톨 못 캐는 것이 버릇만 점점 글러 간다. 그전에는 없더니 요새로 건듯하면 탕탕 때리는 못된 버릇이 생긴 것이다. 금을 캐랬지 뺨을 치랬나. 제발 덕분에 그놈의 금 좀 나오지 말았으면. 그는 뺨 맞은 앙심으로 맘껏 방자하였다.
하긴 아내의 말 그대로 되었다. 열흘이 썩 넘어도 산신은 깜깜 무소식이었다. 남편은 밤낮으로 눈을 까뒤집고 구덩이에 묻혀 있었다. 어쩌다 집엘 내려오는 때이면 얼굴이 헐떡하고 어깨가 축 늘어지고 거반 병객이었다. 그리고서 잠자코 커단 몸집을 방고래에다 퀑 하고 내던지고 하는 것이다.
“제미 붙을, 죽어나 버렸으면.”
혹은 이렇게 탄식하기도 하였다.


×


아내는 바가지에 점심을 이고서 집을 나섰다. 젖먹이는 등을 두드리며 좋다고 끽끽거린다.
이젠 흰 고무신이고 코다리고 생각조차 물렸다. 그리고 금 하는 소리만 들어도 입에 신물이 날 만큼 되었다. 그건 고사하고 꿔다 먹은 양식에 졸리지나 말았으면 그만도 좋으리마는.
가을은 논으로 밭으로 누―렇게 내리었다. 농군들은 기꺼운 낯을 하고 서로 만나면 흥겨운 농담. 그러나 남편은 애먼 밭만 망치고 논조차 건살 못 하였으니 이 가을에는 뭘 거둬 들이고 뭘 즐겨 할는지. 그는 동리 사람의 이목이 부끄러워 산길로 돌았다.
솔숲을 나서서 멀리 밖에를 바라보니 둘이 다 나와 있다. 오늘도 또 싸운 모양. 하나는 이쪽 흙더미에 앉았고 하나는 저쪽에 앉았고 서로들 외면하여 담배만 뻑뻑 피운다.
“점심들 잡숫게유.”
남편 앞에 바가지를 내려놓으며 가만히 맥을 보았다.
남편은 적삼이 찢어지고 얼굴에 생채기를 내었다. 그리고 두 팔을 걷고 먼산을 향하여 묵묵히 앉았다.
수재는 흙에 박혔다 나왔는지 얼굴은커녕 귓속들이 흙투성이다. 코밑에는 피딱지가 말라붙었고 아직도 조금씩 피가 흘러내린다. 영식이 처를 보더니 열적은 모양. 고개를 돌리어 모로 떨어치며 입맛만 쩍쩍 다신다.
금을 캐라니까 밤낮 피만 내다 말라는가. 빚에 졸리어 남은 속을 볶는데 무슨 호강에 이 지랄들인구. 아내는 못마땅하여 눈가에 살을 모았다.
“산제 지낸다구 꿔온 것은 은제나 갚는다지유?”
뚱하고 있는 남편을 향하여 말끝을 꼬부린다. 그러나 남편은 눈썹 하나 까딱하지 않는다. 이번에는 어조를 좀 돋우며,
“갚지도 못할 걸 왜 꿔오라 했지유!”
하고 얼추 호령이었다.
이 말은 남편의 채 가라앉지도 못한 분통을 다시 건드린다. 그는 벌떡 일어서며 황밤주먹을 쥐어 낭창할 만치 아내의 골통을 후렸다.
“계집년이 방정맞게.”
다른 것은 모르나 주먹에는 아찔이었다. 멋없이 덤비다간 골통이 부서진다. 암상을 참고 바르르 하다가 이윽고 아내는 등에 업은 어린애를 끌러 들었다. 남편에게로 그대로 밀어 던지니 아이는 까르륵하고 숨 모는 소리를 친다.
그리고 아내는 돌아서서 혼자말로,
“콩밭에서 금을 딴다는 숙맥도 있담.”
하고 빗대 놓고 비양거린다.
“이년아, 뭐!”
남편은 대뜸 달겨들며 그 볼치에다 다시 올찬 황밤을 주었다. 적이나하면 계집이니 위로도 하여 주련만 요건 분만 폭폭 질러 노려나. 예이, 빌어먹을 거 이판사판이다.
“너허구 안 산다. 오늘루 가거라.”
아내를 와락 떠다밀어 밭둑에 젖혀 놓고 그 허구리를 퍽 질렀다. 아내는 입을 헉 하고 벌린다.
“네가 허라구 옆구리를 쿡쿡 찌를 제는 언제냐, 요 집안 망할 년.”
그리고 다시 퍽 질렀다. 연하여 또 퍽. 이 꼴들을 보니 수재는 조바심이 일었다. 저러다가 그 분풀이가 다시 제게로 슬그머니 옮아올 것을 지레채었다. 인제 걸리면 죽는다. 그는 비슬비슬하다 어느틈엔가 구뎅이 속으로 시나브로 없어져 버린다.
볕은 다사로운 가을 향취를 풍긴다. 주인을 잃고 콩은 무거운 열매를 둥글둥글 흙에 굴린다. 맞은쪽 산밑에서 벼들을 베며 기뻐하는 농군의 노래.
“터졌네, 터져.”
수재는 눈이 휘둥그렇게 굿문을 뛰어나오며 소리를 친다. 손에는 흙 한줌이 잔뜩 쥐였다.
“뭐?”
하다가,
“금줄 잡았어, 금줄.”
“응―”
하고 외마디를 뒤남기자 영식이는 수재 앞으로 살같이 달려들었다. 허겁지겁 그 흙을 받아 들고 샅샅이 헤쳐 보니 딴은 재래에 보지 못하던 불그죽죽한 황토이었다. 그는 눈에 눈물이 핑 돌며,
“이게 원줄인가?”
“그럼 이것이 곱색줄이라네. 한 포에 댓 돈씩은 넉넉 잡히대.”
영식이는 기쁨보다 먼저 기가 탁 막혔다. 웃어야 옳을지 울어야 옳을지. 다만 입을 반쯤 벌린 채 수재의 얼굴만 멍하니 바라본다.
“이리 와봐. 이게 금이래.”
이윽고 남편은 아내를 부른다. 그리고 내 뭐랬어, 그러게 해보라고 그랬지 하고 설면설면 덤벼 오는 아내가 한결 어여뻤다. 그는 엄지가락으로 아내의 눈물을 지워 주고 그리고 나서 껑충거리며 구뎅이로 들어간다.
“그 흙 속에 금이 있지요.”
영식이 처가 너무 기뻐서 코다리에 고래등 같은 집까지 연상할 제, 수재는 시원스러이,
“네, 한 포대에 오십 원씩 나와유.”
하고 대답하고 오늘 밤에는 꼭, 정녕코 꼭 달아나리라 생각하였다.
거짓말이란 오래 못 간다. 뽕이 나서 뼈다귀도 못 추리기 전에 훨훨 벗어나는 게 상책이겠다.","땅속 저 밑은 늘 음침하다.
고달픈 간드렛불. 맥없이 푸르끼하다. 밤과 달라서 낮엔 되우 흐릿하였다.
겉으로 황토 장벽으로 앞뒤 좌우가 콕 막힌 좁직한 구뎅이. 흡사히 무덤 속같이 귀중중하다. 싸늘한 침묵, 쿠더부레한 흙내와 징그러운 냉기만이 그 속에 자욱하다.",7719
김연실전,김동인,"1.1. 개명의 물결


연실이의 고향은 평양이었다.
연실이의 아버지는 옛날 감영(監營)의 이속(吏屬)이었다. 양반 없는 평양서는 영리(營吏)들이 가장 행세하였다. 연실이의 집안도 평양서는 한때 자기로라고 뽐내던 집안이었다.
연실이는 부계(父系)로 보아서 이 집의 맏딸이었으나, 그보다도 석 달 뒤에 난 그의 오라비동생이 그 집안의 맏상제였다. 이만한 설명이면 벌써 짐작할 수 있을 것이지만, 연실이는 김 영찰의 소실 - 퇴기(退妓) - 의 소생이었다.
김 영찰의 딸이 웬셈인지 최 이방을 닮았다는 말썽도 어려서는 적지 않게 들었지만, 연실이의 생모와 김 영찰의 사이의 정이 유난히 두터웠던 까닭인지, 소문은 소문대로 제쳐놓고 연실이는 김 영찰의 딸로 김 영찰에게는 인정이 되었다.
조선에도 민적법(民籍法)이 시행될 때는, 그때 생모를 여읜 연실이는, 김 영찰의 정실의 맏딸로 민적에 오르고, 연실이보다 석 달 뒤에 난 맏아들은 민적상 연실이보다 일년 뒤에 난 한 부모의 자식으로 오르게 되었다.
조선의 개명(開明)은 예수교라는 물결을 타고 서북(西北)으로 먼저 들어왔다. 이 다분의 혁명적 사상과 평민 사상을 띤 종교는, 양반의 생산지인 중부 조선이며 남조선에서 잘 받지 않는 동안, 홍경래(洪景來)를 산출한 서북에 먼저 들어왔다. 들어오면서는 놀라운 세력으로 퍼지기 시작하였다.
때 바야흐로 한토(漢土)에서는 애신각라(愛新覺羅) 씨의 이룩한 청나라의 삼백 년 기업도 흔들림을 보고, 원세개라 여원홍이라 손일선이라 하는 이름들이 조선사람의 입으로도 수군거리우는 시절에,
예수교라는 새로운 도덕학과 그 예수교에 뒤따라 조선에 들어온 ‘개명 사상’이 조선에서 제일 먼저 부인한 것은, 양반 상놈의 계급, 적서(嫡庶)의 구별, 도덕만을 숭상하는 구학문 등이었다. 이런 사상의 당연한 결과로서, 조선 온갖 곳에 신학문의 사립학교가 설립되었다.
평양에도 청산학교(靑山學校)라는 소학교가 설립되었다.
학도야 학도야 백만 학도야
저기 청산 바라보게
고목은 썩어지고
영목은 소생하네.
이 학교의 교가 삼아 지은 이 창가는, 삽시간에 권학가(勸學歌)로 온 조선에 퍼졌다.
청산학교 창립의 뒤를 이어, 벌써 평양에 몇 군데 예배당의 부속 소학교가 설립되었다.
곧 그 뒤를 이어서 진명여학교(進明女學校)라 하는 여자 교육의 소학교까지 설립이 되었다.
진명학교는 설립되면서 어느덧 평양 시민에게 ‘기생학교’라는 부름을 들었다. 장래의 기생을 만들어낸다는 뜻이 아니었다. 현재 재학생 중에 기생이 많다는 뜻도 아니었다. 아직도 옛 사상에서 벗어나지 못한 평양 시민들은, 자기네의 딸을 학교에 보내기를 꺼린 것이었다.
더우기 그때의 학령(學齡)이라는 것은 열 살 이상 열 다섯 내지 열 여덟이었으매, 그런 과년한 딸을 백주에 길에 내놓으며, 더우기 새파란 남자 선생한테 글을 배운다든가 하는 일은, 가문을 더럽히는 일이며, 잘못하다가는 딸에게 학문을 가르치려다가 다른 일을 가르치게 될 것을 염려하여, 진명여학교의 설립을 무시하여버렸다.
그 대신 ‘내외’를 그다지 엄히 지킬 필요를 느끼지 않는 기생의 딸 혹은 소실의 딸들이 이 학교에 모여들었다. 이렇게 되기 때문에 더우기 여염집의 딸들은 이 학교를 천시하고, 드디어 그 칭호까지도 진명학교라 부르지 않고 기생학교라 부르게까지 된 것이다.
연실이는 진명학교가 창립된 지 석 달 만에 이 학교에 입학하였다.
연실이가 이 학교에 입학한 것은 단지 소실의 딸이라는 자유로운 신분만이 아니었다.
첫째로는 신학문의 취미를 보았기 때문이었다. 무론 기역 니은은 언제 배웠는지 모르는 틈에 배웠지만, 그밖에 무엇보다도 연실이에게 호기심을 일으키게 한 것은 산술이었다.




1.2. 사랑이 없는 가정


그 전 해에 소학교에 입학한 오라비동생의 학과 복습을 보살펴주다가 저절로 아라비아 숫자를 알게 되면서 어느덧 오라비보다 앞서게 되어, 오라비는 학교에서 가감을 배우는 동안, 연실이는 승과 제도 넘어서서 분수(分數)까지 올라가게 되었다. 이것이 그로 하여금 신학문에 취미를 갖게 한 첫째 원인이었다.
둘째로 그가 학교에 가고 싶게 된 동기는 그의 가정 사정이었다.
연실이의 아버지가 과거의 영문 이속(吏屬)이라 하나, 다른 이속들보다 지체가 훨씬 떨어졌다. 다른 이속들은 대대로 이속 집안이든가, 혹은 서북 선비의 집안 후손으로, 여러 대째 내려오는 근본 있는 집안이었지만, 연실이의 아버지는 그렇지 못하였다. 연실이의 할아버지는 군정(軍丁)이었다. 군정 노릇을 하며 상관의 비위를 맞추어서 돈냥이나 장만하였다.
그 장만한 돈으로 아들을 위하여 영리의 자리를 사주었다. 얼마 전만 하여도 군정의 자식이 아무리 돈이란들 영리 자리를 살 수 있으랴만, 그때 마침 유명한 M감사가 평안감사로 내려온 때라, M감사에게 돈만 바치면 아무것이라도 할 수 있었던 시대였더니만치, 감히 바라도 보지 못할 자리를 점령한 것이었다.
목적은 치부(致富)에 있었다. 몇 해 잘 어름거려서 호방(戶房) 자리만 하나 얻으면 몇십만 냥을 모으기는 여반장인 시대라, 호방을 목표로 영리의 자리를 샀었다. 그런데 불행히도 김 영찰이 호방에 오르기 전에 일청전쟁이 일어나고, 일청전쟁의 뒤에는 관제 변혁으로 김 영찰 평생의 꿈이 헛데로 돌아갔다.
이렇게 되매 김 영찰의 입장은 딱하게 되었다. 평양서는 그래도 지벌을 자랑하는 가문에서 김 영찰을 군정의 자식이라 하여 천시하였다. 그러나 김 영찰로 보자면, 자기의 아버지는 여하컨간에 관속이었더니만치 아버지 시대의 동료들과는 사귀기를 피하였다. 개밥의 도토리와 같이 비어져나왔다.
만약 이런 때에 김 영찰로서 조금만 눈을 넓게 뜨고 보았더면, 자기의 장래를 상로(商路)든가 혹은 다른 방면에서 발견하였을 것이다.
그러나 그의 선조 대대로 군정 노릇을 하였고, 그 자신은 관리로까지 출세를 하였다가, 관리로서 충분히 자리도 잡아보기 전에 다시 앞길을 잃어버린 사람이라, 관료적 심정과 및 권력에 대한 동경심이 마음에 불타올라서, 다른 방면을 돌볼 여유가 없었다. 여기서 김 영찰은 새로운 정세 아래서의 관리 자리를 얻어보려고 동분서주하였다.
이런 계급과 이런 사상의 사람의 예상사로 김 영찰은 첩 살림을 하였다.
더우기 몇 해 전만 하여도 기생들은 김 영찰을 군정의 자식이라 하여 속으로 멸시를 하였는데, 이즈음 그런 관념이 타파된 위에, 기생으로 볼지라도 예전과 달라, 행랑집 딸 술집 계집애들이 수심가깨나 하게 되면 함부로 기생이 되어, 기생의 지위가 떨어지기 때문에 누구를 괄시하든가 할 수는 없이 되어, 김 영찰 같은 사람은 이런 사회에서,
“어이, 내가 M판서 대감이 평양감사로 내려오셨을 적에, 어어…”
하며 호기를 뽑을 수 있는 고귀한 손님쯤으로 되어서, 화류계의 중심 인물쯤 되었다.
이런 가장에게 매어달린 그의 가정은 냉락한 가정이었다.
이 가정 안에서 연실이를 사랑할 수 있고 또 사랑할 의무를 가진 사람은 오직 그의 아버지뿐이어늘, 아버지라는 사람이 집에 들어오는 일조차 쉽지 않으니, 연실이는 사랑을 받지 못하고 자랄 수밖에 없었다.
연실이의 적모(嫡母) - 민적상으로는 생모 - 는 군정의 며느리로 온 사람이니만치 교양 없이 길러난 사람이었다. 그런 사람이 시집을 왔으면 남편에게라도 교양을 받아야 할 것인데, 남편 역시 그렇고 그런 사람이라 아내를 가르친다든가 할 만한 사람이 못되었다.
군정의 며느리로 시집온 것이 운수 좋아서 영찰의 아내가 되었다고 교만만 잔뜩 가지게 된 사람이었다.
사사에 연실이를 꾸짖었다. 잘못한 일은 둘째 두고 잘한 일이라도 꾸짖었다. 꾸짖는 때는 반드시,
“제 에미년을 닮아서…”
“쌍것의 새끼는 할 수 없어!”
하는 말 끼우기를 잊지 않았다.




1.3. 왜 그것이 화냥질을 해서


자기의 소생 자식들을 책할 때도,
“쌍것의 새끼하구 늘 놀아서 그 꼴이란 말이냐?”
하고 연실이를 끌어대었다.
이런 어머니의 교육 아래서 자라는 연실이의 이복동생(사내 둘과 계집애 하나)들이라, 동생들이 제 누나 혹은 언니에게 대해서 취하는 태도도 자기네는 양반이요 연실이는 쌍것이라는 관념 아래서 출발한 것이었다.
이런 가정 안에서 이런 환경 아래서 자라나는 연실이는, 어린 마음에도 온갖 사물에 대한 반항심만 성장되었다.
아무 애정도 가질 수 없는 아버지는 단지 무시무시한 존재일 뿐이었다. 게다가 적모에게 흔히 듣는 바,
“그 낫살에 계집이라면 정신을 못 차리는 더러운 녀석!”
일 뿐이었다.
적모며 적모 소생의 이복동생들에게 대해서 애정이나 존경심을 못 갖는 것은 거듭 말할 필요도 없었다.
그뿐 아니라, 자기가 갓났을 때에 저 세상으로 간 자기의 생모에게조차 호의를 가질 수가 없었다. 이런 환경의 소녀로서 가슴에 원한이 사무칠 때마다 생각나는 것은 자기의 생모이겠거늘, 표독하게도 비꼬여진 연실이의 마음은,
‘왜 그것이 화냥질을 해서 나까지 이 수모를 받게 하는가?’
하는 원망이 앞서서, 도저히 호의를 가질 수가 없었다. 부계(父系)로 보아 양반(?)의 자식이라는 자긍심을 가지고 싶은데, 그것을 방해하는 모계(母系)가 저주하고 싶었다.
이렇게 가정적으로 정 가는 데도 없고 사랑 붙일 데도 없는 연실이는, 어떤 날 자기 이모 - 노기(老妓) - 의 집에 놀러갔다가, 진명학교라는 계집애 학교가 있단 소식을 듣고, 열 살 난 소녀로서 부모의 승낙도 없이 입학 수속을 하여버린 것이다.
물론 부모에게 알리면 한번 단단한 경을 칠 줄은 번히 알았지만, 경에 단련된 연실이는 그것이 그다지 무섭지도 않았거니와, 두고두고 그 집에 박혀 있느니보다는 한번 경을 치고라도 학교에 다닐 수만 있었으면 다행이었다.
그랬는데 요행히도,
“제 에미를 닮아서 간도 큰 계집애로군. 사내로 태어났더면 역적 도모하겠네.”
하는 독 있는 욕을 먹은 뒤에 비교적 순순히 승낙이 되었다. 아마 어머니로서도, 집안에서 만날 보기 싫은 상년을 보느니보다는, 낮만이라도 학교로 정배를 보내는 것이 속이 시원하였던 모양이었다.
그러나 진명여학교도 창립한 다음 해에는 도로 문을 닫아버리지 않을 수가 없게 되었다.
그 학교의 창립자는 당시 이름높던 청년 지사였다. 그 창립자가 바야흐로 개화의 물결에 타고 오르려는 서북 조선 각 지방을 돌아다니면서 유세(遊說)하여 구하여들인 기금이 차차 학교 경영의 기초를 든든히 할 가망이 보였으나, 사위 사정의 급변화는 이 청년 지사로 하여금 자기의 사업에 정진치 못하게 하여, 그는 자기가 나고 자라고 한 땅을 등지고 멀리 해외로 망명을 하였다.
그가 외국으로 달아날 때에 고국에 남기고 간 '간다 간다 나는 간다. 너를 두고 나는 간다.'의 노래가 온 조선 방방곡곡에 퍼지게 된 때쯤은, 진명여학교는 창립자의 후계자인 어떤 여사(女史)가 애써 유지하여보려고 노력하였음에도 불구하고, 드디어 문을 닫지 않을 수가 없게 되었다.
이리하여 쓸쓸한 가정에서 한때 자유로운 학원에 몸을 피하였던 연실이는, 다시 가정에 들어박히지 않을 수가 없게 되었다.
그때 연실이는 열두 살이었다.




2


2.1. 공포심을 잃고 경멸심을


단 이 년의 진명학교 생활은 결코 기다란 세월이랄 수는 없다. 그러나 이 이 년이라는 날짜가 연실이에게 일으킨 변화는 적지 않았다.
학교에서 배운 바의 지식이라는 것은 보잘것이 없었다. 회도몽학(繪圖蒙學)을 제이권까지 떼어서 쉬운 한문 글자를 배우고, 산술은 일찌기 집에서 자습한 분수에까지 다시 이르고, 지금껏 뜻은 모르고,
“당기우기 삼천 리에 도엽지로세,”
하며 부르던 노래가 사실은,
“단기위고 삼천 년의 도읍지로세,”
하는 것으로 단군, 기자, 위만, 고구려의 삼천 년간의 도읍지라는 ‘평양가’의 일절이라는 것을 알고,
“지금까지는 우리 조선에서는 여자라는 것은 노예로 알았거니와 결코 그렇지 않습니다. 개명한 세상에서는 여자도 사회에 나서서 일해야 됩니다. 그러기 위해서는 교육을 받아야 합니다.”
하고 사자후하던 진명학교 창립 선생의 말로써, 노예(뜻은 모른다)이던 여자가 교육 받게 된 것이라는 것을 알고 - 등등, 학교에서 직접 얻은 지식보다도 그의 학교 생활 때문에 생겨난 성격의 변화와 인식의 변화가 더욱 컸다.
규칙 없이 순서 없이 너무도 급급히 수입한 자유사상 아래서 교육 받으며, 진명학교 학우들 틈에서 자라는 이년간에, 연실이의 마음에 가장 커다랗게 돋아난 싹은 반항심이었다. 학우들이 대개가 기생의 자식이라, 가정적 훈련과 교육을 받지 못하고 자유로이 자라난 이 처녀들은, 부모를 고마워할 줄을 모르고 부모를 공경할 줄을 몰랐다.
이 처녀들의 어머니가 자기네의 집안에서 하는 행동이며 말이며 버릇은 결코 자식에게 존경을 받을 만한 바가 못되었다. 이런 가정 아래서 부모를 공경할 의무를 모르고 자란 이 처녀들은, 따라서 부모(부모라기보다 아비 없는 어미만이 대개였다)를 무서워할 줄을 몰랐다.
어려서부터 부모 사랑은 몰랐지만 부모 무서운 줄은 알면서 자란 연실이는 그것은 처음은 의외였다. 그러나 이년간을 그 처녀들과 함께 지내며 가정이 재미 없으니만치 하학한 뒤에도 동무들의 집에 놀러가서 온 낮을 보내고 하는 동안, 어느 틈에 언제 배웠는지 모르지만, 연실이도 부모에게 대한 공포심을 잃고 그 대신 경멸심을 배웠다.
관념과 인식상의 이런 변화가 드디어 행동으로 나타나는 날이 이르렀다.
한 이 년간 학교에 다닐 동안 연실이는 어머니와 얼굴을 대할 기회가 몇 번이 되지 못하였다. 그전만 같으면 얼굴 보이기만 하면 무슨 트집으로든 반드시 꾸중을 하곤 하였는데, 한 이 년간 늘 학교에 다니면서 밤 이외에는 거의 집에 있을 기회가 없었던 연실이는, 따라서 어머니에게 꾸중들을 기회도 없었다.
이년 동안을 꾸중 안 듣고 지나서 열두 살이라는 나이가 되니, 아직 줄곧 대두고 꾸중을 하면서 지내왔으면 그렇지도 않았겠지만 어머니도 이제는 꾸중만 하기가 좀 안되었는지, 전보다 꾸중의 도수가 적어졌다. 단지 서로 차디찬 눈으로 대하곤 하는 뿐이었다.
그런데 어떤 날(그것은 연실이가 학교를 그만둔 지 만 일년쯤 되었다), 연실이는 동무이던 어떤 계집애의 집에 놀러갔다가 그곳서 불쾌한 일을 보았다. 불쾌한 일이라야 계집애들 특유의 일종의 시기일 따름이었다. 그때 마침 그 동무 계집애는 자기의 동무와 무슨 이야기를 하다가 연실이가 오는 것을 보고 입을 비죽거리며 이야기를 멈추어버렸다.
이 기수를 챈 연실이는 불쾌한 낯색으로 앉아 있다가 드디어 제 동무에게 따져보았다. 따지다가 종내 충돌되었다. 이 엠나이(계집애) 저 엠나이 하면서 맞잡고 싸우기까지 하였다. 그리고 잔뜩 독이 올라서 제 집으로 돌아왔다.
그날이 마침 연실이의 집의 청결날이었다. 머리에 수건을 동이고 청결을 보살피고 있던 어머니가 연실이 돌아오는 것을 보고 핀잔주었다.
“넌 옛날 같으문 시집가게 된 년이 밤낮 어델 떠돌아다니니? 이런 날은 좀 집에 붙어서 일이나 하디. 대테 어데 갔댔니?”
여느 때 같으면, 이런 꾸중이 있을지라도 연실이는 못 들은 체하고 방으로 들어가버릴 것이다. 그러나 이날은 독이 오를 대로 올라서 집에 들어선 참이라, 어머니에게 대꾸를 하였다.
“그러기에 일찍 왔디요.”
독 있는 눈초리와 독 있는 말투였다. 어머니가 벌컥 성을 내었다.




2.2. 독하구 매서운 년


“요놈의 엠나이, 말 대답질?”
“물어보는 거 대답 안할까?”
흥 한번 코웃음치고 연실이는 방으로 들어가려 하였다. 그러나 그 순간 연실이의 꼬리는 어머니에게 붙잡혔다. 동시에 주먹이 한번 그의 머리 위에 내렸다.
눈에서 푸른 불길이 이는 것 같은 느낌을 느끼면서 연실이는 홱 돌아서서 어머니를 쳐다보았다. 눈물 한 방울 안 괴었다. 단지 서리가 돋힐 듯 매서운 눈이었다.
“요년, 그래 터다보문 어떡할 테가?”
“죽이소 죽에요! 여러 번에 맞아죽느니 오늘루 죽이라우요!”
“못 죽이랴!"" ""","연실이의 고향은 평양이었다.
연실이의 아버지는 옛날 감영(監營)의 이속(吏屬)이었다. 양반 없는 평양서는 영리(營吏)들이 가장 행세하였다. 연실이의 집안도 평양서는 한때 자기로라고 뽐내던 집안이었다.
연실이는 부계(父系)로 보아서 이 집의 맏딸이었으나, 그보다도 석 달 뒤에 난 그의 오라비동생이 그 집안의 맏상제였다.",23241
도망친 로봇,델 레이,"지구에서의 뉴스


오늘은 아주 기쁜 날이다.
폴의 아버지가 지구에서 우주선으로 돌아온다.
나는 폴을 따라 아침부터 우주 공항으로 갔다.
여기는 목성의 제 3위성 가니메데-.
폴의 아버지 로저 심프슨은 가니메데의 총독이다.
집은 가니메데에서 가장 큰 도시, 산발레이에 있다.
식구들은 아버지, 어머니 16세의 소년 폴과 9세의 누이동생 제인.
그리고 나는 폴을 경호하고 장난 상대를 하는 가정용 로봇이다.
내 몸통은 튼튼한 강철로 만들어져 있다. 얼굴에는 큰 눈이 하나, 머리 위에는 안테나가 있다. 특히 내 자랑은 사람처럼 바지를 입고 있다는 점이다.
나의 정식 이름은 'Q=5=7=356'이라는 번호인데, 보통 '렉스'라는 사람의 이름으로 불리고 있다.
""렉스, 조금 천천히 걸어라.""
폴은 마을에서 공항까지 가는 동안, 몇 번이나 쉬었다. 기압복(氣壓服)이 무거운 모양이다.
가니메데는 공기가 희박하다. 그러므로 사람은 밖에 나갈 때, 공기가 들어 있는 기압복을 입지 않으면 죽어버린다.
그러나 로봇인 나는 공기가 없어도 아무렇지 않다.
""안아 줄까요?""






하고 내가 말하자, 폴은 화를 냈다.
""난 이제 16살이야. 8킬로 정도의 길은 내 힘으로 걸어.""
이 대답을 듣고 나는 기뻤다.
폴은 자기의 일은 자기가 할 수 있을 만큼 크게 자랐으므로-.
내가 폴을 처음 만난 것은 지금으로부터 13년 전, 폴이 아직 3살밖에 되지 않았을 때였다.
폴의 아버지가 가니메데 총독이 되어 지구에서 산발레이로 올 때, 폴을 위하여 나를 샀던 것이다.
그 때부터 나는 계속 폴과 함께 살아 왔다.
폴은 해마다 성큼성큼 커 갔어도 나는 달라지지 않는다.
""너는 왜 조금도 크지 않고 그대로니?""




하고 폴은 곧잘 이상하다는 듯이 물었다.
나는 폴을 돌보아줄 뿐만이 아니라, 어릴 때는 가정교사의 역할도 했다. 폴에게 옛날 이야기 책을 읽어 준 일도 있다.
자랑은 아니지만, 나는 고급 가정용 로봇이다. 가니메데의 농장이나 산에서 일하는 노동용 로봇과는 다르다.
전자 두뇌의 덕분으로 사람과 말도 할 수 있으며, 글도 읽을 수 있다.
그러나 아무리 영리한 로봇이라도 역시 사람에 따를 수는 없다. 요즈음에는 폴이 나보다 더 많은 것을 알게 되었다. 뿐만 아니라 자기가 공부한 것을 나에게 여러 가지로 가르쳐도 준다.




우리들이 공항에 도착했을 때는, 마침 우주선이 착륙할 때였다.
""봐라, 저기다!""
폴이 상공을 가리켰다. 안개에 쌓인 하늘 한 쪽에 파란 불길이 힘차게 튀어 오르고, 이어서 은빛의 거대한 선체가 그 모습을 나타내었다.
이렇게 말해도 나는 색깔을 모른다. 무엇이든 검거나 흰 색깔로 보인다. 다른 색깔은 폴에게서 배웠던 것이다.
""야, 굉장하구나!""
폴은 눈을 빛내면서 우주선의 착륙을 지켜보았다.
""나도 언젠가는 아버지처럼 우주선을 타고 지구로 가겠어.""
3살 때까지 지구에 있었던 폴은 지구에 대해서 희미하게나마 기억하고 있을지도 모른다.
나도 지구의 로봇 제조 공장에서 태어난 모양이지만 전혀 기억이 없다. 그러므로 별로 가고 싶다고 생각하지 않는다.
무사히 착륙한 우주선에서, 기압복을 입은 아버지 로저가 맨 먼저 나타났다.
""폴, 이쪽이야!""
하고 손을 들고 있는 서류를 흔들면서 외쳤다.
""빨리 집으로 가자. 모두에게 알려 줄 뉴스가 있어.""
""어떤 뉴스, 아버지?""
폴은 아버지에게 매달렸다.
""집에 가서 어머니와 함께 듣는 게 좋아요.""
아버지는 제트카에 오르며,
""너희들도 빨리 타거라.""
하고 말했다.
""네, 타겠어요.""
폴은 힘차게 제트카에 뛰어오른다. 나도 폴의 뒤에 올라탔다.
제트카는 유선형의 오픈카다. 밑바닥은 평평하며, 뒤에 3개의 제트 분사 장치가 달려 있다. 거기서 가스를 내뿜으며, 지면에서 30센티 정도 떠서 굉장히 빠른 속도로 나아간다.
공항에서 마을까지 8킬로의 사막도 눈 깜짝할 사이에 뛰어넘는다.
산발레이의 마을은 플라스틱의 돔으로 완전히 싸여 있다. 돔 안에는 지구와 같은 공기가 넣어져 있다.
그러나 마을에는 그다지 건물이 보이지 않는다.
대부분의 집들이 지하에 만들어져 있기 때문이었다.
로저와 폴은 큰 아파트의 입구에서 기압복을 벗고, 지하의 방으로 뛰어 내려갔다.
""어서 오세요.""
어머니와 누이동생 제인이 아버지를 반갑게 맞이해 주었다.
아버지의 얼굴은 빨갛고, 몹시 상기되어 있다.
어머니는 걱정스러운 듯,
""무슨 일이 있었어요?""
하고 물었다.




""우리들은 되돌아가게 됐어. 지구로 돌아간다.""
하고 로저는 큰 소리로 외쳤다.
그 순간 모두 말이 없었다.
폴은 눈을 크게 뜨고, 믿을 수 없다는 듯 물었다.
""아버지, 그게 정말이에요?""
""정말이야, 폴. 우리는 지구로 돌아간다.""
아버지의 커다란 손이 폴의 어깨를 꽉 쥐었다.

아버지와 아들의 다툼


""언제 여기를 떠납니까?""
어머니는 의자에서 일어섰다.
""10일 후.""
하며 아버지는 다시 한 번 모두를 둘러보며, 이렇게 말했다.
""스타퀸호로 지구로 간다.""
""뭐, 스타퀸호로? 야, 신난다!""
폴은 자기도 모르게 손뼉을 쳤다.
스타퀸호는 혹성 여행 연맹에서도 가장 큰 최신형의 우주선이다.
""안에서 지구의 과일을 먹을 수 있죠. 바나나도 오렌지도…….""
제인도 한 마디 거들었다.
""어머, 그렇게 먹고 싶은 것이 많니?""
어이가 없다는 듯 어머니가 웃었다.
나도 스타퀸호에 대해서는 그 전부터 폴에게서 들어 알고 있었다. 많은 관광객을 태우고, 금성이며, 화성을 도는 우주선이다.
긴 우주 여행 도중에 손님이 지루하지 않도록, 스포츠나 게임 등의 설비까지 마련되어 있는 호화로운 우주선이다.
""굉장하지, 렉스?""
폴은 나의 손을 잡고 기쁨을 감추지 못했다.
""이제 10일밖에는 여기에 있지 못해. 그 동안에 할 일이 무척 많아. 이리 와라, 렉스.""
갑자기 폴은 나를 방에서 끌어내려고 했다.
""잠깐만.""
아버지가 우리들을 불러 세웠다.
""렉스를 버섯 공장에 심부름을 시켜야겠어. 그 동안에 우리들은 앞으로의 일을 의논하자.""
이렇게 말하고 나서, 나에게 하얀 봉투를 주었다.
""이것을 공장장 카아겐에게 갖다 드려라. 회답은 필요 없어.""
""네, 알겠습니다.""
나는 곧 집을 나와서 공장으로 향했다.
역시 나도 기쁘다.
폴과 함께 훌륭한 우주선을 타고 지구로 돌아가는 것이다. 지구는 어떤 곳일까?
폴의 이야기로 미루어 보면, 가니메데와는 매우 다른 모양이다. 가니메데의 하루는 100시간인데, 지구의 하루는 겨우 24시간이란다.
더욱이 지구의 밤은 어둡고, 낮 동안은 태양이 비치어 눈부실 만큼 밝은 모양이다. 그 점에서도 좀 다르다.
가니메데에서는 큰 목성이 하늘 가득히 떠서, 언제나 태양의 빛을 반사하고 있으므로 밤도 캄캄해지지는 않는다.




그래서 가니메데에 살고 있는 사람들은 시계를 지구의 시간에 맞춰서 생활하고 있다. 밤의 시간이 오면, 밖이 밝아도 모두 침대에 들어간다.
<사람들은 불편하구나. 잠을 자지 않으면 일을 할 수가 없으니 말야.>
이러한 것들을 생각하는 사이에 나는 벌써 공장에 도착했다.
그러나 공장장은 사무소에 있지 않았다.
나는 한동안 기다리기로 했다. 농장에는 많은 노동 로봇이 일하고 있었다.
농장에서 만든 가니메데 버섯으로 주스를 생산하여 지구로 보낸다.
30분 가량 되었을 때, 겨우 공장장이 나타났다.
""심프슨 총독으로부터입니다. 회답은 필요 없습니다.""
나는 봉투를 전하고 곧 공장을 나왔다.
<꽤 늦어졌다. 얼른 가야겠다.>
붉은 모래 뒤를 나는 크게 발을 떼 놓으며 달렸다. 그래도 마을까지 1시간은 충분히 걸렸다.
지하의 아파트로 들어갔을 때, 방안에서 몹시 다투는 소리가 들려왔다.
폴과 아버지의 목소리였다.
드문 일이다. 아버지는 조용한 사람이어서 절대로 소리 높여 아이들을 나무라지 않는 사람이다. 또 폴도 아버지께 말대꾸를 하는 소년은 아니다.
<무슨 심상치 않은 일이 일어난 모양이다.>
나는 문 밖에서 귀를 기울였다.
""아버지 너무하세요…… 팔아치우다니, 너무해요…….""
폴의 흥분한 목소리.
""알아듣지 못하는 애구나. 아버지의 말대로 하는 거야.""
엄하게 말하는 아버지의 목소리.




""싫어, 절대로 싫어요!""
폴의 날카로운 목소리는 나의 귀를 쨍하고 울렸다.
무슨 일인지 알 수 없어 궁금했지만, 엿듣는 것은 좋지 않는 일이다.
나는 폴의 방에서 기다리기로 했다.
언제나 폴은 자기가 한 일을 무엇이나 내게 이야기해준다.
이윽고 폴이 방에 돌아왔다.
""아니, 너 돌아왔었니?""
이렇게 말했을 뿐, 시무룩한 얼굴로 내 앞을 지나 그대로 침대 있는 데로 갔다.
<이상하다. 보통 때의 폴하고는 다르다.>
나는 어떻게 하면 좋을지를 몰라, 말없이 방 한가운데에 우두커니 서 있었다.
""나에게 무슨 할 말이라도 있어? 그런 곳에 언제까지나 버티고 서서 말야!""
무뚝뚝한 폴의 말이다. 이런 일도 처음이다.
""나는 지쳤어. 이제부터 낮잠이나 자겠어.""
하고 폴은 침대로 들어갔다. 나는 그저 지켜보고만 있었다.
노동용 로봇은 사용 시간이 끝나면 보통 배터리의 스위치를 끄고 잠재운다. 그렇지 않으면 배터리가 아깝기 때문이다.
그러나 나는 가정용 로봇이다. 폴은 잠자리에 들 때에도 나의 스위치를 끄지 않고 그대로 둔다.




이윽고 폴은 잠이 들었다. 나는 여전히 서 있었다. 그렇게 폴이 눈을 뜰 때까지 기다렸다.
그러자 나도 차츰 졸음이 왔다.
이 10일 동안 나는 계속 움직이고 있었기 때문에, 배터리도 거의 없어지고 있다.
몸에서 힘이 빠지며 눈앞이 어두워지고 있다.
그 때이다.
폴이 침대에서 벌떡 일어나더니, 나의 가슴에 붙어 있는 배터리의 스위치에 손을 내밀었다.
나는 믿을 수가 없었다.
<폴은 나의 스위치를 끄려 하고 있다. 배터리가 닳는 것이 아까워서일까?>
이렇게 생각하니, 뭐가 뭔지 알 수 없게 되었다.","오늘은 아주 기쁜 날이다.
폴의 아버지가 지구에서 우주선으로 돌아온다.
나는 폴을 따라 아침부터 우주 공항으로 갔다.
여기는 목성의 제 3위성 가니메데-.
폴의 아버지 로저 심프슨은 가니메데의 총독이다.",3554
동백꽃,김유정,"동백꽃


오늘도 또 우리 수탉이 막 쫓기었다. 내가 점심을 먹고 나무를 하러 갈 양으로 나올 때이었다. 산으로 올라서려니까 등 뒤에서 푸르득푸드득, 하고 닭의 횃소리가 야단이다. 깜짝 놀라서 고개를 돌려보니 아니나다르랴, 두 놈이 또 얼리었다.
점순네 수탉(은 대강이가 크고 똑 오소리같이 실팍하게 생긴 놈)이 덩저리 작은 우리 수탉을 함부로 해내는 것이다. 그것도 그냥 해내는 것이 아니라 푸드득 하고 면두를 쪼고 물러섰다가 좀 사이를 두고 또 푸드득 하고 모가지를 쪼았다. 이렇게 멋을 부려 가며 여지없이 닦아 놓는다. 그러면 이 못생긴 것은 쪼일 적마다 주둥이로 땅을 받으며 그 비명이 킥, 킥 할 뿐이다. 물론 미처 아물지도 않은 면두를 또 쪼이어 붉은 선혈은 뚝뚝 떨어진다.
이걸 가만히 내려다보자니 내 대강이가 터져서 피가 흐르는 것같이 두 눈에서 불이 번쩍 난다. 대뜸 지게막대기를 메고 달려들어 점순네 닭을 후려칠까 하다가 생각을 고쳐먹고 헛매질로 떼어만 놓았다.
이번에도 점순이가 쌈을 붙여 놨을 것이다. 바짝바짝 내 기를 올리느라고 그랬음에 틀림없을 것이다.
고놈의 계집애가 요새로 들어서서 왜 나를 못 먹겠다고 고렇게 아르렁거리는지 모른다.
나흘 전 감자 조각만 하더라도 나는 저에게 조금도 잘못한 것은 없다.
계집애가 나물을 캐러 가면 갔지 남 울타리 엮는 데 쌩이질을 하는 것은 다 뭐냐. 그것도 발소리를 죽여 가지고 등 뒤로 살며시 와서,
“얘! 너 혼자만 일하니?” 
하고 긴치 않은 수작을 하는 것이다.
어제까지도 저와 나는 이야기도 잘 않고 서로 만나도 본 척 만 척하고 이렇게 점잖게 지내던 터이련만 오늘로 갑작스레 대견해졌음은 웬일인가. 황차 망아지만한 계집애가 남 일하는 놈보구.
“그럼 혼자 하지 떼루 하디?”
내가 이렇게 내배앝는 소리를 하니까,
“너 일하기 좋니?”
또는,
“한여름이나 되거든 하지 벌써 울타리를 하니?”
잔소리를 두루 늘어놓다가 남이 들을까 봐 손으로 입을 틀어막고는 그 속에서 깔깔댄다. 별로 우스울 것도 없는데 날씨가 풀리더니 이놈의 계집애가 미쳤나 하고 의심하였다. 게다가 조금 뒤에는 제 집께를 할금할금 돌아보더니 행주치마의 속으로 꼈던 바른손을 뽑아서 나의 턱밑으로 불쑥 내미는 것이다. 언제 구웠는지 아직도 더운 김이 홱 끼치는 굵은 감자 세 개가 손에 뿌듯이 쥐였다.
“느 집엔 이거 없지?” 
하고 생색 있는 큰소리를 하고는 제가 준 것을 남이 알면은 큰일날 테니 여기서 얼른 먹어 버리란다. 그리고 또 하는 소리가,
“너 봄 감자가 맛있단다.”
“난 감자 안 먹는다, 너나 먹어라.”
나는 고개도 돌리려지 않고 일하던 손으로 그 감자를 도로 어깨너머로 쑥 밀어 버렸다.
그랬더니 그래도 가는 기색이 없고 뿐만 아니라 쌔근쌔근 하고 심상치 않게 숨소리가 점점 거칠어진다. 이건 또 뭐야, 싶어서 그때서야 비로소 돌아다보니 나는 참으로 놀랐다. 우리가 이 동리에 들어온 것은 근 삼 년째 되어 오지만 여태껏 가무잡잡한 점순이의 얼굴이 이렇게까지 홍당무처럼 새빨개진 법이 없었다. 게다 눈에 독을 올리고 한참 나를 요렇게 쏘아보더니 나중에는 눈물까지 어리는 것이 아니냐. 그리고 바구니를 다시 집어 들더니 이를 꼭 악물고는 엎어질 듯 자빠질 듯 논둑으로 힁허케 달아나는 것이다.
어쩌다 동리 어른이,
“너 얼른 시집가야지?” 
하고 웃으면,
“염려 마서유. 갈 때 되면 어련히 갈라구!”
이렇게 천연덕스레 받는 점순이었다. 본시 부끄럼을 타는 계집애도 아니려니와 또한 분하다고 눈에 눈물을 보일 얼병이도 아니다. 분하면 차라리 나의 등허리를 바구니로 한번 모질게 후려쌔리고 달아날지언정.
그런데 고약한 그 꼴을 하고 가더니 그 뒤로는 나를 보면 잡아먹으려고 기를 복복 쓰는 것이다.
설혹 주는 감자를 안 받아 먹은 것이 실례라 하면, 주면 그냥 주었지 ‘느 집엔 이거 없지’는 다 뭐냐. 그러잖아도 저희는 마름이고 우리는 그 손에서 배재를 얻어 땅을 부치므로 일상 굽실거린다. 우리가 이 마을에 처음 들어와 집이 없어서 곤란으로 지낼 제 집터를 빌리고 그 위에 집을 또 짓도록 마련해 준 것도 점순네의 호의였다. 그리고 우리 어머니 아버지도 농사 때 양식이 달리면 점순네한테 가서 부지런히 꾸어다 먹으면서 인품 그런 집은 다시없으리라고 침이 마르도록 칭찬하곤 하는 것이다. 그러면서도 열일곱씩이나 된 것들이 수군수군하고 붙어다니면 동리의 소문이 사납다고 주의를 시켜 준 것도 또 어머니였다. 왜냐하면 내가 점순이하고 일을 저질렀다가는 점순네가 노할 것이고, 그러면 우리는 땅도 떨어지고 집도 내쫓기고 하지 않으면 안 되는 까닭이었다.
그런데 이놈의 계집애가 까닭 없이 기를 복복 쓰며 나를 말려 죽이려고 드는 것이다.
눈물을 흘리고 간 담날 저녁나절이었다. 나무를 한 짐 잔뜩 지고 산을 내려오려니까 어디서 닭이 죽는 소리를 친다. 이거 뉘 집에서 닭을 잡나, 하고 점순네 울 뒤로 돌아오다가 나는 고만 두 눈이 뚱그래졌다. 점순이가 저희 집 봉당에 홀로 걸터앉았는데 이게 치마 앞에다 우리 씨암탉을 꼭 붙들어 놓고는,
“이놈의 닭! 죽어라, 죽어라.” 
요렇게 암팡스레 패주는 것이 아닌가. 그것도 대가리나 치면 모른다. 마는 아주 알도 못 낳으라고 그 볼기짝께를 주먹으로 콕콕 쥐어박는 것이다.
나는 눈에 쌍심지가 오르고 사지가 부르르 떨렸으나 사방을 한번 휘돌아보고야 그제서 점순이 집에 아무도 없음을 알았다. 잡은 참 지게막대기를 들어 울타리의 중턱을 후려치며,
“이놈의 계집애! 남의 닭 알 못 낳으라구 그러니?”
하고 소리를 빽 질렀다.
그러나 점순이는 조금도 놀라는 기색이 없고 그대로 의젓이 앉아서 제 닭 가지고 하듯이 또 죽어라, 죽어라, 하고 패는 것이다. 이걸 보면 내가 산에서 내려올 때를 겨냥해 가지고 미리부터 닭을 잡아 가지고 있다가 너 보란 듯이 내 앞에 줴지르고 있음이 확실하다.
그러나 나는 그렇다고 남의 집에 뛰어들어가 계집애하고 싸울 수도 없는 노릇이고 형편이 썩 불리함을 알았다. 그래 닭이 맞을 적마다 지게막대기로 울타리나 후려칠 수밖에 별도리가 없다. 왜냐하면 울타리를 치면 칠수록 울섶이 물러앉으며 뼈대만 남기 때문이다. 하나 아무리 생각하여도 나만 밑지는 노릇이다.
“야, 이년아! 남의 닭 아주 죽일 터이냐?” 
내가 도끼눈을 뜨고 다시 꽥 호령을 하니까 그제야 울타리께로 쪼르르 오더니 울 밖에 섰는 나의 머리를 겨누고 닭을 내팽개친다.
“에이, 더럽다! 더럽다!”
“더러운 걸 널더러 입때 끼고 있으랬니? 망할 계집애년 같으니!”
하고 나도 더럽단 듯이 울타리께를 힝하니 돌아 내리며 약이 오를 대로 다 올랐다. 라고 하는 것은 암탉이 풍기는 서슬에 나의 이마빼기에다 물찌똥을 찍 깔겼는데 그걸 본다면 알집만 터졌을 뿐 아니라 골병은 단단히 든 듯싶다.
그리고 나의 등 뒤를 향하여 나에게만 들릴 듯 말 듯한 음성으로,
“이 바보 녀석아!”
“얘! 너 배냇병신이지?”
그만도 좋으련만,
“얘! 너 느 아버지가 고자라지?”
“뭐? 울 아버지가 그래 고자야?” 
할 양으로 열벙거지가 나서 고개를 홱 돌리어 바라봤더니 그때까지 울타리 위로 나와 있어야 할 점순이의 대가리가 어디 갔는지 보이지를 않는다. 그러다 돌아서서 오자면 아까에 한 욕을 울 밖으로 또 퍼붓는 것이다. 욕을 이토록 먹어 가면서도 대거리 한마디 못 하는 걸 생각하니 돌부리에 채어 발톱 밑이 터지는 것도 모를 만치 분하고 급기야는 두 눈에 눈물까지 불끈 내솟는다.
그러나 점순이의 침해는 이것뿐이 아니다.
사람들이 없으면 틈틈이 제 집 수탉을 몰고 와서 우리 수탉과 쌈을 붙여 놓는다. 제 집 수탉은 썩 험상궂게 생기고 쌈이라면 홰를 치는 고로 으레 이길 것을 알기 때문이다. 그래서 툭하면 우리 수탉이 면두며 눈깔이 피로 흐드르하게 되도록 해놓는다. 어떤 때에는 우리 수탉이 나오지를 않으니까 요놈의 계집애가 모이를 쥐고 와서 꾀어 내다가 쌈을 붙인다.
이렇게 되면 나도 다른 배차를 차리지 않을 수 없다. 하루는 우리 수탉을 붙들어 가지고 넌지시 장독께로 갔다. 쌈닭에게 고추장을 먹이면 병든 황소가 살모사를 먹고 용을 쓰는 것처럼 기운이 뻗친다 한다. 장독에서 고추장 한 접시를 떠서 닭 주둥아리께로 들이밀고 먹여 보았다. 닭도 고추장에 맛을 들였는지 거스르지 않고 거진 반 접시 턱이나 곧잘 먹는다.
그리고 먹고 금세는 용을 못 쓸 터이므로 얼마쯤 기운이 들도록 홰 속에다 가두어 두었다.
밭에 두엄을 두어 짐 져내고 나서 쉴 참에 그 닭을 안고 밖으로 나왔다. 마침 밖에는 아무도 없고 점순이만 저희 울안에서 헌옷을 뜯는지 혹은 솜을 터는지 웅크리고 앉아서 일을 할 뿐이다.
나는 점순네 수탉이 노는 밭으로 가서 닭을 내려놓고 가만히 맥을 보았다. 두 닭은 여전히 얼리어 쌈을 하는데 처음에는 아무 보람이 없다. 멋지게 쪼는 바람에 우리 닭은 또 피를 흘리고 그러면서도 날갯죽지만 푸드득푸드득 하고 올라 뛰고 뛰고 할 뿐으로 제법 한번 쪼아 보도 못 한다.
그러나 한번은 어쩐 일인지 용을 쓰고 펄쩍 뛰더니 발톱으로 눈을 하비고 내려오며 면두를 쪼았다. 큰 닭도 여기에는 놀랐는지 뒤로 멈씰하며 물러난다. 이 기회를 타서 작은 우리 수탉이 또 날쌔게 덤벼들어 다시 면두를 쪼니 그제는  감때사나운 그 대강이에서도 피가 흐르지 않을 수 없었다. 
옳다 알았다, 고추장만 먹이면은 되는구나, 하고 나는 속으로 아주 쟁그라워 죽겠다. 그때에는 뜻밖에 내가 닭쌈을 붙여 놓는 데 놀라서 울 밖으로 내다보고 섰던 점순이도 입맛이 쓴지 눈살을 찌푸렸다.
나는 두 손으로 볼기짝을 두드리며 연방,
“잘한다! 잘한다!” 
하고 신이 머리끝까지 뻗치었다.
그러나 얼마 되지 않아서 나는 넋이 풀리어 기둥같이 묵묵히 서 있게 되었다. 왜냐하면 큰 닭이 한번 쪼인 앙갚음으로 호들갑스레 연거푸 쪼는 서슬에 우리 수탉은 찔끔 못 하고 막 곯는다. 이걸 보고서 이번에는 점순이가 깔깔거리고 되도록 이쪽에서 많이 들으라고 웃는 것이다.
나는 보다 못하여 덤벼 들어서 우리 수탉을 붙들어 가지고 도로 집으로 들어왔다. 고추장을 좀더 먹였더라면 좋았을 걸 너무 급하게 쌈을 붙인 것이 퍽 후회가 난다. 장독께로 돌아와서 다시 턱밑에 고추장을 들이댔다. 흥분으로 말미암아 그런지 당최 먹질 않는다.
나는 하릴없이 닭을 반듯이 누이고 그 입에다 궐련 물부리를 물리었다. 그리고 고추장 물을 타서 그 구멍으로 조금씩 들이부었다. 닭은 좀 괴로운지 킥킥 하고 재채기를 하는 모양이나 그러나 당장의 괴로움은 매일같이 피를 흘리는 데 댈 게 아니라 생각하였다.
그러나 한 두어 종지 가량 고추장 물을 먹이고 나서는 나는 그만 풀이 죽었다. 싱싱하던 닭이 왜 그런지 고개를 살며시 뒤틀고는 손아귀에서 뻐드러지는 것이 아닌가. 아버지가 볼까 봐서 얼른 홰에다 감추어 두었더니 오늘 아침에서야 겨우 정신이 든 모양 같다.
그랬던 걸 이렇게 오다 보니까 또 쌈을 붙여 놓으니 이 망할 계집애가 필연 우리 집에 아무도 없는 틈을 타서 제가 들어와 홰에서 꺼내 가지고 나간 것이 분명하다.
나는 다시 닭을 잡아다 가두고 염려는 스러우나 그렇다고 산으로 나무를 하러 가지 않을 수도 없는 형편이었다.
소나무 삭정이를 따며 가만히 생각해 보니 암만해도 고년의 목쟁이를 돌려놓고 싶다. 이번에 내려가면 망할 년 등줄기를 한번 되게 후려치겠다 하고 싱둥겅둥 나무를 지고는 부리나케 내려왔다.
거지반 집에 다 내려와서 나는 호드기 소리를 듣고 발이 딱 멈추었다. 산기슭에 널려 있는 굵은 바윗돌 틈에 노란 동백꽃이 소보록하니 깔리었다. 그 틈에 끼어 앉아서 점순이가 청승맞게시리 호드기를 불고 있는 것이다. 그보다도 더 놀란 것은 그 앞에서 또 푸드득푸드득 하고 들리는 닭의 횃소리다. 필연코 요년이 나의 약을 올리느라고 또 닭을 집어 내다가 내가 내려올 길목에다 쌈을 시켜 놓고 저는 그 앞에 앉아서 천연스레 호드기를 불고 있음에 틀림없으리라.
나는 약이 오를 대로 다 올라서 두 눈에서 불과 함께 눈물이 퍽 쏟아졌다. 나무 지게도 벗어 놀 새 없이 그대로 내동댕이치고는 지게막대기를 뻗치고 허둥지둥 달려들었다.
가까이 와보니 과연 나의 짐작대로 우리 수탉이 피를 흘리고 거의 빈사 지경에 이르렀다. 닭도 닭이려니와 그러함에도 불구하고 눈 하나 깜짝 없이 고대로 앉아서 호드기만 부는 그 꼴에 더욱 치가 떨린다. 동리에서도 소문이 났거니와 나도 한때는 걱실걱실히 일 잘하고 얼굴 예쁜 계집애인 줄 알았더니 시방 보니까 그 눈깔이 꼭 여우새끼 같다.
나는 대뜸 달려들어서 나도 모르는 사이에 큰 수탉을 단매로 때려 엎었다. 닭은 푹 엎어진 채 다리 하나 꼼짝 못 하고 그대로 죽어 버렸다. 그리고 나는 멍하니 섰다가 점순이가 매섭게 눈을 홉뜨고 닥치는 바람에 뒤로 벌렁 나자빠졌다.
“이놈아! 너 왜 남의 닭을 때려죽이니?”
“그럼 어때?” 
하고 일어나다가,
“뭐 이 자식아! 누 집 닭인데?” 
하고 복장을 떼미는 바람에 다시 벌렁 자빠졌다. 그리고 나서 가만히 생각하니 분하기도 하고 무안도 스럽고 또 한편 일을 저질렀으니 인젠 땅이 떨어지고 집도 내쫓기고 해야 될는지 모른다.
나는 비슬비슬 일어나며 소맷자락으로 눈을 가리고는 얼김에 엉 하고 울음을 놓았다. 그러다 점순이가 앞으로 다가와서,
“그럼, 너 이 담부턴 안 그럴 테냐?” 
하고 물을 때에야 비로소 살 길을 찾은 듯싶었다. 나는 눈물을 우선 씻고 뭘 안 그러는지 명색도 모르건만,
“그래!” 
하고 무턱대고 대답하였다.
“요 담부터 또 그래 봐라, 내 자꾸 못살게 굴 테니.”
“그래 그래, 인젠 안 그럴 테야.”
“닭 죽은 건 염려 마라. 내 안 이를 테니.”
그리고 뭣에 떠다밀렸는지 나의 어깨를 짚은 채 그대로 퍽 쓰러진다. 그 바람에 나의 몸뚱이도 겹쳐서 쓰러지며 한창 피어 퍼드러진 노란 동백꽃 속으로 폭 파묻혀 버렸다.
알싸한 그리고 향긋한 그 냄새에 나는 땅이 꺼지는 듯이 온 정신이 고만 아찔하였다.
“너 말 마라?”
“그래!” 
조금 있더니 요 아래서,
“점순아! 점순아! 이년이 바느질을 하다 말구 어딜 갔어?” 
하고 어딜 갔다 온 듯싶은 그 어머니가 역정이 대단히 났다.
점순이가 겁을 잔뜩 집어먹고 꽃 밑을 살금살금 기어서 산 아래로 내려간 다음 나는 바위를 끼고 엉금엉금 기어서 산 위로 치빼지 않을 수 없었다.


(병자 3, 24)","오늘도 또 우리 수탉이 막 쫓기었다. 내가 점심을 먹고 나무를 하러 갈 양으로 나올 때이었다. 산으로 올라서려니까 등 뒤에서 푸르득푸드득, 하고 닭의 횃소리가 야단이다. ",5110
두꺼비,김유정,"두꺼비


내가 학교에 다니는 것은 혹 시험 전날 밤새는 맛에 들렸는지 모른다. 내일이 영어시험이므로 그렇다고 하룻밤에 다 안다는 수도 없고 시험에 날 듯한 놈 몇 대문 새겨나 볼까, 하는 생각으로 책술을 뒤지고 있을 때 절컥, 하고 바깥벽에 자전거 세워 놓는 소리가 난다. 그리고 행길로 난 유리창을 두드리며, 이상, 하는 것이다. 밤중에 웬놈인가 하고 찌뿌둥히 고리를 따보니 캡을 모로 눌러 붙인 두꺼비눈이 아닌가. 또 무얼, 하고 좀 떠름했으나 그래도 한 달포 만에 만나니 우선 반갑다. 손을 내밀어 악수를 하고 어서 들어오슈, 하니까 바빠서 그럴 여유가 없다 하고 오늘 의논할 이야기가 있으니 한 시간쯤 뒤에 저의 집으로 꼭 좀 와주십시오, 한다. 그뿐으로 내가 무슨 의논일까, 해서 얼떨떨할 사이도 없이 허둥지둥 자전거종을 울리며 골목 밖으로 사라진다. 궐련 하나를 피워도 멋만 찾는 이놈이 자전거를 타고 나를 찾아왔을 때에는 일도 어지간히 급한 모양이나 그러나 제 말이면 으레 복종할 걸로 알고 나의 대답도 기다리기 전에 달아나는 건 썩 불쾌하였다. 이것은 놈이 아직도 나에게 대하여 기생오라비로서의 특권을 가지려는 것이 분명하다. 나는 사실 놈이 필요한 데까지 이용당할 대로 다 당하였다. 더는 싫다, 생각하고 애꿎은 창문을 딱 닫은 다음 다시 앉아서 책을 뒤지자니 속이 부걱부걱 괸다. 하지만 실상 생각하면 놈만 탓할 것도 아니요, 어디 사람이 동이 났다고 거리에서 한번 흘깃 스쳐 본, 그나마 잘났으면이거니와, 쭈그렁 밤송이 같은 기생에게 정신이 팔린 나도 나렷다. 그것도 서로 눈이 맞아서 들떴다면이야 누가 뭐래랴마는 저쪽에선 나의 존재를 그리 대단히 여겨 주지 않으려는데 나만 몸이 달아서 답장 못 받는 엽서를 매일같이 석 달 동안 썼다. 하니까 놈이 이 기미를 알고 나를 찾아와 인사를 떡 붙이고는 하는 소리가 기생을 사랑하려면 그 오라비부터 잘 얼러야 된다는 것을 명백히 설명하고 또 그리고 옥화가 저의 누이지만 제 말이면 대개 들을 것이니 그건 안심하라 한다. 나도 옳게 여기고 그 다음부터 학비가 올라오면 상전같이 놈을 모시고 다니며 뒤치다꺼리하기에 볼일을 못 본다. 이게 버릇이 돼서 툭하면 놈이 찾아와서 산보나 가자고 끌어내서는 극장으로 카페로 혹은 저 좋아하는 기생집으로 데리고 다니며 밤을 새기가 일쑤다. 물론 그 비용은 성냥 사는 일 전까지 내가 내야 되니까 얼뜬 보기에 누가 데리고 다니는 건지 영문 모른다. 게다 즈 누님의 답장을 얻어올 테니 한번  보라고 연일 장담은 하면서도 나의 편지만 가져가고는 꿩 구워 먹은 소식이다. 편지도 우편보다는 그 동생에게 전하니까 마음에 좀 든든할 뿐이지 사실 바로 가는지 혹은 공동변소에서 콧노래로 뒤지가 되는지 그것도 자세 모른다. 하루는 놈이 찾아와서 방바닥에 가 벌룽 자빠져 콧노래를 하다가 무얼 생각했음인지 다시 벌떡 일어나 앉는다. 올룽한 낯짝에 그 두꺼비눈을 한 서너 번 끔뻑거리다 나에게 훈계가, 너는 학생이라서 아직 화류계를 모른다, 멀리 앉아서 편지만 자꾸 띄우면 그게 뭐냐고 톡톡히 나무라더니 기생은 여학생과 달라서 그저 맞붙잡고 주물러야 정을 쏟는데, 하고 사정이 딱한 듯이 입맛을 다신다. 첫사랑이 무언지 무던히 후려맞은 몸이라 나는 귀가 번쩍 띄어 그럼 어떻게 좋은 도리가 없을까요, 하고 다가서서 물어 보니까 잠시 입을 다물고 주저하더니 그럼 내 직접 인사를 시켜 줄 테니 우선 누님 마음에 드는 걸로 한 이삼십 원 어치 선물을 하슈, 화류계 사랑이란 돈이 좀 듭니다, 하고 전일 기생을 사랑하던 저의 체험담을 좍 이야기한다. 돈을 먹이는데 싫달 계집은 없으려니, 깨닫고 나의 정성을 눈앞에 보이기 위하여 놈을 데리고 다니며 동무에게 돈을 구걸한다, 양복을 잡힌다, 하여 덩어리돈을 만들어서는 우선 백화점에 들어가 같이 점심을 먹고 나오는 길에 사십이 원짜리 순금 트레반지를 놈의 의견대로 사서 부디 잘 해달라고 놈에게 들려 보냈다. 그리고 약속대로 그 이튿날 밤이 늦어서 찾아가니 놈이 자다 나왔는지 눈을 비비며 제가 쓰는 중문간방으로 맞아들이는 그 태도가 어쩐지 어제보다 탐탁지가 못하다. 반지를 전하다 퇴짜나 맞지 않았나 하고 속으로 초를 부비며 앉았으니까 놈이 거기 관하여는 일체 말없고 딴통같이 앨범 하나를 꺼내어 여러 기생의 사진을 보여 주며 객쩍은 소리를 한참 지껄이더니 우리 누님이 이상 오시길 여태 기다리다가 고대 막 노름 나갔습니다. 낼은 요보다 좀 일찍 오셔요, 하고 주먹으로 하품을 끄는 것이다. 조금만 일찍 왔더라면 좋을 걸 안됐다 생각하고 그럼 반지를 전하니까 뭐라더냐 하니까 누이가 퍽 기뻐하며 그 말이 초면인사도 없이 선물을 받는 것은 실례로운 일이매 직접 만나면 돌려보내겠다 하더란다. 이만하면 일은 잘 얼렸구나, 안심하고 하숙으로 돌아오며 생각해 보니 반지를 돌려보낸다면 나는 언턱거리를 아주 잃을 터라 될 수 있다면 만나지 말고 편지로만 나에게 마음이 동하도록 하는 것도 좋겠지만 그래도 옥화가 실례롭다 생각할 만치 그만치 나에게 관심을 가졌음에는 그 다음은 내가 가서 붙잡고 조르기에 달렸다, 궁리한 것도 무리는 아닐 것이다. 마는 그 다음날 약 한 시간을 일찍 찾아가니 놈은 여전히 귀찮은 하품을 터뜨리며 좀더 일찍이 오라 하고, 고 담날 찾아가니 역시 좀더 일찍이 오라 하고, 이렇게 연 나흘을 했을 때에는 놈이 괜스레 제가 골을 내가지고 불안스럽게 굴므로 나 자신 너무 우습게 대접을 받는 것도 같고 아니꼬워서 망할 자식, 이젠 너와 안 놀겠다 결심하고 부리나케 하숙으로 돌아와 이불전에 눈물을 씻으며 지내 온 지 달포나 된 오늘날 의논이 무슨 의논일까. 시험은 급하고 과정 낙제나 면할까 하여 눈을 까뒤집고 책을 뒤지자니 그렇게 똑똑하던 글자가 어느덧 먹줄로 변하니 글렀고, 게다 아련히 나타나는 옥화의 얼굴을 보면 볼수록 속만 탈 뿐이다. 몇 번 고개를 흔들어 정신을 바로잡아 가지고 들여다보나 아무 효과가 없음에는 이건 공부가 아니라, 생각하고 한구석으로 책을 내던진 뒤 일어서서 들창을 열어 놓고 개운한 공기를 마셔 본다. 저 건너 서양집 위층에서는 붉은빛이 흘러나오고 어디선지 울려드는 가냘픈 육자배기, 그러자 문득 생각나느니 계집이란 때 없이 잘 느끼는 동물이다. 어쩌면 옥화가 그 동안 매일같이 띄운 나의 편지에 정이 돌아서 한번 만나고자 불렀는지 모르고 혹은 놈이 나에게 끼친 실례를 깨닫고 전일의 약속을 이행하고자 오랬는지도 모른다. 하여튼 양단간에 한 시간 후라고 시간까지 지정하고 갔을 때에는 되도록 나에게 좋은 기회를 주려는 게 틀림이 없고 이렇게 내가 옥화를 얻는다면 학교쯤은 내일 집어치워도 좋다 생각하고, 외투와 더불어 허룽허룽 거리로 나선다. 광화문통 큰 거리에는 목덜미로 스며드는 싸늘한 바람이 가을도 이미 늦었고 청진동 어귀로 꼽들어 길 옆 이발소를 들여다보니 여덟시 사십오 분, 한 시간이 되려면 아직도 이십 분이 남았다. 전봇대에 기대어 궐련 하나를 피우고 나서 그래도 시간이 남으매 군밤 몇 개를 사서 들고는 이 분에 하나씩 씹기로 하고 서성거리자니 대체 오늘 일이 하회가 어떻게 되려는가, 성화도 나고 계집에게 첫인사를 하는데 뭐라 해야 좋을는지, 그러나 저에게 대한 내 열정의 총량만 보여 주면 그만이니까 만일 네가 나와 살아 준다면, 그리고 네가 원한다면 내 너를 등에 업고 백 리를 가겠다, 이렇게 다짐을 두면 그뿐일 듯도 싶다. 그 외에는 아버지가 보내 주는 흙 묻은 돈으로 근근이 공부하는 나에게 별도리가 없고, 아, 아, 이런 때 아버지가 돈 한 뭉텅이 소포로 부쳐 줄 수 있으면, 하고 한탄이 절로 날 때 국숫집 시계가 늙은 소리로 아홉시를 울린다. 지금쯤은 가도 되려니, 하고 옆 골목으로 들어섰으나 옥화의 집 대문 앞에 딱 발을 멈출 때에는 까닭 없이 가슴이 두근거리고 그것도 좋으련만 목청을 가다듬어 두꺼비의 이름을 불러도 대답은 어디 갔는지 안채에서 계집 사내가 영문 모를 소리로 악장만 칠 뿐이요 그대로 난장판이다. 이게 웬일일까 얼떨하여 떨리는 음성으로 두서너 번 불러 보니 그제야 문이 삐걱 열리고 뚱뚱한 안잠자기가 나를 쳐다보고 누구를 찾느냐 하기에 두꺼비를 보러 왔다 하니까 뾰족한 입으로 중문간방을 가리키며 행주치마로 코를 쓱 씻는 양이 긴치 않다는 표정이다. 전일 같으면 내가 저에게 편지를 전해 달라고 폐를 끼치는 일이 한두 번 아니라서 저를 만나면 담뱃값으로 몇 푼씩 집어 주므로 저도 나를 늘 반기는 터이련만 왜 이리 기색이 틀렸는가. 오늘 밤 일도 아마 헛물켜나 보다. 그러나 우선 툇마루로 올라서서 방문을 쓰윽 열어 보니 설혹 잤다 치더라도 그 소란통에 놀라 깨기도 했으련만 두꺼비가 마치 떡메로 얻어맞은 놈처럼 방 한복판에 푹 엎으러져 고개 하나 들 줄 모른다. 사람은 불러 놓고 이게 무슨 경운가 싶어서 눈쌀을 찌푸리려다 강형, 어디 편찮으슈, 하고 좋은 목소리로 그 어깨를 흔들어 보아도 눈 하나 뜰 줄 모르니 이놈은 참 암만해도 알 수 없는 인물이다. 혹 내 일을 잘되게 돌보아 주다가 집안에 분란이 일고 그 끝에 이렇게 되지나 않았나 생각하면 못 할 바도 아니려니와 그렇다 하더라도 두꺼비 등 뒤에 똑같은 모양으로 엎으러졌는 채선이의 꼴을 보면 어떻게 추측해 볼 길이 없다. 누님이 수양딸로 사다가 가무를 가르치며 부려먹는다던 이 채선이가 자정도 되기 전에 제법 방바닥에 엎으렸을 리도 없겠고, 더구나 처음에는 몰랐던 것이나 두 사람의 입 코에서 멀건 콧물과 게거품이 뺨 밑으로 검흐르는 걸 본다면 웬만한 장난은 아닐 듯싶다. 머리끝이 쭈뼛하도록 나는 겁을 집어먹고 이 머리를 흔들어 보고 저 머리를 흔들어 보고 이렇게 눈이 둥그랬을 때 별안간 미닫이가 딱, 하더니 필연 옥화의 어머니리라, 얼굴 깡총한 늙은이가 표독스레 들어온다. 그 옆에 장승같이 섰는 나에게는 시선도 돌리려지 않고 두꺼비 앞에 가 팔삭 앉아서는 도끼눈을 뜨고 대뜸 들고 들어온 장죽통으로 그 머리를 후려갈기니 팡, 하고 그 소리에 내 등이 다 선뜩하다. 배지가 터져 죽을 이 망할 자식, 집안을 이렇게 망해 놓니, 죽을 테면 죽어라, 어서 죽어 이 자식. 이렇게 독살에 숨이 차도록 두 손으로 그 등어리를 대고 꼬집어 뜯더니 그래도 꼼짝 않는 데는 할 수 없는지 결국 이 자식 너 잡아먹고 나 죽는다 하고 목청이 찢어지게 발악을 치며 귓배기를 물어뜯고자 매섭게 덤벼든다. 그러니 옆에 섰는 나도 덤벼들어 뜯어말리지 않을 수 없고 늙은이의 근력도 얕볼 게 아니라고 비로소 깨달았을 만치 이걸 붙잡고 한참 실갱이를 할 즈음, 그 자식 죽여 버리지 그냥 둬? 하고 천둥 같은 호령을 하며 이번에는 늙은 마가목이 마치 저와 같이 생긴 투박한 장작개비 하나를 들고 신발째 방으로 뛰어든다. 그 서두는 품이 가만 두면 사람 몇쯤은 넉넉히 잡아 놀 듯하므로, 이런 때에는 어머니가 말리는 법인지는 모르나 내가 고대 붙들고 힐난을 하던 안늙은이가 기급을 하여 일어나서는 영감 참으슈, 영감 참으슈, 연실 이렇게 달래며 허겁지겁 밖으로 끌고 나가기에 좋이 골도 빠진다. 마가목은 끌리는 대로 중문 안으로 들어가며 이 자식아 몇째냐, 벌써 일곱째 이래 놓질 않았니 이 주릴 할 자식, 하고 씨근벌떡하더니 안대청에서 뭐라고 주책없이 게걸거리며 발을 구르며 이렇게 집안을 떠엎는다. 가만히 눈치를 살펴보니 내가 오기 전에도 몇 번 이런 북새가 인 듯싶고 암만하여도 나 자신이 헐없이 도깨비에게 홀린 듯싶어서 손을 꽂고 멀뚱히 섰노라니까 빼꼼이 열린 미닫이 틈으로 살집 좋고 허여멀건 안잠자기의 얼굴이 남실거린다. 대관절 웬 속셈인지 좀 알고자 미닫이를 열고는 그 어깨를 넌지시 꾹 찍어 가지고 대문 밖으로 나와서 이게 어떻게 되는 일이냐고 물으니 이 망할 게 콧등만 찌끗할 뿐으로 전 흥미가 없단 듯이 고개를 돌려 버리는 게 아닌가. 몇 번 물어도 입이 잘 안 떨어지므로 등을 뚜덕여 주며 그 입에다 궐련 하나 피워 물리지 않을 수 없고, 그제야 녀석이 죽는다고 독약을 먹었지 뭘 그러슈, 하고 퉁명스레 봉을 떼자 나는 넌덕스러운 그의 소행을 아는지라 왜, 하고 성급히 그 뒤를 재우쳤다. 잠시 입을 삐죽이 내밀고 세상 다 더럽단 듯이 삐쭉거리더니 은근히 하는 그 말이 두꺼비놈이 제 수양조카딸을 어느 틈엔가 꿰차고 돌아치므로 옥화가 이것을 알고는 눈에 쌍심지가 올라서 망할 자식, 나가 빌어나 먹으라고 방추로 뚜들겨 내쫓았으니 둘이 못 살면 차라리 죽는다고 저렇게 약을 먹은 것이라 하고, 에이 자식두 어디 없어서 그래 수양조카딸을, 하기에 이왕 그런 걸 어떡하우 그대로 결혼이나 시켜 주지, 하니까 그게 무슨 말씀이유, 하고 바로 제 일같이 펄쩍 뛰더니 채선이년의 몸뚱이가 인제 앞으로 몇천 원이 될지 몇만 원이 될지 모르는 금덩이 같은 계집인데 원, 하고 넉살을 부리다가 잠깐 침으로 목을 축이고 나서 그리고 또 일곱째야요, 모처럼 수양딸을 데려오면 놈이 꾀꾀리 주물러서 버려 놓고 버려 놓고 하기를 이렇게 일곱, 하고 내 코밑에다 두 손을 들이대고 똑똑히 일곱 손가락을 펴 뵈는 것이다. 그럼 무슨 약을 먹었느냐고 물으니까 그건 확실히 모르겠다 하고 아까 힝하게 자전거를 타고 나가더니 아마 어디서 약을 사가지고 와 둘이 얼러 먹고서 저렇게 자빠진 듯하다고, 그러다 내가 저게 정말 죽지나 않을까 겁을 집어먹고 사람의 수액이란 알 수 없는데, 하니까 뭘이요, 먹긴 좀 먹은 듯하나 그러나 원체 알깍쟁이가 돼서 죽지 않을 만큼 먹었을 테니까 염려 없어요, 하고 아닌 밤중에도 두들겨 깨워서 우동을 사오너라 호떡을 사오너라 하고 펄쩍나게 부려는 먹고 쓴 담배 하나 먹어 보라는 법 없는 조 녀석이라고 오랄 지게 욕을 퍼붓는다. 나는 모두가 꿈을 보는 것 같고 어릿광대 같은 자신을 깨달았을 때 하 어처구니가 없어서 벙벙히 섰다가, 선생님 누굴 만나러 오셨수, 하고 대견히 묻기에 나도 펴놓고 옥화를 좀 만나 볼까 해서 왔다니까 흥, 하고 콧등으로 한번 웃더니 응 저희끼리 붙어먹는 그거 말씀이유, 이렇게 비웃으며 내 허구리를 쿡 찌르고 그리고 곁눈을 슬쩍 흘리고 어깨를 맞부비며 대드는 양이 바로 느물러든다. 사람이 볼까 봐 내가 창피해서 쓰레기통께로 물러서니까 저도 무색한지 시무룩하여 노려만 보다가 다시 내 옆으로 다가서서는 제 뺨따귀를 손으로 잡아다녀 보이며 이래봬도 이팔청춘에 한창 피인 살집이야요, 하고 또 넉살을 부리다가 거기에 아무 대답도 없으매 이 망할 것이 내 궁뎅이를 꼬집고 제 얼굴이 뭐가 옥화년만 못하냐고 은근히 훅닥이며 대든다. 그러나 나는 너보다는 말라깽이라도 그래도 옥화가 좋다는 것을 명백히 알려 주기 위하여 무언으로 땅에다 침 한번을 탁 뱉어 던지고 대문으로 들어서려 하니까 이게 소맷자락을 잡아당기며 선생님 저 담배 하나만 더 주세요. 나는 또 느물려켰구나, 생각은 했으나 성이 가셔서 갑째로 내주고 방에 들어와 보니 아까와 그 풍경이 조금도 다름없고 안에서는 여전히 동이 깨지는 소리로 게걸게걸 떠들어 댄다. 한 시간 후에 꼭 좀 오라던 놈의 행실을 생각하면 괘씸은 하나 체모에 몰리어 두꺼비의 머리를 흔들며 강형, 정신을 좀 차리슈, 하여도 꼼짝 않더니 약 한 시간 반 가량 지남에 어깨를 우쩔렁거리며 아이구 죽겠네, 아이구 죽겠네, 연해 소리를 지르며 입 코로 먹은 음식을 울컥울컥 돌라 놓는다. 이놈이 먹기는 좀 먹었구나, 생각하고 등어리를 두드려 주고 있노라니 얼마 뒤에는 윗목에서 채선이가 마저 똑같은 신음소리로 똑같이 돌르고 있는 것이 아닌가. 이렇게 되면 나는 저들 치다꺼리하러 온 것도 아니겠고 너무 밸이 상해서 한구석에 서서 담배만 뻑뻑 피우고 있자니 또 미닫이가 우람스레 열리고 이번에는 나들이옷을 입은 채 옥화가 들어온다. 아마 노름을 나갔다가 이 급보를 받고 달려온 듯싶고 하도 그러던 차라 나는 복장이 두근거리어 나도 모르게 한걸음 앞으로 나갔으나 그는 나에게 관하여는 일체 본 척도 없다. 그리고 정분이란 어디다 정해 놓고 나는 것도 아니련만 앙칼스러운 음성으로, 이놈아 어디 계집이 없어서 조카딸하고 정분이 나, 하고 발길로 두꺼비의 허구리를 활발히 퍽 지르고 나서 돌아서더니 이번에는 채선이의 머리채를 휘어잡는다. 이년 가랑머릴 찢어놀 년, 하고 그 머리채를 들었다가 놓았다 몇 번 그러니 제물 콧방아에 코피가 흐르는 것은 보기에 좀 심한 듯싶고 얼김에 달려들어 강선생 좀 참으십시오, 하고 그 손을 꽉 잡으니까 대뜸 당신은 누구요, 하고 눈을 똑바로 뜬다. 뭐라 대답해야 좋을지 잠시 어리둥절하다가 이내 제가 이경홉니다, 하고 나의 정체를 밝히니까 그는 단마디로 저리 비키우, 당신은 참석할 자리가 아니요, 하고 내 손을 털고 눈을 흘기는 그 모양이 반지를 받고 실례롭다 생각한 사람커녕 정성스레 띄운 나의 편지도 제법 똑바로 읽어 준 사람이 아니다. 나는 그만 가슴이 섬뜩하여 뒤로 넋 없이 바라만 보며 딴은 돈이 중하구나, 깨닫고 금덩어리 같은 몸뚱이를 망쳐 논 채선이가 저렇게까지도 미울 것도 같으나 그러나 그 큰 이유는 그 담 일년이 썩 지난 뒤에야 안 거지만 어느 날 신문에 옥화의 자살미수의 보도가 났고 그 까닭은 실연이라 해서 보기 숭굴숭굴한 기사였다. 마는 속살을 가만히 들여다보면 그렇게 간단한 실연이 아니었고 어떤 부잣놈과 배가 맞아서 한창 세월이 좋을 때 이놈이 그만 트림을 하고 버듬히 나둥그러지므로 계집이 나는 너와 못 살면 죽는다고 엄포로 약을 먹고 다시 물어들인 풍파이었던 바 그때 내가 병원으로 문병을 가보니 독약을 먹었는지 보제를 먹었는지 분간을 못 하도록 깨끗한 침대에 누워 발장단으로 담배를 피우는 그 손등에 살의 윤택이 반드르하였다. 그렇게 최후의 비상수단으로 써먹는 그 신성한 비결을 이런 누추한 행랑방에서 함부로 내굴리는 채선이의 소위를 생각하면 콧방아는 말고 빨고 있던 궐련불로 그 등어리를 지진 그것도 무리는 아닐 것이다. 그렇다 하더라도 자정이 썩 지나서 얼만치나 속이 볶이는지는 모르나 채선이가 앙가슴을 두 손으로 줴뜯으며 입으로 피를 돌림에는 옥화는 허둥지둥 신발째 드나들며 일변 저의 부모를 부른다, 어멈을 시키어 인력거를 부른다, 이렇게 눈코 뜰 새 없이 들몰아서는 온 집안 식구가 병원으로 달려가기에 바빴다. 그나마 참례 못 가는 두꺼비는 빈방에서 개밥의 도토리로 끙끙거리고. 그 꼴을 봐하니 가여운 생각이 안 나는 것도 아니다. 그러나 저의 집에서는 개돼지만도 못하게 여기는 이놈이 제 말이면 누이가 끔뻑한다고 속인 것을 생각하면 곧 분하고, 나는 내 분에 못 이겨 속으로 개자식 그렇게 속인담, 하고 손등으로 눈물을 지우고 섰노라니까 여태껏 말 한마디 없던 이놈이 고개를 쓰윽 들더니 이상, 의사 좀 불러 주슈, 하고 슬픈 낯을 하는 것이다. 신음하는 품이 괴롭기도 어지간히 괴로운 모양이나 그보다도 외따로 떨어져서 천대를 받는 데 좀 야속하였음인지 잔뜩 우그린 그 울상을 보니 나도 동정이 안 가는 것은 아니다. 마는 그러나 내 생각에 두꺼비는 독약을 한 섬을 먹는대도 자살까지는 걱정 없다고 짐작도 하였고 또 한편 저의 부모, 누이가 가만있는 데는 내가 어쭙지 않게 의사를 불러 댔다간 큰코를 다칠 듯도 하고 해서 어정쩡하게 코대답만 해주고 그대로 섰지 않을 수 없다. 한 서너 번 그렇게 애원하여도 그냥만 섰으니까 나중에는 이놈이 또 골을 벌컥 내가지고 그리고 이건 얻다 쓰는 버릇인지 너는 소용없단 듯이 내흔들며 가거라 가, 가, 하고 제법 해라로 혼동을 하는 데는 나는 그만 얼떨떨해서 간신히 눈만 끔뻑일 뿐이다. 잘 따져 보면 내가 제 손을 붙들고 눈물을 흘려 가면서 누이와 좀 만나게 해달라고 애걸을 하였을 때 나의 처신은 있는 대로 다 잃은 듯도 싶으나 그 언제이던가 놈이 양돼지같이 뚱뚱한 그리고 알몸으로 찍은 제 사진 한 장을 내보이며 이래봬도 한때는 다아, 하고 슬며시 뻐기던 그것과 겹쳐서 생각하면 놈의 행실이 번히 껄적찌근한 것은 넉히 알 수 있다. 이때까지 있는 것도 한갓 저 때문인데 가라면 못 갈 줄 아냐 싶어서 나도 약이 좀 올랐으나 그렇다고 덜렁덜렁 그대로 나오기는 어렵고. 생각다 끝에 모자를 엉거주춤히 잡자 의사를 부르러 가는 듯 뒤를 보러 가는 듯 그새 중간을 채리고 비슬비슬 대문 밖으로 나오니 망할 자식 이젠 참으로 너희하곤 안 논다 하고 마치 호랑이굴에서 놓인 몸같이 두 어깨가 아주 가뜬하다. 밤 깊은 거리에 인적은 벌써 끊겼고 쓸쓸한 골목을 휘돌아 황급히 나오려 할 때 옆으로 뚫린 다른 골목에서 기껍지 않게 선생님, 하고 걸음을 방해한다. 주무시고 가지 벌써 가슈, 하고 엇먹는 거기에는 대답 않고 어떻게 됐느냐고 물으니까 뭘 호강이지 제깐년이 그렇잖으면 병원엘 가보, 하고 내던지는 소리를 하더니, 시방 약을 먹이고 물을 집어넣고 이렇게 법석들이라 하고 저는 집을 보러 가는 길인데 우리 빈집이니 같이 갑시다, 하고 망할 게 내 팔을 잡아끄는 것이다. 내가 모조리 처신을 잃었나, 생각하며 제물에 화가 나서 그 손을 홱 뿌리치니 이게 재미있단 듯이 한번 방긋 웃고 그러나 팔꿈치로 나의 허구리를 쿡 찌르고 나서 사람 괄시 이렇게 하는 거 아니라고 괜스레 성을 내며 토라진다. 그래도 제가 아쉬운지 슬쩍 눙치어 허리춤에서 아까 내가 준 담배를 꺼내어 제 입으로 한 개를 피워 주고는 그리고 그 잔소리가 선생님을 뚝 꺾어서 당신이라 부르며 옥화가 당신을 좋아할 줄 아우? 발 새에 낀 때만도 못하게 여겨요, 하고 나의 비위를 긁어 놓고 나서 편지나 잘 받아 봤으면 좋지만 그것도 체부가 가져오는 대로 무슨 편지고 간 두꺼비가 먼저 받아 보고는 치우고 치우고 하는 것인데 왜 정신을 못 차리고 이리 병신짓이냐고 입을 내대고 분명히 빈정거린다. 그렇다 치면 내가 입때 옥화에게 한 것이 아니라 결국은 두꺼비한테 사랑편지를 썼구나, 하고 비로소 깨달으니 아무것도 더 듣고 싶지 않아서 발길을 돌리려니까 이게 꽉 붙잡고 내 손에 끼인 먹던 궐련을 쑥 뽑아 제 입으로 가져가며 언제 한번 찾아갈 테니 노하지 않을 테냐 묻는 것이다. 저분저분히 구는 것이 너무 성이 가셔서 대답 대신 주머니에 남았던 돈 삼십 전을 꺼내 주며 담뱃값이나 하라니까 또 골을 발끈 내더니 돈을 도로 내 양복주머니에 치뜨리고 다시 조련질을 하기 시작하는 것이 아닌가. 에이 그럼 맘대로 해라, 싶어서 그럼 꼭 한번 오우 내 기다리리다, 하고 좋도록 떼놓은 다음 골목 밖으로 부리나케 나와 보니 목롯집 시계는 한 점이 훨씬 넘었다. 나는 얼빠진 등신처럼 정신없이 내려오다가 그러자 선뜻 잡히는 생각이 기생이 늙으면 갈 데가 없을 것이다, 지금은 본 체도 안 하나 옥화도 늙는다면 내게밖에는 갈 데가 없으려니, 하고 조금 안심하고 늙어라, 늙어라, 하다가 뒤를 이어, 영어, 영어, 영어 하고 나오나 그러나 내일 볼 영어시험도 곧 나의 연애의 연장일 것만 같아서 에라 될 대로 되겠지, 하고 집어치우고는 퀭한 광화문통 거리 한복판을 내려오며 늙어라, 늙어라, 고 만물이 늙기만 마음껏 기다린다.","내가 학교에 다니는 것은 혹 시험 전날 밤새는 맛에 들렸는지 모른다. 내일이 영어시험이므로 그렇다고 하룻밤에 다 안다는 수도 없고 시험에 날 듯한 놈 몇 대문 새겨나 볼까, 하는 생각으로 책술을 뒤지고 있을 때 절컥, 하고 바깥벽에 자전거 세워 놓는 소리가 난다.",8142
땡볕,김유정,"땡볕


우람스레 생긴 덕순이는 바른팔로 왼편 소맷자락을 끌어다 콧등의 땀방울을 훑고는 통안 네거리에 와 다리를 딱 멈추었다. 더위에 익어 얼굴이 벌거니 사방을 둘러본다. 중복 허리의 뜨거운 땡볕이라 길 가는 사람은 저편 처마 밑으로만 배앵뱅 돌고 있다. 지면은 번들번들히 달아 자동차가 지날 적마다 숨이 탁 막힐 만치 무더운 먼지를 풍겨 놓는 것이다.
덕순이는 아무리 참아 보아도 자기가 길을 물어 좋을 만치 그렇게 여유 있는 얼굴이 보이지 않음을 알자, 소맷자락으로 또 한번 땀을 훑어 본다. 그리고 거북한 표정으로 벙벙히 섰다. 때마침 옆으로 지나는 어린 깍쟁이에게 공손히 손짓을 한다.
“얘! 대학병원을 어디루 가니?”
“이리루 곧장 가세요!”
덕순이는 어린 깍쟁이가 턱으로 가리킨 대로 그 길을 북으로 접어 들며 다시 내걷기 시작한다. 내딛는 한 발짝마다 무거운 지게는 어깨에 배기고 등줄기에서 쏟아져 내리는 진땀에 궁둥이는 쓰라릴 만치 물렀다. 속타는 불김을 입으로 불어 가며 허덕지덕 올라오다 엄지손가락으로 코를 힝 풀어 그 옆 전봇대 허리에 쓱 문댈 때에는 그는 어지간히 가슴이 답답하였다. 당장 지게를 벗어던지고 푸른 그늘에 가 나자빠지고 싶은 생각이 굴뚝 같으련만 그걸 못 하니 짜증이 안 날 수 없다. 골피를 찌푸리어 데퉁스레,
“빌어먹을 거! 왜 이리 무거!”
하고 내뱉으려 하였으나, 그러나 지게 위에서 무색하여질 아내를 생각하고 꾹 참아 버린다. 제 속으로만 끙끙거리다 겨우,
“에이 더웁다!”
하고 자탄이 나올 적에는 더는 갈 수가 없었다.
덕순이는 길가 버들 밑에다 지게를 벗어 놓고는 두 손으로 적삼 등을 흔들어 땀을 들인다. 바람기 한 점 없는 거리는 그대로 타붙었고, 그 위의 모래만 이글이글 달아 간다. 하늘을 쳐다보았으나 좀체로 비맛은 못 볼 듯싶어 바상바상한 입맛을 다시고 섰을 때 별안간 댕댕 소리와 함께 발등에 물을 뿌리고 물차가 지나가니 그는 비로소 산 듯이 정신기가 반짝 난다. 적삼 호주머니에 손을 넣어 곰방대를 꺼내 물고 담배 한 대 붙이려 하였으나 훌쭉한 쌈지에는 어제부터 담배 한 알 없었던 것을 다시 깨닫고 역정스레 도로 집어넣는다.
“꽁무니가 배기지 않어?”
덕순이는 이렇게 아내를 돌아본다.
“괜찮아요!”
하고 거진 죽어 가는 상으로 글썽글썽 눈물이 괸 아내가 딱하였다. 두 달 동안이나 햇빛 못 본 얼굴은 누렇게 시들었고, 병약한 몸으로 지게 위에 앉아 까댁이는 양이 금시라도 꺼질 듯싶은 그 아내였다.
덕순이는 아내를 이윽히 노려본다.
“아 울긴 왜 우는 거야?”
하고 눈을 부라렸으나,
“병원에 가면 짼대겠지요.”
“째긴 아무 거나 덮어놓고 째나? 연구한다니까.”
하고 되도록 아내를 안심시킨다. 그러나 덕순이 생각에는 째든 말든 그건 차차 해놓고 우선 먹어야 산다고,
“왜 기영이 할아버지의 말씀 못 들었어?”  
“병원서 월급을 주구 고쳐 준다는 게 정말인가요?”
“그럼 노인이 설마 거짓말을 헐라구. 그래 시방두 대학병원의 이등 박산가 뭐가 열네 살 된 조선 아이가 어른보다도 더 부대한 걸 보구 하두 이상한 병이라고 붙잡아 들여서 한 달에 십 원씩 월급을 주고, 그뿐인가 먹이구 입히구 이래 가며 지금 연구하고 있대지 않어?”
“그럼 나도 허구헌 날 늘 병원에만 있게 되겠구려.”
“인제 가봐야 알지, 어떻게 될는지.”
이렇게 시원스레 받기는 받았으나 덕순이 자신 역시 기영 할아버지의 말을 꼭 믿어서 좋을지가 의문이었다. 시골서 올라온 지 얼마 안 되는 그로서는 서울 일이라 혹 알 수 없을 듯싶어 무료 진찰권을 내 온 데 더 되지 않았다. 그렇다 하더라도 병이 괴상하면 할수록 혹은 고치기가 어려우면 어려울수록 월급이 많다는 것인데 영문 모를 아내의 이 병은 얼마짜리나 되겠는가고 속으로 무척 궁금하였다. 아이가 십 원이라니 이건 한 십오 원쯤 주겠는가, 그렇다면 병 고치니 좋고, 먹으니 좋고, 두루두루 팔자를 고치리라고 속안으로 육조배판을 늘이고 섰을 때,
“여보십쇼! 이 채미 하나 잡숴 보십쇼.”
하고 조만치서 참외를 벌여놓고 앉았는 아이가 시선을 끌어 간다. 길쭘길쭘하고 싱싱한 놈들이 과연 뜨거운 복중에 하나 벗겨 들고 으썩 깨물어 봄직한 참외였다. 덕순이는 참외를 이놈 저놈 멀거니 물색하여 보다 쌈지에 든 잔돈 사 전을 얼른 생각은 하였으나 다음 순간에 그건 안 될 말이라고 꺽진 마음으로 시선을 걷어 온다. 사 전에 일 전만 더 보태면 희연 한 봉이 되리라고 어제부터 잔뜩 꼽여 쥐고 오던 그 사 전, 이걸 참외 값으로 녹여서는 사람이 아니다.
“지게를 꼭 붙들어!”
덕순이는 지게를 지고 다시 일어나며 그 십오 원을 생각했던 것이니 그로서는 너무도 벅찬 희망의 보행이었다.
덕순이는 간호부가 지도하여 주는 대로 산부인과 문 밖에서 제 차례가 돌아오기를 기다리고 있었다.
아내는 남편이 업어다 놓은 대로 걸상에 가 번듯이 늘어져 괴로운 숨을 견디지 못한다. 요량 없이 부어오른 아랫배를 한 손으로 치마째 걷어 안고는 매 호흡마다 간댕거리는 야윈 고개로 가쁜 숨을 돌리고 있는 것이다. 게다가 수술실에서 들것으로 담아 내는 환자와 피고름이 섞인 쓰레기통을 보는 것은 그로 하여금 해쓱한 얼굴로 이를 떨도록 하기에는 너무도 충분한 풍경이었다.
“너무 그렇게 겁내지 말아, 그래두 다 죽을 사람이 병원엘 와야 살아 나가는 거야…….”
덕순이는 아내를 위안하기 위하여 이런 소리도 하는 것이나, 기실 아내 못지않게 저로도 조바심이 적지 않았다. 아내의 이 병이 무슨 병일까, 짜장 기이한 병이라서 월급을 타먹고 있게 될 것인가, 또는 아내의 병을 씻은 듯이 고쳐 줄 수 있겠는가, 겸삼수삼 모두가 궁거웠다.
이생각 저생각으로 덕순이는 아내의 상체를 떠받쳐 주고 있다가 우연히도 맞은편 타구 옆댕이에 가 떨어져 있는 궐련 꽁댕이에 한눈이 팔린다. 그는 사방을 잠깐 살펴보고 휑하게 가서 집어다가는 곰방대에 피워 물며 제 차례를 기다렸으나 좀체로 불러 주질 않는 것이다.
이렇게 하여 그들은 허무히도 두 시간을 보냈다.
한점을 십사 분 가량 지났을 때 간호부가 다시 나와 덕순이 아내의 성명을 외는 것이다.
“네, 여깄습니다!”
덕순이는 허둥지둥 아내를 들춰업고 진찰실로 들어갔다.
간호부 둘이 달려들어 우선 옷을 벗기고 주무를 제 아내는 놀란 토끼와 같이 조그맣게 되어 떨고 있었다. 코를 찌르는 무더운 약내에 소름이 끼치기도 하려니와 한쪽에 번쩍번쩍 늘여 놓인 기계가 더욱이 마음을 조이게 하는 것이다. 아내가 너무 병신스레 떨므로 옆에 섰는 덕순이까지도 겸연쩍지 않을 수 없었다. 아내의 한 팔을 꼭 붙들어 주고, 집에서 꾸짖듯이 눈을 부릅떠,
“뭬가 무섭다구 이래?”
하고는 유리판에서 기계 부딪는 젤그럭 소리에 등줄기가 다 섬뜩할 제,
“은제부터 배가 이래요?”
간호부가 뚱뚱한 의사의 말을 통변한다.
“자세히는 몰라두…….”
덕순이는 이렇게 머리를 긁고는 아마 이토록 부르기는 지난 겨울부턴가 봐요, 처음에는 이게 애가 아닌가 했던 것이 그렇지도 않구요, 애라면 열 달에 날 텐데,
“열석 달씩이나 가는 게 어딨습니까?”
하고는 아차, 애니 뭐니 하는 건 괜히 지껄였군 하였다. 그래 의사가 무어라고 또 입을 열 수 있기 전에 얼른 뒤미처,
“아무두 이 병이 무슨 병인지 모른다구 그래요, 난생 처음 본다구요.”
하고 몇 마디 더 얹었다.
덕순이는 자기네들의 팔자를 고칠 수 있고 없고가 이 순간에 달렸음을 또 한번 깨닫고 열심히 의사의 입만 쳐다보고 있는 것이다마는 금테 안경 쓴 의사는 그리 쉽사리 입을 열려지 않았다. 몇 번을 거듭 주물러 보고, 두드려 보고, 들어 보고, 이러기를 얼마 한 다음 시답지 않게 저쪽으로 가 대야에 손을 씻어 가며 간호부를 통하여 하는 말이,
“이 뱃속에 어린애가 있는데요, 나올려다 소문이 적어서 그대로 죽었어요. 이걸 그냥 둔다면 앞으로 일주일을 못 갈 것이니 불가불 수술을 해야 하겠으나 또 그 결과가 반드시 좋다고 단언할 수도 없는 것이매 배를 가르고 아이를 꺼내다 만일 사불여의하여 불행을 본다더라도 전혀 관계 없다는 승낙만 있으면 내일이라도 곧 수술을 하겠어요.”
하고 나 어린 간호부는 조금도 거리낌없는 어조로 줄줄 쏟아 놓다가,
“어떻게 하실 테야요?”
“글쎄요…….”
덕순이는 이렇게 얼떨떨한 낯으로 다시 한번 뒤통수를 긁지 않을 수 없었다.
간호부의 말이 무슨 소린지 다는 모른다 하더라도 속대중으로 저쯤은 알아챘던 것이니 아내의 생명이 위험하다는 그 말이 두렵기도 하려니와 겨우 아이를 뱄다는 것쯤, 연구 거리는 못 되는 병인 양싶어 우선 낙심하고 마는 것이다. 하나 이왕 버린 노릇이매,
“그럼 먹을 것이 없는데요…….”
“그건 여기서 입원시키고 먹일 것이니까 염려 마셔요…….”
“그런데요 저…….”
하고 덕순이는 열적은 낯을 무얼로 가릴지 몰라 쭈뼛쭈뼛,
“월급 같은 건 안 주나요?”
“무슨 월급이오?”
“왜 여기서 병을 고치면 월급을 주는 수도 있다지요.”
“제 병 고쳐 주는데 무슨 월급을 준단 말이오?”
하고 맨망스레도 톡 쏘는 바람에 덕순이는 고만 얼굴이 벌개지고 말았다. 팔자를 고치려던 그 계획이 완전히 어그러졌음을 알자, 그의 주린 창자는 척 꺾이며 두꺼운 손으로 이마의 진땀이나 훑어 보는밖에 별도리가 없는 것이다. 하나 아내의 생명은 어차피 건져야 하겠기로 공손히 허리를 굽신하여,
“그럼 낼 데리고 올게 어떻게 해주십시오.”
하고 되도록 빌붙어 보았던 것이, 그때까지 끔찍끔찍한 소리에 얼이 빠져서 멀뚱히 누웠던 아내가 별안간 기급을 하여 일어나 살뚱맞은 목성으로,
“나는 죽으면 죽었지 배는 안 째요.”
하고 얼굴이 노랗게 되는 데는 더 할 말이 없었다. 죽이더라도 제 원대로나 죽게 하는 것이 혹은 남편 된 사람의 도릴지도 모른다. 아내의 꼴에 하도 어이가 없어,
“죽는 거보담야 수술을 하는 게 좀 낫겠지요!”
비소를 금치 못하고 섰는 간호부와 의사가 눈에 보이지 않도록, 덕순이는 시선을 외면하여 뚱싯뚱싯 아내를 업고 나왔다. 지게 위에 올려놓은 다음 엎디어 다시 지고 일어나려니 이게 웬일일까, 아까 오던 때와는 갑절이나 무거웠다.


덕순이는 얼마 전에 희망이 가득히 차 올라가던 길을 힘 풀린 걸음으로 터덜터덜 내려오고 있었다. 보지는 않아도 지게 위에서 소리를 죽여 훌쩍훌쩍 울고 있는 아내가 눈앞에 환한 것이다. 학식이 많은 의사는 일자무식인 덕순이 내외보다는 더 많이 알 것이니 생명이 한 이레를 못 가리라던 그 말을 어째 볼 도리가 없다. 인제 남은 것은 우중충한 그 냉골에 갖다 다시 눕혀 놓고 죽을 때나 기다리고 있을 따름이었다.
덕순이는 눈 위로 덮는 땀방울을 주먹으로 훔쳐 가며 장차 캄캄하여 올 그 전도를 생각해 본다. 서울을 장대고 왔던 것이 벌이도 제대로 안 되고 게다가 인젠 아내까지 잃는 것이다. 지에미붙을! 이놈의 팔자가, 하고 딱한 탄식이 목을 넘어오다 꽉 깨무는 바람에 한숨으로 터져 버린다.
한나절이 되자 더위는 더한층 무서워진다.
덕순이는 통째 짓무를 듯싶은 등어리를 견디지 못하여 먼젓번에 쉬어 가던 나무 그늘에 지게를 벗어 놓는다. 땀을 들여 가며 아내를 가만히 내려다보니 그 동안 고생만 시키고 변변히 먹이지도 못하였던 것이 갑자기 후회가 나는 것이다. 이럴 줄 알았더면 동넷집 닭이라도 훔쳐다 먹였을 걸 싶어,
“울지 말아, 그것들이 뭘 아나 제까짓 게!”
하고 소리를 뻑 지르고는,
“채미 하나 먹어 볼 테야?”
“채민 싫어요.”
아내는 더위에 속이 탔음인지 한길 건너 저쪽 그늘에서 팔고 있는 얼음냉수를 손으로 가리킨다. 남편이 한 푼 더 보태어 담배를 사려던 그 돈으로 얼음냉수를 한 그릇 사다가 입에 먹여까지 주니 아내도 황송하여 한숨에 들이켠다. 한 그릇을 다 먹고 나서 하나 더 사다 주랴 물었을 때 이번에 왜떡이 먹고 싶다 하였다. 덕순이는 이것이 마지막이라는 생각으로 나머지 돈으로 왜떡 세 개를 사다 주고는 그대로 눈물도 씻을 줄 모르고 그걸 오직오직 깨물고 있는 아내를 이윽히 바라보고 있었다. 그러나 아내가 무슨 생각을 하였는지 왜떡을 입에 문 채 훌쩍훌쩍 울며,
“저 사촌 형님께 쌀 두 되 꿔다 먹은 거 부대 잊지 말구 갚우.”
하고 부탁할 제 이것이 필연 아내의 유언이라 깨닫고는,
“그래 그건 염려 말아!”
“그리구 임자 옷은 영근 어머니더러 사정 얘길 하구 좀 빨아 달래우.”
하고 이야기를 곧잘 하다가 다시 입을 일그리고 훌쩍훌쩍 우는 것이다.
덕순이는 그 유언이 너무 처량하여 눈에 눈물이 핑 돌아 가지고는 지게를 도로 지고 일어선다. 얼른 갖다 눕히고 죽이라도 한 그릇 더 얻어다 먹이는 것이 남편의 도릴 게다.
때는 중복, 허리의 쇠뿔도 녹이려는 뜨거운 땡볕이었다.
덕순이는 빗발같이 내려붓는 등골의 땀을 두 손으로 번갈아 훔쳐 가며 끙끙 내려올 제, 아내는 지게 위에서 그칠 줄 모르는 그 수많은 유언을 차근차근 남기자, 울자, 하는 것이다.",우람스레 생긴 덕순이는 바른팔로 왼편 소맷자락을 끌어다 콧등의 땀방울을 훑고는 통안 네거리에 와 다리를 딱 멈추었다. 더위에 익어 얼굴이 벌거니 사방을 둘러본다. ,4593
떡,김유정,"떡


원래는 사람이 떡을 먹는다. 이것은 떡이 사람을 먹은 이야기다. 다시 말하면 사람이 즉 떡에게 먹힌 이야기렷다. 좀 황당한 소리인 듯싶으나 그 사람이라는 게 역 황당한 존재라 하릴없다. 인제 겨우 일곱 살 난 계집애로 게다가 겨울이 왔건만 솜옷 하나 못 얻어 입고 겹저고리 두렁이로 떨고 있는 옥이 말이다. 이것도 한 개의 완전한 사람으로 칠런지 혹은 말런지! 그건 내가 알 배 아니다. 하여튼 그 애 아버지가 동리에서 제일 가난한 그리고 게으르기가 곰 같다는 바로 덕희다. 놈이 우습게도 꾸물거리고 엄동과 주림이 닥쳐와도 눈 하나 끔뻑 없는 신청부라 우리는 가끔 그 눈꼽 낀 얼굴을 놀릴 수 있을 만치 흥미를 느낀다. 여보게, 이 겨울엔 어떻게 지내려나, 올엔 자네 꼭 굶어 죽었네 하면 친구 대답이 이거 왜 이랴, 내가 누구라구, 지금은 밭뙈기 하나 붙일 거 없어도 이래 뵈도 한때는 다―하고 펄쩍 뛰고는 지난 날 소작인으로서 땅 팔 수 있었던 그 행복을 다시 맛보려는 듯 먼 산을 우두커니 쳐다본다. 그러다 업신 받는데 약이 올라서 자네들은 뭐 좀 난 상 부른가 하고 낯을 붉히다는 풀밭에 슬며시 쓰러져서 늘어지게 아리랑타령. 그러니까 내 생각에 저것도 사람이려니 할 수 밖에. 사실 집에서 지내는 걸 본다면 당최 무슨 재미로 사는지 영문을 모른다. 그 집도 제 것이 아니요 개똥네 집이다. 원체 식구라야 몇 사람 안 되고 또 거기다 산 밑에 외따로 떨어진 집이라 건넌방에 사람을 들이면 좀 덜 호젓할까 하고 빌린 것이다. 물론 그때 덕희도 방을 얻지 못해서 비대발괄로 뻔질 드나들던 판이었지만. 보수는 별반 없고 농사 때 바쁜 일이나 있으면 좀 거들어 달라는 요구뿐이었다. 그래서 덕희도 얼씨구나 하고 무척 좋았다. 허나 사람은 방만으로 사는 것이 아니다. 이집 건넌방은 유달리 납작하고 비스듬히 쏠린 헌 벽에다 우중충하기가 일상 굴속 같은데 겨울 같은 때 좀 들여다보면 썩 가관이다. 윗목에는 옥이가 누더기를 들쓰고 앉아서 배가 고프다고 칭칭거리고 아랫목에는 화가 치받힌 아내가 나는 모른다는 듯이 벽을 향하여 쪼그리고 누워서는 꼼짝 안하고 놈은 아내와 딸 사이에 한 자리를 잡고서 천장으로만 눈을 멀뚱멀뚱 둥굴리고 들여다보는 얼굴이 다 무색할 만치 꼴들이 말 아니다. 아마 먹는 날보다 이렇게 지내는 날이 하루쯤 더할런지도 모른다. 그 꼴에 궐자가 술이 호주라서 툭하면 한 잔 안 살려나 가 인사다. 지난  봄만 하더라도 놈이 술에 어찌나 감질이 났든지 제 집에 모아놨던 됭을 지고 가서 술을 먹었다. 됭 퍼다주고 술 먹긴 동리에서 처음 보는 일이라고 계집들까지 입에 올리며 소문은 이리저리 돌았다 허지만 놈은 이런 것도 모르고 술만 들어가면 세상이 그만 제 게 되고 만다. 음 음 하고 코에선지 입에선지 묘한 소리를 내어가며 만나는 사람마다 붙잡고 잔소리다. 한편 술은 놈에게 근심도 되는 것 같다. 전에 생각지 않던 집안 걱정을 취하면 곧잘 한다. 그 언제인가 만났을 때에도 술이 담뿍 취하였다. 음 음 해가며 제 집 살림살이 이야기를 개소리 쥐소리 한참 지껄이더니 놈이 나중에 한단 소리가 그놈의 계집애나 죽어버렸으면! 요건 먹어도 캥캥거리고 안 먹어도 캥캥거리고 이거 온! 사세가 딱한 듯이 이렇게 탄식을 하드니 뒤를 이어 설명이 없는 데는 어린 딸년하나 더한 것도 큰 걱정이라고. 이걸 듣다가 기가 막혀서 자네 데릴사위 얻어서 부러 먹을 생각은 않나 하고 물은즉 아 어느 하가에 그동안 먹여키진 않나 하고 골머리를 내젖는 꼴이 다닐 맛이 아주 없는 모양이었다. 짜장 이토록 딸이 원수로운지 아닌지 그건 여기서 끊어 말하기 어렵다. 아마는 애비 치고 제가 난 자식 밉달 놈은 없으리라마는 그와 동시에 놈이 가끔 들어와서 죽으라고 모질게 쥐어박아서는 을러놓는 것도 사실이다. 그러다 울음이 정말 된통 터지면 이번에는 칼을 들고 울어봐라 이년 죽일 터이니 하고 씻은 듯이 울음을 걷어놓고 하는 것이다.
눈이 푹푹 쌓이고 그 덕에 나무값은 부쩍 올랐다. 동리에서는 너나없이 앞을 다투어 나뭇짐을 지고 읍으로 들어간다. 눈이 정강이에 차는 산길을 휘돌아 이십 리 장로를 걷는 것이다. 이 바람에 덕희도 수가 터지어 좁쌀이나마 양식이 생겼고 따라 딸과의 아귀다툼도 훨씬 줄게 되었다. 그는 자다가도 꿈결에 새벽이 되는 것을 용하게 안다. 밝기가 무섭게 일어나 앉아서는 옆에 누운 아내의 치맛자락을 끌어댕긴다. 소위 덕희의 마른세수가 시작된다. 두 손으로 그걸 펼쳐서는 꾸물꾸물 눈곱을 떼고 그리고 나서 얼굴을 쓱쓱 문대는 것이다. 그다음 죽이 들어온다. 얼른 한 그릇 훌쩍 마시고는 지게를 지고 내뺀다. 물론 아내는 남편이 죽 마실 동안에 밖에 나와서 나뭇짐을 만들어야 된다. 지게를 버텨놓고 덜덜 떨어가며 검불을 올려 싣는다. 짐까지 꼭꼭 묶어주고 가는 남편 향하여 괜히 술 먹지 말고 양식 사오게유 하고 몇 번 몇 번 당부를 하고는 방으로 들어온다. 옥이가 늘 일어나는 것은 바로 이때다. 눈을 부비며 어머니 앞으로 곧장 달겨든다. 기실 여지껏 잤느냐면 깨기는 벌써 전에 깨었다. 아버지의 숟가락질 하는 달까닥 소리도 짠지 씹는 쩍쩍 소리도 죄다 두 귀로 분명히 들었다. 그뿐 아니라 아버지의 죽 그릇이 감은 눈 속에서 왔다갔다 하는 것까지도 똑똑히 보았다. 배고픈 생각이 불현듯 불끈 솟아서 곧 바로 일어나고자 궁둥이까지 들먹거려도 보았다. 그럴 동안에 군침은 솔솔 스며들며 입으로 하나가 된다. 마는 일어만 났다가는 아버지의 주먹 주먹. 이년아 넌 뭘 한다고 벌써 일어나 캥캥거려, 하고는 그 주먹 커다란 주먹. 군침을 가만히 도루 넘기고 꼬물거리던 몸을 다시 방바닥에 꼭 붙인 채 쌕 쌕 생코를 아니 골 수 없다. 어머니는 아버지와 딴판으로 퍽 귀여워한다. 아버지가 나무를 지고 확실히 간 것을 알고서야 비로소 옥이는 일어나 어머니 곁으로 달겨들어서 그 죽을 둘이 퍼먹고 하였다.
이러던 것이 그날은 유별나게 어느 때보다 일찍 일어났다. 덕희의 말을 빌리면, 고 배라먹을 년이 그예 일을 저지르랴고 새벽부터 일어나 지랄이었다. 하긴 지랄이 아니라 배가 몹시 고팠던 까닭이지만. 아버지의 숟가락질 소리를 들어가며 침을 삼키고 삼키고 몇 번을 그래봤으나 나중에는 더 참을 수가 없었다. 그렇다고 벌떡 일어앉자니 주먹이 무섭기도 하려니와 한편 넉적기도 한 노릇. 눈을 감은 체 이 궁리 저 궁리하였다. 다른 때도 좋으련만 왜 하필 아버지가 죽 먹을 때 깨게 되는지! 곯은 배는 그중에다 방바닥 냉기에 쑤시는지 저리는지 분간을 모른다. 아버지는 한 그릇을 다 먹고 아마 더 먹는 모양. 죽을 옮겨 쏟는 소리가 주르륵 뚝뚝 하고 난다. 이때 그만 정신이 번쩍 났다. 용기를 내었다. 바른 팔을 뒤로 돌리어 가장 뭐에나 물린 듯이 대구 긁작스리 응아 하고 소리를 내지른다. 그리고 비슬비슬 일어나 앉아서는 두 손등으로 눈을 부벼 가며 우는 것이다. 아버지는 이 꼴에 화를 벌컥 내었다. 손바닥으로 뒤통수를 딱 때리더니 이건 죽지도 않고 말썽이야 하고 썩 마뜩지 않게 투덜거린다. 어머니를 향하여 저년 아무것도 먹이지 말고 오늘 종일 굶기라고 부탁이다. 들었는지 못 들었는지 어머니는 눈을 깔고 잠자코 있다. 아마 아버지가 두려워서 아무 대꾸도 못하는 모양. 딱 때리고 우니까 다시 딱 때리고. 그럴 적마다 조고만 옥이는 마지 오뚝이 시늉으로 모두 쓰러졌다는 다시 일어나 울고 울고 한다. 죽은 안 주고 때리기만 한다. 망할 새끼 저만 처먹으려고 얼른 죽어버려라, 염병을 할 자식. 모진 욕이 이렇게 입 끝까지 제법 나왔으나 그러나 그러나 뚝 부릅뜬 그 눈. 감히 얼굴도 못 쳐다보고 이마를 두 손으로 받쳐들고는 으악 으악 울 뿐이다. 암만 울어도 소용은 없지만. 나뭇짐이 읍으로 들어간 다음에서야 비로소 겨우 운 보람이 있었다. 어머니는 휭 하게 죽 한 그릇을 떠들고 들어온다. 옥이는 대뜸 달겨들었다. 왼편 소맷자락으로 눈의 눈물을 훔쳐가며 연상 퍼 넣는다. 깡좁쌀죽은 물직한 국물이라 숟갈에 뜨이는 게 얼마 안 된다. 떠 넣으니 이것은 차라리 들고 마시는 것이 편하리라. 쉴 새 없이 숟가락은 열심껏 퍼 들인다. 어머니가 한 숟갈 뜰 동안이면 옥이는 두 숟갈 혹은 세 숟갈이 올라간다. 그래도 행여 밑질까 봐서 숟가락 빠는 어머니의 입을 가끔 쳐다보고 하였다. 반쯤 먹다 어머니는 슬며시 숟가락을 내려놓았다. 두 손을 다리 밑에 파묻고는 딸을 내려다보며 묵묵히 앉아있다. 한 그릇 죽은 다 치었건만 그래도 배가 고팠다. 어머니의 허리를 꾹꾹 찔러가며 졸라대인다.
요만한 어린 아이에게는 먹는 것 지껄이는 것 이것밖에 더 큰 취미는 없다. 그리고 이것밖에 더 가진 반 재조도 없다. 옥이같이 혼자만 꽁 하니 있을 뿐으로 동무들과 놀려지도 지껄이지도 않는 아이에 있어서는 먹는 편이 월등 발달되었고 결말에는 그걸로 한 오락을 삼는 것이다. 게다 일상 곯아만 온 그 배때기. 한 그릇 죽이면 넉넉히 양도 찼으련만 얘는 그걸 모른다. 다만 배는 늘 고프려니 하는 막연한 의식밖에는. 이번 일이 벌어진 것은 즉 여기서 시작되었다. 두 시간이나 넘어 꼬박이 울었다. 마는 어머니는 아무 대답도 없었다. 배가 아프다고 쓰러지더니 아이구 아이구 하고는 신음만 할 뿐이다. 냉병으로 하여 이따금 이렇게 앓는다. 옥이는 가망이 아주 없는 걸 알고 일어나서 방문을 열었다. 눈은 첩첩이 쌓이고 눈이 부신다. 웽 웽 하고 봉당으로 몰리는 눈송이. 다르르 떨면서 마당으로 내려간다. 북편 벽 밑으로 솥은 걸렸다. 뚜껑이 열린다. 아닌 게 아니라 어머니말대로 죽커녕 네미나 찢어먹어라, 다. 그러나 얼뜬 눈에 띠는 것이 솥바닥에 얼어붙은 두 개의 시래기 줄기 그놈을 손톱으로 뜯어서 입에 넣고는 씹어본다. 제걱제걱 얼음 씹히는 그 맛밖에는 아무 멋이 없다. 솥을 도루 덮고 허리를 펴랴 할 제 얼른 묘한 생각이 떠오른다. 옥이는 사방을 도릿거려본 다음 봉당으로 올라서서 개똥네 방문 구녁에다 눈을 들이대인다.
개똥어머니가 옥이를 눈의 가시같이 미워하는 그 원인이 즉 여기다. 정말인지 거짓말인지 자세는 모르나 말인즉 그년이 우리 식구만 없으면 밤이고 낮이고 할 것 없이 어느 틈엔가 들어와서는 세간을 모조리 집어간다우 하고 여우 같은 년 골방쥐 같은 년 도적년 뭣해 욕을 늘어놀 제 나는 그가 옥이를 끝없이 미워하는 걸 얼른 알 수 있었다. 그러나 세간을 집어냈느니 뭐니 하는 건 아마 멀쩡한 거짓말일 게고 이날도 잿간에서 뒤를 보며 벽 틈으로 내다보자니까 그년이 날감자 둘을 한 손에 하나씩 두렁이 속에다 감추고는 방에서 슬며시 나오는 걸 보았다는 이것만은 사실이다. 오직 분하고 급해야 밑도 씻을 새 없이 그대로 뛰어나왔으랴. 소리를 질러서 혼을 내고는 싶었으나 제 에미가 또 방에서 끙끙거리고 앓는 게 안됐어서 그냥 눈만 잔뜩 흘겨주니까 그년이 대뜸 얼굴이 발개지더니 얼마 후에 감자 둘을 자기 발 앞에다 내던지고는 깜짝스럽게 뒷짐을 지고 바깥으로 나가더라 한다. 허지만 이것은 나의 이야기에 아무 상관이 없는 것이다. 오즉 옥이가 개똥네 방엘 왜 들어갔었을까 그 까닭만 말하여 두면 그만이다. 이 집이 먼저 개똥네 집이라 하였으나 그런 것이 아니라 실상은 요 개울 건너 도사댁 소유이고 개똥어머니는 말하자면 그 댁의 대대로 내려오는 씨종이었다. 그래 그 댁 집에 들고 그 댁 땅을 붙여먹고 그 댁 세력에 살고 하는 덕으로 개똥어머니는 가끔 상전댁에 가서 빨래도하고 다듬이도 하고 또는 큰일 때는 음식을 맡아보기도 하고 해서 맛좋은 음식을 삔찔 몰아드린다. 나리댁 생신이 오늘인 것을 알고 그년이 음식을 뒤져 먹으러 들어왔다가 없으니까 감자라도 먹을 양으로 하고 지껄이던 개똥어머니의 추측이 조금도 틀리지는 않았다. 마을에 먹을 거 났다하면 이 옥이만치 잽싸게 먼저 알기는 좀 어려우리라. 그러나 옥이가 개똥어머니만 따라가면 밥이고 떡이고 좀 얻어 주려니 하고 앙큼한 생각으로 살랑살랑 따라왔다고는 하지만 그것은 옥이를 무시하는 소리에 지나지 않는다.
옥이가 뒷짐을 딱 지고 개똥어머니의 뒤를 따를 제 아무 계획도 없었다. 방엘 들어가자니 어머니가 아프다고 짜증만 내고 싸리문 밖에서 섰자니 춥고 떨리긴 하고. 그렇다고 나들이를 좀 가보자니 갈 곳이 없다. 그래 멀거니 떨고 섰다가 개똥어머니가 개울길로 가는 걸 보고는 이게 저 갈 길이나 아닌가 하고 대슨 그뿐이었다. 이때 무슨 생각이 있었다면 그것은 이 새끼가 얼른 와야 죽을 쒀 먹을 텐데 하고 아버지에게 대한 미움과 간원이 뒤섞인 초조이었다. 그 증거로 옥이는 도사댁 문간에서 개똥어머니를 놓치고는 혼자 우두커니 떨어졌다. 이제는 또 갈 데가 없게 되었으니 이럴까 저럴까 다시 망설인다. 그러나 결심을 한 것은 이 순간의 일이다. 옥이는 과연 중문 안으로 대담히 들어섰다 새로운 희망. 아니 혹은 맛있는 음식을 쭉쭉거리는 그 입들이나마 한번 구경하고자 한 걸지도 모른다. 시선을 이리저리로 둘러가며 쭈뼛쭈뼛 우선 부엌으로 향하였다. 그 태도는 마치 개똥어머니에게 무슨 급히 전할 말이 있어 온 양이나 싶다. 부엌에는 어중이떠중이 동네 계집은 얼추 모인 셈이다. 고깃국에 밥 마는 사람에 찰떡을 씹는 사람! 이쪽에서 북어를 뜯으면 저기는 투정하는 자식을 주먹으로 때려가며 누룽지를 혼자만 쩍쩍거린다. 부엌문으로 불쑥 디미는 옥이의 대가리를 보더니 저런 여우 년. 밥주머니 왔니. 냄새는 잘두 맡는다. 이렇게들 제각기 욕 한마디씩. 그리고는 까닭 없이 깔깔대인다. 옥이네는 이 댁의 종도 아니요 작인도 아니다. 물론 여기에 들어와 맛좋은 음식 벌어진 이 판에 한 다리 뻗을 자격이 없다. 마는 남이야 욕을 하건 말건 옥이는 한구석에 잠자코 시름없이 서 있다. 이놈을 바라보고 침 한번 삼키고 저놈 걸 바라보고 침 한번 삼키고. 마침 이때 작은아씨가 내려왔다. 옥이 왔니 하고 반기더니 왜 어멈들만 먹느냐고 계집들을 나무란다. 그리고 옆에 섰는 개똥어멈에게 얘가 얼마든지 먹는단 애유 하고 옥이를 가리키매 그 대답은 다만 싱글싱글 웃을 뿐이다. 작은아씨도 따라 웃었다. 노랑 저고리 남치마 열서넛밖에 안된 어여쁜 작은아가씨. 손수 솥뚜껑을 열더니 큰 대접에 국을 뜨고 거기에다 하얀 이밥을 말아 수저까지 꽂아준다. 옥이는 황급히 얼른 잡아채었다. 이밥 이밥. 그 분량은 어른이 한때 먹어도 양은 좋이 차리라. 이것을 옥이가 뱃속에 집어넣은 시간을 따져본다면 고작 십칠팔 분밖에는 더 허비치 않았다. 고기 우러난 국맛은 입에 달았다. 잘 먹는다. 잘 먹는다 하고 옆에서들 추어주는 칭찬은 또한 귀에 달았다. 양쪽으로 신바람이 올라서 곁도 안 돌아보고 막 퍼 넣은 것이다. 계집들은 깔깔거리고 소군거리고 하였다. 그러다 눈을 크게 뜨고 서루들 맞쳐다볼 때에는 한 그릇을 다먹고 배가 불러서 웅크리고 앉은 채 뒤로 털썩 주저앉는 옥이를 보았다. 어따 태워먹었는지 군데군데 뚫어진 검정 두렁치마. 그나마도 폭이 좁아서 볼기짝은 통째 나왔다. 머리칼은 가시덤불같이 흩어져 어깨를 덮고. 이 꼴로 배가 불려서 씩씩거리며 떠는 것이다. 그래도 속은 고픈지 대접 밑바닥을 득 득 긁고 있으니 작은아씨는 생긋이 웃더니 그 손을 이끌고 마루로 올라간다. 날이 몹시 추워서 마루에는 아무도 없었다. 찬장 앞으로 가더니 손뼉만한 시루 팥떡이 나온다. 받아들고는 또 널름 집어치웠다. 곧 뒤이어 다시 팥떡이 나왔다. 그러나 이번에는 옥이는 손도 아니 내밀고 무언으로 거절하였다. 왜냐하면 이때 옥이의 배는 최대한도로 늘어났고 거반 바람 넣은 풋볼만치나 가죽이 탱탱하였다. 그것이 앞으로 늘다 못하여 마침내 옆구리로 퍼져서 잘 움직이도 못하고 숨도 어깨를 치올려 씩 씩 하는 것이다. 아마 음식은 목구멍까지 꽉 찼으리라. 여기에 이상한 것이 하나 있다. 역시 떡이 나오는데 본즉 이것은 팥떡이 아니라 밤 대추가 여기저기 삐져나온 백설기. 한번 덥석 물어 떼이면 입안에서 그대로 스르르 녹을 듯싶다. 너 이것도 싫으냐 하니까 옥이는 좋다는 뜻으로 얼른 손을 내밀었다. 대체 이걸 어떻게 먹었을까. 그 공기만한 떡 덩어리를. 물론 용감히 먹기 시작하였다. 처음에는 빨리 먹었다. 중간에는 천천히 먹었다. 그러다 이내 다 먹지 못하고 반쯤 남겨서는 작은아씨에게 도로 내주고 모루 고개를 돌렀다 옥이가 그 배에다 백설기를 먹은 것도 기적이려니와 또한 먹다 내놓는 이것도 기적이라 안할 수 없다. 하기는 가슴속에서 떡이 목구멍으로 바짝 치뻗히는 바람에 못 먹기도 한 거지만. 여기다가 더 넣을 수가 있다면 그것은 다만 입안이 남았을 뿐이다. 그러면 그다음 꿀 바른 주왁 두 개는 어떻게 먹었을까. 상식으로는 좀 판단키 어려운 일이다. 하여간 너 이것은 하고 주왁이 나왔을 때 옥이는 조금도 서슴지 않고 받았다. 그리고 한놈을 손끝으로 집어서 그 꿀을 쪽쪽 빨더니 입속에 집어넣었다. 그 꿀을 한참 오기오기 씹다가 꿀떡 삼켜본다. 가슴만 뜨끔할 뿐 즉시 떡은 도루 넘어온다. 다시 씹는다. 어깨와 머리를 앞으로 꼬부리어 용을 쓰며 또 한 번 꿀떡 삼켜본다. 이것은 도시 사람의 일로는 생각되지 않는다. 허나 주의할 것은 일상 곯아만 온 굶주린 창자의 착각이다. 배가 불렀는지 흑은 곯았는지 하는 건 이때의 문제가 아니다. 한갖 자꾸 먹어야 된다는 걸삼스러운 탐욕이 옥이 자신도 모르게 활동하였고 또는 옥이는 제가 먹고 싶은 걸 무엇무엇 알았을 그뿐이었다. 거기다 맛깔스러운 그 떡 맛. 생전 맛 못 보던 그 미각을 한번 즐겨보고자 기를 쓴 노력이다. 만약 이 떡의 순서가 주왁이 먼저 나오고 백설기 팥떡 이렇게 나왔다면 옥이는 주왁만으로 만족했을지 모른다. 그러고 백설기 팥떡은 단연 아니 먹었을 것이다. 너는 보도 못하고 어떻게 그리 남의 일을 잘 아느냐. 그러면 그 장면을 목도한 개똥어머니에게 좀 설명하여 받기로 하자. 아 참 그년 되우는 먹읍디다. 그 밥 한 그릇을 다 먹구 그래 떡을 또 먹어유. 그게 배때기지유. 주왁 먹을 제 나는 인제 죽나보다 그랫슈. 물 한 모금 안 쳐먹고 꼬기꼬기 씹어서 꼴딱 삼키는데 아 눈을 요렇게 뒤쓰고 꼴딱 삼킵디다. 온 이게 사람이야. 나는 간이 콩알만 했지유. 꼭 죽는 줄 알고. 추워서 달달 떨고 섰는 꼴하고 참 깜찍해서 내가 다 소름이 쪼옥 끼칩디다. 이걸 가만히 듣다가 그럼 왜 말리진 못했느냐고 탄하니까 제가 일부러 먹이기도 할 텐데 그렇게는 못하나마 배고파 먹는 걸 무슨 혐의로 못 먹게 하겠느냐고 되레 성을 발끈 내인다. 그러나 요건 빨간 거짓말이다. 저도 다른 계집 마찬가지로 마루 끝에서서 잘 먹는다 잘 먹는다 이렇게 여러 번 칭찬하고 깔깔대고 했었음에 틀림없을 게다.
옥이의 이 봉변은 여지껏 동리의 한 이야깃거리가 되어있다. 할일이 없으면 계집들은 몰려앉아서 그때의 일을 찧고 까불고 서로 떠들어대인다. 그리고 옥이가 마땅히 죽어야 할 걸 그래도 살아난 것이 퍽이나 이상한 모양 같다. 딴은 사날이나 먹지를 못하고 몸이 끓어서 펄펄 뛰며 앓을 만치 옥이는 그렇게 혼이 났던 것이다. 하지만 처음부터 짜장 가슴을 죄인 것은 그래도 옥이어머니 하나뿐이었다. 아파서 들어누웠다 방으로 들어오는 옥이를 보고 그만 벌떡 일어났다. 왜 배가 이 모양이냐 물으니 대답은 없고 옥이는 가만히 방바닥에가 눕더란다. 그 배를 건드리지 않도록 반듯이 눕는데 아구 배야 소리를 보꾸개가 터지라고 내지르며 냉골에서 이리 떼굴 저리 떼굴 구르며 혼자법석이다. 그러나 뺨 위로 먹은 것을 꼬약꼬약 돌으고는 필경 까무라쳤으리라. 얼굴이 해쓱해지며 사지가 축 늘어져버린다. 이 서슬에 어머니는 그의 표현대로 하늘이 무너지는 듯 캄캄하였다. 그는 딸을 붙들고 자기도 어이구머니 하고 울음을 놓고 이를 어째 이를 어째 몇 번 그 소리를 치다가 아무도 돌봐주러 오는 사람이 없으니까 허겁지겁 곤두박질을 하여 밖으로 뛰어나왔다. 그의 생각에 이 급증을 돌리랴면 점쟁이를 불러 경을 읽는 수밖에 다른 도리가 없을 듯싶어서이다. 물론 대낮부터 북을 뚜드려가며 경은 읽기 시작하였다. 점쟁이의 말을 들어보면 과식했다고 죄다 이럴래서는 살 사람이 없지 않으냐고. 이것은 음식에서 난병이 아니라 늘 따르던 동자상문이 어쩌다 접해서 일테면 귀신의 놀음이라는 해석이었다. 그렇다면 내가 생각컨대 옥이가 도사댁 문전에 나왔을 제 흑 귀신이 접했는지도 모른다. 왜냐 그러면 옥이는 문앞 언덕을 내리다 그만 눈 위로 낙성을 해서 곧 한참을 꼼짝 않고 그대로 누웠었다. 그만치 몸의 자유를 잃었다. 다시 이러나 눈을 몇 번 털고는 걸어보았다. 다리는 천근인지 한번 딛으면 다시 떼기가 쉽지 않다. 눈까풀은 뻑뻑거리고 게다 선하품은 자꾸 터지고. 어깨를 치올리어 여전히 씩 씩 거리며 눈 속을 이렇게 조심조심 걸어간다. 삐끗만 하였다는 배가 터진다. 아니 정말은 배가 터지는 그 염려보다 우선 배가 아파서 삐끗도 못할 형편. 과연 옥이의 배는 동네계집들 말마따나 헐없이 애 밴 사람의 그것도 만배 된 이의 괴로운 배 그것이었다. 개울길을 내려오자 움물이 눈에 띠이자 얘는 갑작스리 조갈을 느꼈다. 엎드리어 바가지로 한 모금 꿀꺽 삼켜본다. 이와 목구멍이 다만 잠깐 저렸을 뿐 물은 곧바로 다시 넘어온다. 그뿐 아니라 뒤를 이어서 떡이 꾸역꾸역 쏟아진다. 잘 씹지 않고 얼김에 삼킨 떡이라 삭지 못한 그대로 덩어리 덩어리 넘어온다. 움물 전 얼음 위에는 삽시간에 떡이 한무더기. 옥이는 다시 눈 위에 기운 없이 쓰러지고 말았다. 이러든 애가 어떻게 제집엘 왔을까 생각하면 여간 큰 노력이 아니요 참 장한 모험이라 안할 수 없는 일이다.
내가 옥이네 집엘 찾아간 것은 이때 썩 지내서다. 해넘이의 바람은 차고 몹시 떨렸으나 옥이에 대한 소문이 흉하므로 퍽 궁금하였다. 허둥거리며 방문을 펄떡 열어보니 어머니는 딸 머리맡에서 무르팍에 눈을 비벼가며 여지껏 훌쩍거리고 앉았다. 냉병은 아주 가셨는지 노냥 노렇게 고민하던 그 상이 지금은 불콰하니 눈물이 흐른다. 그리고 놈은 쭈그리고 앉아서 나를 보고도 인사도 없다. 팔짱을 떡 찌르고는 맞은 벽을 뚫어보며 무슨 결끼나 먹은 듯이 바아루 위엄을 보이고 있다. 오늘은 일찍 나온 것을 보면 나무도 잘 팔은 모양. 얼마 후 놈은 옆으로 고개를 돌리더니 여보게 참말 죽지는 않겠나, 하고 물으니까 봉구는 눈을 끔벅끔벅 하더니 죽기는 왜 죽어 한나절토록 경을 읽었는데, 하고 자신이 있는 듯 없는 듯 얼치기 대답이다. 제 딴은 경을 읽기는 했건만 조금도 효험이 없으매 저로도 의아한 모양이다. 이 봉구란 놈은 본시가 날탕이다. 계집에 노름에 훅하는 그 수단은 당할 사람이 없고 또 이것도 재주랄지 못하는 게 별반 없다. 농사로부터 노름질 침주기 점치기 지우질 심지어 도적질까지. 경을 읽을 때에는 눈을 감고 중얼거리는 것이 바로 장님이 왔고 투전장을 뽑을 때에는 그 눈깔이 밝기가 부엉이 같다. 그렇건만 뭘 믿는지 마을에서 병이 나거나 일이 나거나 툭하면 이놈을 불러대는 게 버릇이 되었다. 이까진 놈이 점을 친다면 참이지 나는 용뿔을 빼겠다. 덕희가 눈을 찌끗하고 소금을 더 좀 먹여볼까 하고 물을 제 나는 그 대답은 않고 경은 무슨 경을 읽는다고 그래 건방지게 그 사관이나 좀 틀게나, 하고 낯을 붉히며 봉구에게 소리를 뻑 질렀다. 왜냐면 지금은 경이니 소금이니 할 때가 아니다. 아이를 포대기를 덮어서 누였는데 그 얼굴이 노랗게 질렸고 눈을 감은 채 가끔 다르르 떨고 다르르 떨고 하는 것이다. 그리고 입으로는 아직도 게거품을 섞어 밥풀이 꼴깍꼴깍 넘어온다. 손까지 싸늘하하 핏기는 멎었다. 시방 생각하면 이때 죽었을 걸 혹 사관으로 살았는지도 모른다. 내가 서두는 바람에 봉구는 주머니 속에서 조고만 대통을 꺼냈다. 또 그 속에서 녹슬은 침 하나를 꺼내더니 입에다 한번 쭉 빨고는 쥐가 뜯어먹은 듯한 칼라머리에다 쓱쓱 문지른다. 바른손을 논 다음 왼손 엄지손가락으로 침이 또 들어갈 때에서야 비로소 옥이는 정신이 나나 보다. 으악 소리를 지르며 깜짝 놀란다. 그와 동시에 푸드득하고 포대기 속으로 똥을 깔겼다. 덕희는 이걸 뻔히 바라보고 있더니 골피를 접으며 어이 배라먹을 년, 웬걸 그렇게 처먹고 이 지랄이야, 하고는 욕을 오랄지게 퍼분다. 그러나 나는 그 속을 빤히 보았다. 저와 같이 먹다가 이렇게 되었다면 아마 이토록은 노엽지 않았으리라. 그 귀한 음식을 돌르도록 쳐먹고도 애비 한 쭉 갖다 줄 생각을 못한 딸이 지극히 미웠다. 고년 고래싸 웬 떡을 배가 터지도록 쳐먹는담, 하고 입을 삐쭉대는 그 낯짝에 시기와 증오가 역력히 나타난다. 사실로 말하자면 이런 경우에는 저도 반드시 옥이와 같이 했으련만 아니 놈은 꿀 바른 주왁을 다 먹고도 또 막걸리를 준다면 물다  뱉는 한이 있더라도 어쨌든 덥석 물었으리라 생각하고는 나는 그 얼굴을 다시 한 번 쳐다보았다.


(올해. 4. 25)",원래는 사람이 떡을 먹는다. 이것은 떡이 사람을 먹은 이야기다. 다시 말하면 사람이 즉 떡에게 먹힌 이야기렷다. ,8804
로봇 머신 X,아이작 아시모프,"로비의 우울증


""97, 98, 99, 100.“
글로리아는 눈을 뜨고 살며시 사방을 둘러보았다. 조용한 정원에서는 윙윙 하는 벌레 소리가 들려 온다. '어디에 숨었을까, 로비는.' 글로리아는 풀숲과 나무 뒤를 찾아보았다. 그러나 로비는 없었다. '틀림없이 집안에 숨었을 거야. 집안에는 숨지 않기로 약속했으면서. ' 글로리아는 심술이 나서 금세 볼이 부었다. 그리고 빨간 지붕의 집을 향해 걷기 시작했다. 그 때, 뒤쪽 풀숲에서 부스럭 소리가 났다. 글로리아가 뒤돌아보자, 시꺼멓고 커다란 것이 뛰어나왔다.
""앗, 로비다. 찾았다!“


글로리아는 소리쳤다. 로비는 휭하니 바람을 일으키며 달리기 시작했다. 정원 끝의 전나무가 결승점이다. 글로리아에게 붙잡히기 전에 전나무에 당도하면 로비의 승리다.
""비겁해, 로비. 뛰지 않겠다고 약속했잖아.""
글로리아는 숨을 할딱이며 로비를 쫓아갔다. 전나무까지 앞으로 5미터. 그러자 로비는 갑자기 달리기를 그치고 천천히 걷기 시작했다. 그것을 본 글로리아는 힘껏 달렸다. 그리고 마침내 로비를 붙잡았다.
""로비는 참 느리구나.""
글로리아는 파란 눈을 굴리며 의기 양양해졌다. 그러나 로비는 잠자코 있다. 빨간 유리 눈을 번쩍이며 글로리아를 지켜보고 있다. 로비는 말을 하지 못하는 로봇이었다. 진짜로 달리면 어른도 당할 수 없다. 하지만 글로리아에겐 일부러 져 준다. 글로리아가 기뻐하는 것이 로비에겐 무척 반가운 것이다.




""이번엔 로비가 술래야.""
글로리아가 말했다. 로비는 전나무 아래에 서서 눈을 감았다. 커다란 원통형 몸뚱이 속에서 째깍째깍 하는 소리가 들리기 시작했다. 뱃속에 있는 기계가 시간을 재고 있는 것이다. 째깍째깍 30초, 째깍째깍 60초, 째깍째깍 90초...... 정확히 100초가 지났다.
로비는 눈을 번쩍 떴다. 빨간 눈이 반짝반짝 빛난다. '옳지, 저 나무 그늘에 보이는 빨간 것은 글로리아의 양복이다.’ 로비는 슬며시 떡갈나무로 다가가서 재빨리 빨간 양복 자락을 잡았다. 글로리아가 금세 볼이 퉁퉁 부어 떡갈나무 그늘에서 나왔다.
“엉터리야, 로비는. 틀림없이 보고 있었지?”
“아냐, 아냐.”
“이제 숨바꼭질은 그만 하겠어. 로비가 엉터리 짓만 하니까 재미가 없어. 이번엔 에어코스터(공중 태워주기)놀이야.” 하고 말했다. 글로리아가 너무도 억울한 말만 하니까 착한 로비도 화가 났다. 잔디 위에 주저앉아 모른 체하고 하늘을 쳐다보았다. 글로리아는 당황하여 로비를 달랬다.




""미안해, 로비. 이젠 엉터리 짓 했다고 안 할께.“
그래도 로비는 모른 체하고 있다. 글로리아가 보드라운 뺨을 로비의 딱딱한 강철 뺨에 갖다 대고 사과해도 허사였다. 글로리아는 마침내 최후의 수단을 쓰기로 했다.
""그럼 좋아. 그 대신 이제부터는 절대로 옛날 이야기는 해 주지 않을 테야.""
그 말을 들은 로비는 황급히 일어섰다. '옛날 이야기를 안 해 주면 큰일이다. ' 로비는 그렇게 생각했다. 왜냐 하면 로비는 옛날 이야기를 무척 좋아했기 때문이다. 글로리아는 계획이 들어맞았으므로 손뼉을 치며 기뻐했다.
""자, 로비, 너는 에어코스터야.""
글로리아는 로비의 어깨 위로 기어올라갔다.
""출발! 로비!“
글로리아는 구령을 내렸다. 로비는 굉장한 힘으로 달리기 시작했다. 글로리아의 귓전에서 휙휙 바람 소리가 일었다.
“부릉.”
글로리아는 로비의 어깨를 두들겼다. 그러자 로비 에어코스터는 크게 오른쪽으로 기울어졌다. 푸른 잔디가 휘청하고 흔들렸다. 글로리아는 로비의 목에 꼭 매달렸다.
""앗, 해적이다! 와아, 해치워라, 따따따따.""
말괄량이 글로리아는 기관총을 쏘는 흉내를 냈다. 로비도 지지 않고 스피드를 내며 잔디 위를 껑충껑충 뛰어다녔다. 글로리아는 우주선을 타고 우주를 달리고 있는 느낌이다. 에어코스터 놀이가 끝나자 이번에는 옛날 이야기 차례였다. 로비와 글로리아는 잔디 위에 누웠다.
""무슨 이야기가 듣고 싶지?“
글로리아가 물었다. 로비는 손가락 한 개를 내밀더니 크게 동그라미를 그렸다.
“또 신데렐라야? 용케 질리지도 않는구나.""
로비는 신데렐라 아가씨의 이야기를 가장 좋아했다. 그래서 또다시 손가락으로 커다란 동그라미를 그렸다.
""할 수 없구나.""
글로리아는 그렇게 말하고 푸른 하늘을 쳐다보며 이야기를 시작했다.
“옛날, 아주 옛날에 신데렐라라는 아름다운 아가씨가 있었습니다. 심술 사나운 계모와 못생긴 두 언니들과 함께 살고 있었습니다......”
로비의 눈이 저녁놀의 서쪽 하늘처럼 빨갛게 빛나기 시작했다. 그 때, ""글로리아!“ 하고 부르는 소리가 들렸다. 로비는 흠칫 하고 얼굴을 들었다. 글로리아의 어머니다. 글로리아는 슬픈 듯이 로비를 보았다.
""로비, 돌아가자, 엄마한테 꾸중듣기 전에, ""
로비는 이야기를 계속 듣지 못하는 것이 무척 안타까웠다. 하지만 곧 일어섰다. 어머니한테 거역하면 안 된다. 로비는 그렇게 생각하고 있었다. 글로리아의 어머니는 로비를 싫어했다. 어머니는 현관에 버티고 서 있었다.
""도대체 어딜 갔었니? 목이 쉬도록 불렀는데.""
어머니는 쨍쨍 소리쳤다.
""미안해요, 엄마. 정원에서 로비에게 옛날 이야기를 해 주고 있었어.""
글로리아는 솔직하게 사과했다.
어머니는 로비를 노려보고,
""안 되겠어, 로비. 너까지 식사시간을 잊어버리면 어떻게 되는 거야. 자, 이젠 됐어. 방으로 들어가 있어요.""
글로리아는 당황하여 엄마의 앞치마 자락을 붙잡았다.
""부탁이야, 엄마. 로비를 보내지 마. 이야기가 아직 덜 끝났어.“
""아니, 그건 안 돼.""
""로비는 얌전하게 있을 거야. 의자에 앉아서 가만히 있으라면 가만히 있는단 말야. 그렇지, 로비?“
로비는 고개를 크게 끄덕였다. 그러나 어머니는 엄한 얼굴을 하고,
""말을 안 들으면 앞으론 로비와 놀지 못하게 할거야.""
글로리아의 눈에 어느 새 눈물이 괴었다.
“그럼, 할 수 없어, 로비. 네 방으로 가. 이야기는 내일 또 하자.""
로비는 고개를 끄덕이고 맥없이 방을 나갔다. 어머니는 정말 미운 듯이 로비의 뒷모습을 한참 동안 노려보았다.

사라진 로봇


그 날 밤, 어머니는 아버지가 일하는 방으로 들어갔다. 과학자인 아버지는 매일 밤늦게까지 글을 쓰고 있었다. 아버지는 마침 금성 여행에 관한 보고서를 읽고 있었다. 어머니는 책상머리에 서서 말을 꺼냈다.
""그 로봇은 안 되겠어요. 아침부터 밤까지 글로리아에게만 붙어 있어요.""
아버지는 보고서에서 얼굴을 쳐들었다.
""아이 보는 로봇이니까 당연하잖소? 그만큼 훌륭한 로봇은 좀처럼 구하기 힘들단 말야.""
아버지는 다시 보고서를 읽기 시작했다.
""아무리 훌륭해도 우리의 소중한 외동딸을 로봇에게 맡길 수는 없어요. 로봇이 무엇을 생각하고 있는지 알게 뭐여요.“
""로비는 벌써 2년이나 우리 집에서 일하고 있는데, 실수한 일은 없잖소.""
""그거야 아직까지는 없었죠. 하지만......”
아버지는 천천히 파이프에 불을 당겼다.




""잘 들어요, 여보. 로봇은 말야, 인간보다도 훨씬 신뢰할 수 있어. 로비는 아이들의 놀이 상대를 하는 게 그의 일이거든. 친절하고, 싹싹하고, 얌전하고, 그렇게 훌륭한 아이 보는 로봇은 온 세계를 다 뒤져도 찾을 수 없어요.“
""그렇지만 기계니까 고장이 날는지도 모르잖아요. 만일 어딘가 잘못돼서 글로리아를......“
""바보 같은 소린 그만 해요.""
아버지는 크게 나무랐다. 그러나 어머니의 근심스러운 얼굴을 보자 마음을 돌리고, 로비가 절대로 위험하지 않다는 것을 차근차근 설명해 주었다.
""로봇은 로봇법 3원칙이라는 세 개의 원칙에 따라 만드는 거야. 첫째 규칙은, 로봇은 인간을 위험에 빠뜨려서는 안 된다는 거야.""
아버지는 후유 하고 파이프의 연기를 내뿜었다.
“만일 로봇이 이 규칙을 어기려고 하면 몸 속의 기계가 부서져서 움직이지 못하게 되는 거야. 자, 이만하면 안심하겠지?“
아버지는 그렇게 말하고는 다시 보고서를 읽기 시작했다. 어머니는 할 수 없이 방을 나갔다. 그로부터 이틀이 지난 저녁의 일이다. 아버지가 근무처에서 돌아오자 어머니가 창백한 얼굴로 문간에 서 있었다.
""여보, 이젠 더 참을 수 없어요. 로비가 위험하다고 이웃 사람들은 아무도 우리 집엘 오지 않아요.""
아버지는 진절머리가 난다는 듯이,
""남이 뭐라고 하든 상관없잖소. 로비가 글로리아의 뒷바라지만 잘 해 주면 그것으로 그만이야.""
어머니는 안타깝다는 듯이,
""하지만 글로리아는 로비하고 밖에 놀지를 않아요. 이웃 아이들하고는 통 놀려고 하지를 않아요. 저러다간 장차 아무도 상대를 안 하게 될 거여요. 그런 건 이제 로봇 회사에 돌려 주셔요. 제발 부탁이어요.""
어머니는 필사적으로 부탁했다. 어머니가 너무도 필사적이었으므로 아버지는 다시 생각하게 되었다.
""걱정할 것 없어. 내게 좋은 생각이 있어.""
마침내 아버지는 그렇게 말했다.
                         
아버지는 도대체 무엇을 생각한 것일까. 다음 일요일의 일이었다. 아침 식사 때, 테이블 앞에 앉은 아버지는 글로리아에게 말했다.
“글로리아, 낮에 시내로 서커스를 구경하러 가자.”
글로리아는 눈을 크게 떴다.
“정말? 와아, 신난다.“
글로리아는 펄쩍 뛰며 기뻐했다.
 “로비에게 말해 주고 올 테야.""
하며 방에서 뛰어나가려고 했다.
아버지는 황급히,
 “로비는 안돼. 로봇은 넣어 주지 않는단 말야.""
글로리아는 약간 실망하는 것 같았으나 곧 체념하는 모습이었다. 어머니의 전송을 받으며 글로리아는 아버지와 함께 힘차게 집을 나섰다. 시내까지는 제트카로 10분이 걸린다. 아버지가 제트카를 운전했다. 하늘을 나는 서커스는 대단한 인기여서 온 시의 사람들이 모여들었다. 그 중에서도 코끼리의 공중 곡예는 근사했다. 유리로 된 커다란 상자 속에서 코끼리가 둥실둥실 공중을 헤엄치는 것이다. 글로리아는 완전히 흥분했다.




돌아오는 제트카 속에서도 글로리아는 방금 보고 온 공중 서커스에 관한 일만 지껄이고 있었다. 로비 생각 같은 건 완전히 잊고 있었다. 집에 돌아오자 어머니가 생글생글하면서 맞이했다. 어머니 뒤에서 귀여운 콜리가 아장아장 따라왔다.
글로리아는 푸른 눈을 깜박이며,
""어머나, 예쁜 강아지다. 어떻게 된 거야?“
""너한테 사 주는 거야. 잘 귀여워해 줘라.""
어머니는 콜리를 껴안아 글로리아에게 내밀었다.
""아이, 좋아. 앗 그렇지, 로비에게 보여 줘야지.""
그 말을 듣자 어머니는 흠칫하면서 아버지의 얼굴을 보았다. 아버지는 난처한 듯이 눈길을 돌렸다.
""로비, 로비.“
글로리아는 큰 소리로 불렀다. 그런데 평소 같으면 곧 달려왔을 로비가 언제까지도 나타나지 않았다. ‘서커스에 데려가지 않았다고 화가 났을까?' 글로리아는 생각했다. ‘하지만 콜리를 보여 주면 틀림없이 화가 풀릴 거야.' 글로리아는 그렇게 생각하고 급히 지하실로 달려갔다.
""로비, 이리 나와. 좋은 것 보여 줄게.""
글로리아는 똑똑 방문을 두드렸다. 그러나 방안은 조용했다. 글로리아는 어쩐지 가슴이 설레었다. 급히 문을 열었다.  방안은 텅 비어 있었다.
‘로비가 없다!'
글로리아의 심장은 멈출 것만 같았다. 글로리아는 황급히 어머니한테로 달려갔다.
“로비가 없어, 엄마. 로비가 없어졌어.""
글로리아의 눈에는 금세 눈물이 넘쳐흘렀다. 어머니는 아버지의 얼굴을 바라본 채 잠자코 있었다.
""엄마, 로비는 어디 있어?“
글로리아는 어머니에게 매달렸다. 어머니는 천천히 의자에 앉아, 글로리아를 무릎 위에 올려놓았다. 그리고 다정하게 이야기했다.
“글로리아, 로비는 말없이 집을 나가 버렸다. 여기저기 찾아보았지만 도무지 알 수가 없어. 하지만 언젠가는 꼭 돌아올 게다. 그때까지 이 강아지와 놀아라.""
글로리아의 뺨에 구슬 같은 눈물이 뚝뚝 떨어졌다.
“이런 개는 보기도 싫어. 나는 로비하고 놀 테야. 로비, 로비, 돌아와 줘......”




글로리아는 울부짖었다.
“울기는 왜 우니. 로비는 한낱 기계가 아니냐. 언젠가는 망가질 텐데.""
""로비는 기계가 아냐. 내 친구야. 로비, 로비.""
글로리아는 엄마의 손을 뿌리치고 이층으로 뛰어 올라갔다. 그리고 자기 방으로 들어가자 문을 쾅 닫아 버렸다. 글로리아가 우는 소리가 어머니한테까지 들렸다. 어머니는 한숨을 쉬었다. 사실은, 로비는 오늘 로봇 회사로 돌려보낸 것이다. 그러니까 글로리아가 아무리 기다려도 로비는 돌아오지 않는 것이다. 2, 3일이 지나면 씻은 듯이 잊어버리겠지, 하고 어머니는 생각했다. 그러나 그 생각은 잘못이었다.
글로리아는 이제 홀짝홀짝 울지는 않았지만 그 대신 전혀 웃지를 않게 되었다. 하루 종일 방에 틀어박혀 창 밖을 내다보고만 있다. 어머니가 사다 준 강아지 따위는 거들떠보지도 않았다. 어머니도 그러한 모습을 보자 가슴이 아팠다. 하지만 여름이 되면 틀림없이 원기를 회복할 것이라 생각했다.




이윽고 여름이 왔다. 단풍나무가 잎이 무성해져서 잔디 위에 시원한 그늘을 만들었다. 그러나 글로리아는 여전히 방안에 틀어박혀 있었다. 어머니도 걱정한 나머지 무척 우울해졌다. 어느 날, 어머니는 아버지가 일하는 방으로 들어갔다.
“도대체 어떻게 하면 좋겠어요? 요즘은 밥도 잘 안 먹고 얼굴빛도 나빠지기만 해요.""
“그럴 거야. 역시 로비를 도로 데려오지 않으면 안 되겠어. 그럼 지금 곧 로봇 회사에 전화를 걸어야겠군.“
아버지는 원기 있게 일어섰다. 그러자 어머니는 삽시간에 얼굴빛이 변했다.
“안 돼요. 모처럼 내쫓은 것을 다시 데려오다니, 당치도 않아요.“
“그럼 어떻게 하자는 말이오?“
아버지는 불끈해서 내쏘았다. 어머니는 잠시 동안 생각하다가,
“어딘가 여행을 데려가면 어떨까요? 집에 있는 것이 나쁠런지도 몰라요. 눈에 보이는 것마다 로비를 생각나게 하는 것뿐일 테니까요.""
""응, 그건 좋은 생각이군.""
아버지도 찬성했다.
""어디로 갈까?“
""뉴욕이 좋겠어요.“
어머니가 말했다. 아버지는 얼굴을 찡그렸다. 여름의 뉴욕이라면 한증막 같은 더위여서 일부러 고생하러 가는 것이나 마찬가지였다. 그러나 어머니가 뉴욕에는 글로리아의 마음에 드는 것이 많이 있다고 주장하는 바람에 할 수 없었다. 그 날 밤, 어머니는 글로리아에게 뉴욕으로 여행 간다는 것을 말해 주었다. 글로리아의 눈이 오랜만에 빛났다. 일주일 후, 글로리아 일행은 뉴욕 행 제트기 올라탔다. 글로리아는 초음속 제트기에 타는 것이 처음이었다. 뉴욕까지 30분밖에 걸리지 않는다는 말을 듣고, 글로리아는 눈이 휘둥그래졌다. 창문 아래로 보이는 소프트 크림과 같은 뭉실뭉실한 구름도 재미있었다. 어머니는 글로리아가 기뻐하는 모습을 보자 매우 반가워서,
""뉴욕에 도착하면 매일 밤 공중 서커스를 보러 가자.“ 고 말했다
그러자 글로리아는 뜻밖의 말을 꺼냈다.
""엄마, 숨기지 않아도 좋아. 나는 다 알고 있어”
어머니는 처음에 글로리아가 무슨 말을 꺼내는 건지 알 수가 없었다. 어머니는 눈을 깜박거렸다. 글로리아는 어머니 귀에다 대고 속삭였다.




""사실은 로비를 찾으러 가는 거죠?”
어머니는 말문이 막힐 만큼 놀랐다. 그러나 억지로 웃음을 보이며, ""응, 그래. 너를 깜짝 놀라게 해 주려고 아무 말 없이 잠자코 있었단다.“ 하고 말했다. 만일 그렇지 않다고 하면 글로리아는 뉴욕에 가지 않겠다고 떼를 쓸 거라고 어머니는 염려한 것이다. 글로리아는 생긋이 웃고 나서 어머니한테 살짝 키스를 했다.","""97, 98, 99, 100.“
글로리아는 눈을 뜨고 살며시 사방을 둘러보았다. 조용한 정원에서는 윙윙 하는 벌레 소리가 들려 온다. '어디에 숨었을까, 로비는.'",5653
만무방,김유정,,"산골에, 가을은 무르녹았다.
아름드리 노송은 빽빽히 늘어박혔다. 무거운 송낙을 머리에 쓰고 건들건들. 새새이 끼인 도토리, 벚, 돌배, 갈잎 들은 울긋불긋. 잔디를 적시며 맑은 샘이 쫄쫄거린다.",16873
무정,이광수,"1
경성학교 영어 교사 이형식은 오후 두시 사년급 영어 시간을 마치고 내려쪼이는 유월 볕에 땀을 흘리면서 안동 김장로의 집으로 간다. 김장로의 딸 선형(善馨)이가 명년 미국 유학을 가기 위하여 영어를 준비할 차로 이형식을 매일 한 시간씩 가정교사로 고빙하여 오늘 오후 세시부터 수업을 시작하게 되었음이라. 이형식은 아직 독신이라, 남의 여자와 가까이 교제하여 본 적이 없고 이렇게 순결한 청년이 흔히 그러한 모양으로 젊은 여자를 대하면 자연 수줍은 생각이 나서 얼굴이 확확 달며 고개가 저절로 숙여진다. 남자로 생겨나서 이러함이 못생겼다면 못생겼다고도 하려니와, 여자를 보면 아무러한 핑계를 얻어서라도 가까이 가려 하고, 말 한마디라도 하여 보려 하는 잘난 사람들보다는 나으리라. 형식은 여러 가지 생각을 한다. 우선 처음 만나서 어떻게 인사를 할까. 남자 남자 간에 하는 모양으로, ‘처음 보입니다. 저는 이형식이올시다’ 이렇게 할까. 그러나 잠시라도 나는 가르치는 자요, 저는 배우는 자라, 그러면 미상불 무슨 차별이 있지나 아니할까. 저편에서 먼저 내게 인사를 하거든 그제야 나도 인사를 하는 것이 마땅하지 아니할까. 그것은 그러려니와 교수하는 방법은 어떻게나 할는지. 어제 김장로에게 그 청탁을 들은 뒤로 지금껏 생각하건마는 무슨 묘방이 아니 생긴다. 가운데 책상을 하나 놓고, 거기 마주앉아서 가르칠까. 그러면 입김과 입김이 서로 마주치렷다. 혹 저편 히사시가미[양갈래로 딴 머릿단]가 내 이마에 스칠 때도 있으렷다. 책상 아래에서 무릎과 무릎이 가만히 마주 닿기도 하렷다. 이렇게 생각하고 형식은 얼굴이 붉어지며 혼자 빙긋 웃었다. 아니 아니? 그러다가 만일 마음으로라도 죄를 범하게 되면 어찌하게. 옳다? 될 수 있는 대로 책상에서 멀리 떠나 앉겠다. 만일 저편 무릎이 내게 닿거든 깜짝 놀라며 내 무릎을 치우리라. 그러나 내 입에서 무슨 냄새가 나면 여자에게 대하여 실례라, 점심 후에는 아직 담배는 아니 먹었건마는, 하고 손으로 입을 가리우고 입김을 후 내어 불어 본다. 그 입김이 손바닥에 반사되어 코로 들어가면 냄새의 유무를 시험할 수 있음이라. 형식은, 아뿔싸! 내가 어찌하여 이러한 생각을 하는가, 내 마음이 이렇게 약하던가 하면서 두 주먹을 불끈 쥐고 전신에 힘을 주어 이러한 약한 생각을 떼어 버리려 하나, 가슴속에는 이상하게 불길이 확확 일어난다. 이때에,
“미스터 리, 어디로 가는가” 하는 소리에 깜짝 놀라 고개를 들었다. 쾌활하기로 동류간에 유명한 신우선(申友善)이가 대팻밥모자를 갖춰 쓰고 활개를 치며 내려온다. 형식은 자기 마음속을 꿰뚫어보지나 아니한가 하여 두 뺨이 한번 더 후끈하는 것을 겨우 참고 지어서 쾌활하게 웃으면서, “오래 막혔구려” 하고 손을 잡아 흔들었다.
“오래 막혔구려는 무슨 막혔구려야. 일전 허교하기로 약속하지 않았는가.”
형식은 얼마큼 마음에 수치한 생각이 나서 고개를 돌리며,
“아직 그런 말에 익숙지를 못해서……” 하고 말끝을 못 맺는다.
“대관절 어디로 가는 길인가? 급지 않거든 점심이나 하세그려.”
“점심은 먹었는걸.”
“그러면 맥주나 한잔 먹지.”
“내가 술을 먹는가.”
“그만두게. 사나이가 맥주 한 잔도 못 먹으면 어떡한단 말인가. 자 잡말 말고 가세” 하고 손을 끌고 안동파출소 앞 청국 요릿집으로 들어간다.
“아닐세. 다른 날 같으면 사양도 아니하겠네마는” 하고 다른 날이란 말이 이상하게나 아니 들렸는가 하여 가슴이 뛰면서,
“오늘은 좀 일이 있어.”
“일? 무슨 일? 무슨 술 못 먹을 일이 있단 말인가.”
다른 사람 같으면 이러한 경우에 다만 ‘급히 좀 볼일이 있어’ 하면 그만이려니와 워낙 정직하고 나약한 형식이라, 조금이라도 거짓말을 못하여 한참 주저주저하다가,
“세시부터 개인교수가 있어.”
“영어?”
“응.”
“어떤 사람인데 개인교수를 받어?”
형식은 말이 막혔다. 우선은 남의 폐간을 꿰뚫어볼 듯한 두 눈으로 형식의 얼굴을 유심하게 들여다본다. 형식은 눈이 부신 듯이 고개를 숙인다.
“응, 어떤 사람인데 말을 못 하고 얼굴이 붉어지나, 응?”
형식은 민망하여 손으로 목을 쓸어 만지고 하염없이 웃으며,
“여자야.”
“요― 오메데토오[아― 축하하네]. 이이나즈케[약혼한 사람]가 있나 보네그려. 음 나루호도[그러려니]. 그러구도 내게는 아무 말도 없단 말이야. 에, 여보게” 하고 손을 후려친다.
형식은 하도 심란하여 구두로 땅을 파면서,
“아니야. 저, 자네는 모르겠네. 김장로라고 있느니…….”
“옳지, 김장로의 딸일세그려? 응. 저, 옳지, 작년이지. 정신여학교를 우등으로 졸업하고 명년 미국 간다는 그 처녀로구먼. 베리 굿.”
“자네 어떻게 아는가?”
“그것 모르겠나. 이야시쿠모[적어도]신문기자가. 그런데 언제 엥게지먼트를 하였는가.”
“아니오. 준비를 한다고 날더러 매일 한 시간씩 와달라기에 오늘 처음 가는 길일세.”
“아따, 나를 속이면 어쩔 터인가.”
“엑.”
“히히, 그가 유명한 미인이라대. 자네 힘에 웬걸 되겠나마는 잘 얼러 보게. 그러면 또 보세” 하고 대팻밥 벙거지를 벗어 활활 부채를 하며 교동 골목으로 내려간다. 형식은 이때껏 그의 너무 방탕함을 허물하더니 오늘은 도리어 그 파탈하고 쾌활함이 부러운 듯하다.

2
미인이라는 말도 듣기 싫지 아니하거니와 이이나즈케[약혼], 엥게지먼트라는 말이 이상하게 기쁘게 들린다. 그러나 ‘자네 힘에 웬걸 되겠는가’ 하였다. 과연 형식은 아무 힘도 없다. 황금시대에 황금의 힘도 없고, 지식시대에 남이 우러러볼 만한 지식의 힘도 없고, 예수 믿는 지는 오래나 워낙 교회에 뜻이 없으며 교회 내의 신용조차 그리 크지 못하다. 아무 지식도 없고, 아무 덕행도 없는 아이들이 목사나 장로의 집에 자주 다니며 알른알른하는 덕에 집사도 되고, 사찰도 되어 교회 내에서 젠체하는 꼴을 볼 때마다 형식은 구역이 나게 생각하였다. 실로 형식에게는 시체 하이칼라 처자의 애정을 끌 만한 아무 힘도 없다. 이런 생각을 하고 형식은 자연히 낙심스럽기도 하고, 비감스럽기도 하였다. 이럴 즈음에 김광현(金光鉉)이라 문패 붙은 집 대문에 다다랐다. 비록 두 벌 옷도 가지지 말라는 예수의 사도연마는 그도 개명하면 땅도 사고, 수십 인 하인도 부리는 것이라. 김장로는 서울 예수교회 중에도 양반이요 재산가로 두셋째에 꼽히는 사람이라. 집도 꽤 크고 줄행랑조차 십여 간이 늘어 있다. 형식은 지위와 재산의 압박을 받는 듯한, 일변 무섭기도 하고 불쾌하기도 하면서 소리를 가다듬어, “이리 오너라” 하였다. 그러나 그 목소리는 아무리 하여도 뚝 자리가 잡히지 못하고, 시골 사람이 처음 서울 와서 부르는 소리와 같이 어리고 떨리는 맛이 있다.
“안으로 들어오시랍니다” 하는 어멈의 말을 따라 새삼스럽게 가슴을 두근거리면서 중문을 지나 안대청에 오르다. 전 같으면 외객이 중문 안에를 들어설 리가 없건마는 그만하여도 옛날 습관을 많이 고친 것이라. 대청에는 반양식으로 유리문도 하여 달고 가운데는 무늬 있는 책상보 덮은 테이블과 네다섯 개 홍모전 교의가 있고, 북편 벽에 길이나 되는 책상에 신구서적이 쌓였다. 김장로가 웃으면서 툇마루에 나와 형식이가 구두끈 끄르기를 기다려 손을 잡아 인도한다. 형식은 다시 온공하게 국궁례를 드린 후에 권하는 대로 교의에 앉았다. 김장로는 이제 사십오륙 세 되는 깨끗한 중로라. 일찍 국장도 지내고 감사도 지낸 양반으로서 십여 년 전부터 예수교회에 들어가 작년에 장로가 되었다. 김장로가 형식에게 부채를 권하며,
“매우 덥구려. 자 부채를 부치시오.”
“네, 금년 두고 처음인가 봅니다.”
하고 부채를 들어 두어 번 부치고 책상 위에 놓았다. 장로가 책상 위에 놓인 초인종을 두어 번 울리니 건넌방으로서, “네” 하고 열너덧 살 된 예쁜 계집아이가 소반에 유리 대접과 은으로 만든 서양 숟가락을 놓아 내어다가 형식의 앞에 놓는다. 보기만 해도 시원한 복숭아 화채에 한줌이나 될 얼음을 띄웠다. 손이 오기를 기다리고 미리 만들어 두었던 모양이라.
“자, 더운데 이것이나 마시오.”
하고 장로가 친히 숟가락을 들어 형식을 준다. 형식은 사양할 필요도 없다 하여 연해 십여 술을 마셨다. 마음 같아서는 두 손으로 치어들고 죽 들이켜고 싶건마는 혹 남 보기에 체면 없어 보일까 저어하여 더 먹고 싶은 것을 참고 술을 놓았다. 그만하여도 얼마큼 속이 뚫리고 땀이 걷고 정신이 쇄락하여진다. 장로는,
“일전에도 말씀하였거니와 내 딸을 위하여 좀 수고를 하셔야 하겠소. 분주하신 줄도 알지마는 달리 청할 사람이 없소그려. 영어를 아는 사람이야 많겠지오마는 그렇게…… 어…… 말하자면…… 노형 같은 이가 드무시니까.”
하고 잠시 말을 끊고 ‘너는 신용할 놈이지’ 하는 듯이 형식을 본다. 형식은 남이 젊은 딸을 제게 맡기도록 제 인격을 신용하여 주는 것이 한껏 기쁘고, 자랑스러우면서도, 아까 입에 손을 대고 냄새나는 것을 시험하던 생각을 하면 부끄럽고 죄송스러운 마음이 복받쳐 올라온다. 그러나 기실 장로는 여러 사람의 말도 듣고 친히 보기도 하여 형식의 인격을 아주 신용하므로 이번 계약을 맺은 것이라. 여간 잘 알아보지 아니하고야 미국까지 보내려는 귀한 딸을 젊은 교사에게 다만 매일 한 시간씩이라도 맡길 리가 없는 것이라. 장로는 다시 말을 이어,
“하니까 노형께서 맡아서 일년 동안에 무엇을 좀 알도록 가르쳐 주시오.”
“제가 아는 것이 없어서 그것이 민망하올시다.”
“천만에. 영어뿐 아니라 노형의 학식은 내가 다 들어 아는 바요.”
하고 다시 초인종을 울리니, 아까 나왔던 계집아이가 나온다.
“얘, 이것〔화채 그릇〕들여가고 마님께 아씨 데리고 이리 나옵시사고 여쭈어라.”
“네” 하고 소반을 들고 들어가더니, 저편 방에서 소곤소곤하는 소리가 들린다. 형식은 장차 일생에 처음 당하는 무슨 큰일을 기다리는 듯이 속이 자못 덜렁덜렁하며 가슴이 뛰고 두 뺨이 후끈후끈한다. 형식은 장로의 눈에 아니 띄우리만큼 가만가만히 옷깃을 바르고, 몸을 바르고, 눈과 얼굴에 아무쪼록 젊지 아니한 위엄을 보이려 한다.
이윽고 건넌방 발이 들리며 나이 사십이 될락말락한 부인이 연옥색 모시 적삼, 모시 치마에 그와 같이 차린 여학생을 뒤세우고 테이블 곁으로 온다. 형식은 반쯤 고개를 숙이고 일어나서 공손하게 읍하였다. 부인과 여학생도 읍하고, 장로의 가리키는 교의에 걸터앉는다. 형식도 앉았다.
",경성학교 영어 교사 이형식은 오후 두시 사년급 영어 시간을 마치고 내려쪼이는 유월 볕에 땀을 흘리면서 안동 김장로의 집으로 간다.,3781
발가락이 닮았다,김동인,"발가락이 닮았다




노총각 M이 혼약을 하였다.
우리들은 이 소식을 들을 때에 뜻하지 않고 서로 얼굴을 마주보았습니다.
M은 서른두 살이었습니다. 세태가 갑자기 변하면서 혹은 경제문제 때문에, 혹은 적당한 배우자가 발견되지 않기 때문에, 혹은 단지 조혼(早婚)이라 하는 데 대한 반항심 때문에, 늦도록 총각으로 지내는 사람이 많아 가기는 하지만, 서른두 살의 총각은 아무리 생각하여도 좀 너무 늦은 감이 없지 않았습니다. 그래서 그의 친구들은 아직껏 기회가 있을 때마다 그에게 채근 비슷이, 결혼에 대한 주의를 하고 하였습니다. 그러나, M은 언제나 그런 의론을 받을 때마다 (속으로는 매우 흥미를 가진 것이 분명한데) 겉으로는 고소로써 친구들의 말을 거절하고 하였습니다. 그러던 M이 우리의 모르는 틈에 어느덧 혼약을 한 것이외다.
M은 가난하였습니다. 매우 불안정한 어떤 회사의 월급쟁이였습니다. 이 뿌리 약한 그의 경제상태가 그로 하여금 늙도록 총각으로 지내게 한 듯도 합니다. 그리고 이 때문에 친구들은 M의 총각생활을 애석히 생각하여 장가들기를 권하는 것이었습니다.
그러나 나뿐은 M이 장가를 가지 않는 데 다른 종류의 해석을 내리고 있었습니다. 의사라는 나의 직업이 발견한 M의 육체적의 결함―--- 이것 때문에 M은 서른이 넘도록 총각으로 지낸다, 나는 이렇게 믿고 있었습니다.
M은, 학생시대부터 대단한 방탕생활을 하였습니다. 방탕이래야 금전상의 여유가 부족한 그는, 가장 하류에 속하는 방탕을 하였습니다. 오십 전 혹은 일 원만 생기면, 즉시로 우동집이나 유곽으로 달려가던 그였습니다. 체질상, 성욕이 강한 그는, 그 불붙는 성욕을 끄기 위하여 눈앞에 닥치는 기회는 한 번도 놓치지 않았습니다. 친구들을 만날지라도, 음식을 한턱하라기보다 유곽을 한턱하라는 그였습니다.
“질(質)로는 모르지만, 양(量)으로는 세계의 누구에게든 그다지 지지 않을 테다.”
관계한 여인의 수효에 대하여 이렇게 발언하기를 주저치 않으리만치, 그는 선택(選擇)이라는 도정을 밟지 않고 '집어세었'습니다. 스물서너 살에 벌써 이백 명은 넘으리라는 것을 발표하였습니다.
서른 살 때는 벌써 괴승(怪僧) 신돈(辛旽)이를 멀리 눈 아래로 굽어보았을 것입니다. 그런지라, 온갖 성병(性病)을 경험하지 못한 것이 없었습니다. 더구나, 술이 억배요, 그 위에 유달리 성욕이 강한 그는, 성병에 걸린 동안도 결코 삼가지를 않았습니다. 일년 삼백육십여 일 그에게서 성병이 떠나 본 적은 없었습니다. 늘 농이 흐르고, 한 달 건너큼 고환염(睾丸炎)으로써, 걸음걸이도 거북스러운 꼴을 하여 가지고 나한테 주사를 맞으러 오고 하였습니다. 그러는 동안에도, 오십 전, 혹은 일 원만 생기면 또한 성행위를 합니다. 이런지라 무론 그는 생식능력이 없어진 사람이었습니다.
이 일을 잘 아는 나는, M이 결혼을 안 하는 이유를 여기다가 연결시켜 가지고, 그의 도덕심(?)에 동정까지 하고 있었습니다. 일생을 빈곤한 가운데서 보내고, 늙은 뒤에도 슬하도 없이 쓸쓸하게 지낼 그, 더구나 자기를 봉양할 슬하가 없기 때문에, 백발이 되도록 제 손으로 이 고해를 헤엄치어 나갈 그는, 과연 한 가련한 존재이겠습니다.
이렇던 M이 어느덧 우리의 모르는 틈에 우물쭈물 혼약을 한 것이외다.
하기는 며칠 전에 이런 일이 있었습니다. 그날 저녁을 먹은 뒤에, 혼자서 신간 치료보고서를 읽고 있을 때에 M이 찾아왔습니다. 그리고 비교적 어두운 얼굴로서, 내가 묻는 이야기에도 그다지 시원치 않은 듯이 입술엣대답을 억지로 하고 있다가, 이런 질문을 나에게 던졌습니다.
“남자가 매독을 앓으면 생식을 못 하나?”
“괜찮겠지.”
“임질은?”
“글쎄, 고환을 오카사레루(침범당하다)하지 않으면 괜찮어.”
“고환은―--- 내 친구 가운데 고환염을 앓은 사람이 있는데, 인제는 생식을 못 하겠다고 비관이 여간이 아니야. 고환을 오카사레루하면 절대 불가능인가? 양쪽 다 앓았다는데…….”
“그것도 경하게 앓았으면 영향 없겠지.”
“가령 그 경하다 치면, 내가 앓은 게 그게 경한 편일까, 중한 편일까?”
나는 뜻하지 않고 그의 얼굴을 보았습니다. 중하기도 그만치 중하게 앓은 뒤에, 지금 그게 경한 게냐 중한 게냐 묻는 것이 농담으로밖에는 들리지 않았으므로…… M의 얼굴은 역시 무겁고 어두웠습니다. 무슨 중대한 선고를 기다리는 사람과 같이 눈을 푹 내리뜨고 나의 대답을 기다리고 있었습니다. 잠시 그의 얼굴을 바라본 뒤에, 나는 어이가 없어서,
“아주 경한 편이지.”
이렇게 대답하여 버렸습니다.
“경한 편?”
“그럼.”
이리하여 작별을 하였는데, 지금에 이르러 생각하면 그 저녁의 그 문답이 오늘날의 그의 혼약을 이루게 하지 않았는가 합니다.
M이 혼약을 하였다는 기보(奇報)를 가지고 온 것은 T라는 친구였습니다. 그때는 마침 (다 M을 아는) 친구가 너덧 사람 모여 있을 때였습니다.
“골동(骨董) 국보 하나 없어졌다.”
누가 이런 비평을 가하였습니다. 나는 T에게 이렇게 물었습니다.
“그래 연애로 혼약이 된 셈인가요?”
“연애? 연애가 다 무에요. 갈보 나까이밖에는 여자라는 걸 모르는 녀석이, 어디서 연애의 대상을 구하겠소?”
“그럼 지참금(持參金)이라도 있답디까?”
“지참금이란 뉘 집 애 이름이오?”
나는 여기서 이 혼약에 대하여 가장 불유쾌한 한 면을 보았습니다. 삼십이 넘도록 총각으로 지낸 그로서, 연애라 하는 기묘한 정사 때문에 그 절(節)을 굽혔다면, 그것은 도리어 축하할 일이지 책할 일이 아니외다. 지참금을 바라고 혼약을 하였다 하여도, 지금의 세상에 살아가는 우리로서 (더구나 그의 빈곤을 잘 아는 처지인지라) 크게 욕할 수가 없는 일이외다. 그러나 연애도 아니요, 금전문제도 아닌 이 혼약에서는, 가장 불유쾌한 한가지의 결론밖에는 얻을 수가 없습니다.
“그럼―---”
나는 가장 불유쾌한 어조로 이렇게 말하였습니다.
“유곽에 다닐 비용을 경제하기 위하여 마누라를 얻는 셈이구료.”
이 혹평(酷評)에 대하여는 T는 마땅치 않다는 듯이 나를 보았습니다.
“그렇게 혹언할 것도 아니겠지요. M도 벌써 서른두 살이든가, 세 살이든가, 좌우간 그만하면 차차로 자식도 무릎에 앉혀 보고 싶을 게고, 그렇다고 마땅한 마누라를 선택할 길이나 방법은 없고―---”
“자식? 고환염을 그만침이나 심히 앓은 녀석에게 자식? 자식은―---”
불유쾌하기 때문에 경솔히도 직업적 비밀을 입 밖에 내인 나는 하던 말을 중도에 끊어 버렸습니다. 그러나 이미 한 말까지는 도로 삼킬 수가 없었습니다.
“네? 그게 무슨 말씀이오?”
M의 생식능력에 대하여 사면에서 질문이 들어왔습니다.
이미 한 말에 대하여 책임을 지지 않을 수 없는 나는, 그 말을 돌려 꾸미기에 한참 애를 썼습니다. 단언할 수는 없지만 혹은 M은 생식능력이 없을지도 모른다. 그러나 진찰을 안 해본 바이니까, 혹은 또한 생식능력이 있을지도 모른다. M이 너무도 싱거운 혼약을 한 데 대하여 불유쾌하여 그런 혹언은 하였지만 그 말은 취소한다. 이러한 뜻으로 꾸며 대었습니다. 그리고 그 좌석에 있던 스무 살쯤 난 젊은이가,
“외려 일생을 자식 없이 지내면 편치 않아요?”
이러한 의견을 내이는 데 대하여, '젊은이로서는 도저히 이해할 수 없는 혈속의 애정'이라는 문제와, 그 문제를 너무도 무시하는 이즘의 풍조에 대한 논평으로 말머리를 돌려 버리고 말았습니다.
M은 몰래 결혼식까지 하였습니다. 그의 친구들로서 M의 결혼식의 날짜를 미리 안 사람은 한 사람도 없었습니다. 뿐만 아니라, 지금 모두들 제각기 하는 소위 신식 혼례식을 하지 않고, 제 집에서 구식으로 하였습니다. 모 여고보 출신인 신부는 구식 결혼식이 싫다고 하였지만, M이 억지로 한 것이라 합니다.
이리하여 유곽에서는 한 부지런한 손님을 잃어버렸습니다.
“독점이라 하는 건 참 유쾌하거든.”
결혼한 뒤에 M은 어떤 친구에게 이런 말을 하였다 합니다. 비록 연애로써 성립된 결혼은 아니지만, 그다지 실패의 결혼은 아닌 듯하였습니다. 오십 전, 혹은 일 원의 돈을 내어던지고 순간적 성욕의 만족을 사던 이 노총각이, 꿈에도 생각지 못할 독점을 하였으매, 그의 긍지가 작지 않았을 것이외다. 연애결혼은 아니었지만 결혼한 뒤에 연애가 생긴 듯하였습니다. 언제든 음침한 기분이 떠돌던 그의 얼굴이, 그럴싸해서 그런지 좀 밝아진 듯하였습니다.
“복받거라.”
우리들, 더구나 나는 그들의 결혼을 심축하였습니다. 처음에는 한낱 M의 성행위의 기구로 M과 결합게 된 커다란 희생물인 그의 젊은 아내를 위하여, 이것이 행복된 결혼이 되기를 축수하였습니다. 동기는 여하튼 결과에 있어서 아름다운 열매를 맺어라. 너의 아내로서, 한개 '희생물'이 되지 않게 하여라. 어머니로서의 즐거움을 맛볼 기회가 없는 너의 아내에게, 그 대신 아내로서는 남에게 곱 되는 즐거움을 맛보게 하여라. M의 일을 생각할 때마다 진심으로 이렇게 축수하였습니다.
신혼의 며칠이 지난 뒤부터는 M이 자기의 젊은 아내를 학대한다는 소문이 조금씩 들렸습니다. 완력을 사용한단 말까지 조금씩 들렸습니다. 그러나, 나는 이 문제는 그다지 크게 생각지 않았습니다. 이런 소문이 귀에 들어 올 때마다, 나는 {아라비안 나이트}의 마신(魔神)의 이야기를 머릿속에서 되풀이하여 보고 하였습니다.
어떤 어부가 그물질을 하고 있었습니다. 그런데 한번 그물을 끄을어 올리니까 거기는 고기는 없고, 그 대신, 병(甁)이 하나 걸려 있었습니다. 병은 마개가 닫혀 있고, 그 위에 납〔鉛〕으로 굳게 봉함까지 되어 있었습니다. 어부는 잠시 주저한 뒤에 그 병의 봉함을 뜯고 마개를 뽑아 보았습니다. 즉, 병에서는 한 줄기 검은 연기가 하늘로 올라갔습니다. 그리고 하늘로 올라간 그 연기는 차차 뭉쳐서 거기는 커다란 마신이 나타났습니다.
“나를 이 병 속에 감금한 것은 선지자 솔로몬이다. 이 병 속에 갇혀 있는 동안 나는 스스로 맹서하였다. 백 년 안에 나를 구해 주는 사람이 있으면, 나는 그 사람에게 거대한 부(富)를 주겠다고. 그리고 백 년을 기다렸지만 아무도 나를 구해 주는 사람이 없었다. 그래서 나는 다시 맹서했다. 인제 다시 백 년 안으로 나를 구해 주는 사람이 있으면 나는 그 사람에게 이 세상에 있는 보배를 다 주겠다고. 그리고 헛되이 백 년을 더 기다린 뒤에, 백 년을 더 연기해서 그 백 년 안에 나를 구해 주는 사람이 있으면, 그 사람에게 이 세상에서 가장 큰 권세와 영화를 주겠다고―--- 그러나 그 백 년이 다 지나도 역시 구해 주는 사람은 없었다. 그래서 나는 마지막으로 다시 맹서했다. 인제 누구든지 나를 구해 주는 놈이 있거든 당장에 그놈을 죽여서 그새 갇혀 있던 그 분풀이를 하겠다고.”
이것이 병 속에서 나온 마신의 이야기였습니다. M이 자기의 젊은 아내를 학대한다는 소문이 들릴 때에, 나는 이 이야기를 생각지 않을 수가 없었습니다. 삼십이 지나도록 총각으로 지낸 그 고통과 고적함에 대한 분풀이를 제 아내에게 하는 것이라 했습니다. 그리고, 실컷 학대해라 실컷 학대해라, 더욱 축수하였습니다.
M이 결혼한 지 일년이 거의 된 어떤 날 저녁이었습니다. 그와 나는 어떤 곳에서 저녁을 같이 하고 있었습니다.
그의 얼굴은 이날 유난히 어둡고 무거웠습니다. 그는 음식에는 거의 손을 대지 않고 술만 들이켜고 있었습니다. 본시 말이 많지 않은 그가 이날은 더욱 입이 무거웠습니다.
몹시 취하여 더 술을 먹지 못하리만치 되어서, 그는 처음으로 자발적으로 입을 열었습니다. 충혈이 된 그의 눈은 무시무시하게 번득였습니다.
“여보게, 여보게, 속이지 말구 진정으로 말해 주게. 내게 생식능력이 있겠나?”
“글쎄, 검사를 해봐야지.”
나는 이만치 하여 넘기려 하였습니다.
“그럼 한번 진찰해 봐주게.”
“왜 갑자기―---”
그는 곧 대답하려 하였습니다. 그러나 나오려던 말을 삼켰습니다. 그리고 다시 술을 한잔 먹은 뒤에 눈을 푹 내려뜨며 말했습니다.
“아니, 다른 게 아니라, 내게 만약 생식능력이 없다면 저 사람(자기의 아내)이 불쌍하지 않나. 그래서, 없는 게 판명되면, 아직 젊었을 때에 헤져서 저 사람이 제 운명을 다시 개척할 '때'를 줘야지 않겠나? 그래서 말일세.”
“진찰해 보아야지.”
“그럼 언제 해보세.”
그 며칠 뒤에 나는 M의 아내가 임신했다는 소문을 듣고 깜짝 놀랐습니다. 검사해 볼 필요도 없습니다. M은 그 능력이 없을 것입니다. 그런데 M의 아내는 임신했습니다.
그리고 며칠 전에 M이 검사하겠다던 마음을 짐작했습니다. 그것은 결코 그날의 제 말마따나 '아내의 장래를 위하여' 하려는 것이 아니고, 아내에게 대한 의혹 때문에 하여 보려는 것일 것이외다. 자기도 온전히 모르는 바는 아니로되, 십중팔구는 자기는 생식불능자일 텐데 자기의 아내는 임신을 한 것이외다.
생각하면 재미있는 연극이외다. 생식능력이 없는 M은, 그런 기색도 뵈지 않고 결혼을 하였습니다. 그리하여 M에게로 시집을 온 새 아내는 임신을 하였습니다. 제 남편이 생식불능자인 줄을 모르는 아내는, 뻐젓이 자기의 가진 죄의 씨를 M에게 자랑하고 있을 것이외다. 일찍이 자기가 생식불능자인지도 모르겠다는 점을 밝혀 주지 않은 M은, 지금 이 의혹의 구렁텅이에서도 제 아내를 책할 권리가 없을 것이외다. 그가 검사를 하겠다 하나, 검사를 하여서 자기가 불구자인 것이 판명된 뒤에는 어떤 수단을 취할는지 짐작도 할 수가 없습니다. 아내의 음행을 책하자면, 자기의 사기적 행위를 폭로시키지 않을 수가 없을 것이외다. 그것을 감추자면, 제 번민만 더욱 크게 할 것이외다.
어떤 날 그는 검사를 하자고 왔습니다. 그때 마침 환자가 몇 사람 밀려 있던 관계상, 나는 그를 내 사실에 가서 좀 기다리라 하고, 환자 처리를 다 하고 내려갔습니다. 그랬더니 그는 나를 기다리지 않고 돌아가 버렸습니다.
이튿날 그는 다시 왔습니다. 그러나 그는 또 돌아가 버렸습니다.
나도 사실 어찌하여야 할지 똑똑히 마음을 작정치 못했던 것이외다. 검사한 뒤에 당연히 사멸해 있을 생식능력을, 살아 있다고 하자니, 그것은 나의 과학적 양심이 허락지 않는 바외다. 그러나 또한 사멸하였다고 하자니, 이것은 한 사람의 일생을 망쳐 버리는 무서운 선고에 다름없습니다. M이라 하는 정당한 남편을 두고도 불의의 쾌락을 취하는 M의 아내는 분명히 책받을 여인이겠지요.
그러나 또한 다른 편으로 이 사건을 관찰할 때에, 내가 눈을 꾹 감고 그릇된 검안을 내린다면 그로 인하여, 절대로 불가능하던 M이 슬하에 사랑스런 자식(?)을 두고 거기서 노후의 위안도 얻을 수 있을 것이요, 만사가 원만히 해결될 것이외다.
내가 자유로 선택할 수 있는 두 가지의 갈랫길에 서서, 나는 어느 편 길을 취하여야 할지 판단을 주저하고 있었습니다.
이 문제가 사오 일 뒤에 저절로 해결이 되었습니다. 그날도 역시 침울한 얼굴로 찾아온 M에게 대하여 나는 의리상,
“오늘 검사해 보자나?”
하니깐 그는 간단히 대답하였습니다.
“벌써 했네.”
“응? 어디서?”
“P병원에서.”
“그래서 결과는?”
“살았다데.”
“ ? ”
나는 뜻하지 않고 그의 얼굴을 보았습니다. 그것은 의외의 대답을 들은 때문이라기보다 오히려 '살았다데' 하는 그의 음성이 너무 침통하기 때문에…….
이렇게 대답하는 동안 나는 내가 하마터면 질 뻔한 괴로운 임무에서 벗어난 안심을 느끼는 동시에, P병원에서의 검안의 의외에 눈을 크게 뜨지 않을 수가 없었습니다.
내 눈을 만난 M의 눈은 낭패한 듯이 이리저리 돌아다녔습니다. 그리고 나는 그 눈으로 그가 방금 한 말이 거짓말이었음을 알았습니다.
그럼 그는 왜 거짓말을 하였나. 자기의 아내의 명예를 보호하기 위하여? 세상과 및 제 마음을 속여 가면서라도 자식을 슬하에 두어 보기 위하여? 나는 그의 마음을 알 수가 없었습니다.
그가 입을 열었습니다. 무겁고 침울한 음성이었습니다 .
“여보게, 자네 이런 기모치(기분) 알겠나?”
“어떤?”
그는 잠시 쉬어서 말을 시작했습니다.
“월급쟁이가 월급을 받았네. 받은 즉시로 나와서 먹고 쓰고 사고, 실컷 마음대로 돈을 썼네. 막상 집으로 돌아가는 길일세. 지갑 속에 돈이 몇 푼 안 남아 있을 것은 분명해. 그렇지만 지갑을 못 열어 봐. 열어 보기 전에는 혹은 아직은 꽤 많이 남아 있겠거니 하는 요행심도 붙일 수 있겠지만, 급기 열어 보면 몇 푼 안 남은 게 사실로 나타나지 않겠나? 그게 무서워서 아직 있거니, 스스로 속이네그려. 쌀도 사야지. 나무도 사야지. 열어 보면 그걸 살 돈이 없는 게, 사실로 나타날 테란 말이지. 그래서 할 수 있는 대로 지갑에서 손을 멀리하고 제 집으로 돌아오네. 그 기모치 알겠나?”
나는 머리를 끄덕이었습니다.
“알겠네.”
그는 다시 입을 봉하였습니다. 그러나 그때에 나는 알았습니다. M은 검사도 하여 보지 않은 것이외다. 그는 무서워합니다. 그는 검사를 피합니다. 자기의 아내가 임신을 하였습니다. 그것은, 상식으로 판단하여 무론 남편의 아이일 것이외다. 거기에 대하여 의심을 품을 자는 하나도 없을 것이외다. 의심을 품을 필요도 없는 것이외다. 왜? 여인이 남편을 맞으면 원칙상 임신을 하는 것이 당연한 일이니깐.
이 의심할 필요가 없는 일을 의심하다가 향기롭지 못한 결과가 나타나면 이것은 자작지얼(自作之樈)로서 원망을 할 곳이 없을 것이외다.
벌의 둥지를 건드리는 것은 어리석은 짓이외다. 십중팔구는 향기롭지 못한 결과가 나타날 '검사'를 M은 회피한 것이외다. 절망을 스스로 사지 않으려, 그리고 번민 가운데서도 끝끝내 일루의 희망을 붙여 두려 M은 온전히 '검사'라는 위험한 벌의 둥지를 건드리지 않기로 한 것이외다. 그리고 상식으로 판단할 수 있는 (제 아내의 뱃속에 있는) 자식에게 대하여, 억지로 애정을 가져 보려 결심한 것이외다. 검사를 하여서 정충이 살아 있다면 다행한 일이지만, 사멸하였다면 시재 제 아내와의 새에 생길 비극과 분노와 절망은 둘째 두고라도, 일생을 슬하에 혈육이 없이 보내고, 노후에 의탁할 곳을 가질 가능성조차 없는 절망의 지위에 빠지지 않을 수가 없을 것이외다.
이것은 무서운 일이외다. 상식으로 판단할 수 있는 일을 거부하고까지 이런 모험행위를 할 필요가 없을 것이외다.
이리하여 그는 검사는 단념했지만, 마음에 있는 의혹뿐은 온전히 끄지를 못한 모양이었습니다. 그 뒤에 어떤 날, 그는 이런 이야기 저런 이야기 하다가 이런 말을 했습니다.
“자식은 꼭 제 애비를 닮는다면 좋겠구먼…….”
거기 대하여 나는 닮는 예를 여러 가지로 들어서 말하여 주었습니다.
그는 한숨을 쉬었습니다.
“여인이 애를 배면 걱정일 테야. 아버지나 친할아비를 닮는다면 문제가 없겠지만, 외편을 닮거나, 그렇지 않으면, 아무도 닮지 않으면 걱정이 아니겠나. 그저 애비를 닮아야 제일이야, 하하하.”
나는 대답하였습니다.
“글쎄 말이지, 내 전문이 아니니깐 이름은 기억 못 하지만, 독일 소설에 이런 게 있지 않나.「아버지」라나 하는 희곡 말일세. 자식을 낳았는데 제 자식인지 아닌지 몰라서 번민하는 그런 이야기가 있지? 그것도 아버지만 닮으면 문제가 없겠지.”
“아― 아, 다 구찮어.”
M의 아내가 아들을 낳았습니다.
그 아이가 반 년쯤 자랐습니다.
어떤 날 M은 그 아이를 몸소 안고 병을 뵈러 나한테 왔습니다. 기관지가 조금 상하였습니다.
약을 받아 가지고도 그냥 좀 앉아 있던 M은 묻지도 않는 말을 이런 말을 하였습니다.
“이놈이 꼭 제 증조부님을 닮았다거든.”
“그래?”
나는 그의 말에 적지 않은 흥미를 느끼면서 이렇게 응했습니다. 내 눈으로 보자면, 그 어린애와 M과는 아무런 관련도 없는 바인데, 그 애가 M의 할아버지를 닮았다는 것은 기이하므로서…… 어린애의 진편과 외편의 근친(近親)에서 아무도 비슷한 사람을 찾아내지 못한 M의 친척은, 하릴없이 예전의 죽은 조상을 들추어낸 모양이었습니다. 그리고 그 어린애에게, 커다란 의혹과 그보다 더 커다란 희망(의혹이 오해였던 것을 바라는)은 M으로 하여금 손쉽게 그 말을 믿게 한 모양이었습니다. 적어도 신뢰하려고 마음먹게 한 모양이었습니다.
내가 자기의 말에 흥미를 가지는 것을 본 M은, 잠시 주저하다가 그가 예비하였던 둘쨋말을 마침내 꺼내었습니다.
“게다가 날 닮은 데도 있어.”
“어디?”
“이보게.”
M은 어린애를 왼편 팔로 가만히 옮겨서 붙안으면서, 오른손으로는 제 양말을 벗었습니다.
“내 발가락 보게. 내 발가락은 남의 발가락과 달라서 가운데 발가락이 그중 길어. 쉽지 않은 발가락이야. 한데―---”
M은 강보를 들치고 어린애의 발을 가만히 꺼내어 놓았습니다.
“이놈의 발가락 보게. 꼭 내 발가락 아닌가? 닮았거든…….”
M은 열심으로, 찬성을 구하는 듯이 내 얼굴을 바라보았습니다. 얼마나 닮은 곳을 찾아보았기에 발가락 닮은 것을 찾아내었겠습니까.
나는 M의 마음과 노력에 눈물겨워졌습니다. 커다란 의혹 가운데서, 그 의혹을 어떻게 하여서든 삭여 보려는 M의 노력은, 인생의 가장 요절할 비극이었습니다. M이 보라고 내어놓은 어린애의 발가락은 안 보고 오히려 얼굴만 한참 들여다보고 있다가, 나는 마침내 이렇게 말하였습니다.
“발가락뿐 아니라, 얼굴도 닮은 데가 있네.”
그리고 나의 얼굴로 날아오는 (의혹과 희망이 섞인) 그의 눈을 피하면서 돌아앉았습니다.","노총각 M이 혼약을 하였다.
우리들은 이 소식을 들을 때에 뜻하지 않고 서로 얼굴을 마주보았습니다.
",7756
배따라기,김동인,"배따라기




좋은 일기이다.
좋은 일기라도, 하늘에 구름 한 점 없는 - 우리 ‘사람’으로서는 감히 접근 못할 위엄을 가지고, 높이서 우리 조그만 ‘사람’을 비웃는 듯이 내려다보는, 그런 교만한 하늘은 아니고, 가장 우리 ‘사람’의 이해자인 듯이 낮추 뭉글뭉글 엉기는 분홍빛 구름으로서 우리와 서로 손목을 잡자는 그런 하늘이다. 사랑의 하늘이다.
나는 잠시도 멎지 않고, 푸른 물을 황해로 부어 내리는 대동강을 향한, 모란봉 기슭 새파랗게 돋아나는 풀 위에 뒹굴고 있었다.
이날은 삼월 삼질, 대동강에 첫 뱃놀이하는 날이다. 까맣게 내려다보이는 물 위에는, 결결이 반짝이는 물결을 푸른 놀잇배들이 타고 넘으며, 거기서는 봄 향기에 취한 형형색색의 선율이, 우단보다도 부드러운 봄 공기를 흔들면서 날아온다.
그리고 거기서 기생들의 노래와 함께 날아오는 조선 아악(雅樂)은 느리게, 길게, 유장하게, 부드럽게, 그리고 또 애처롭게, 모든 봄의 정다움과 끝까지 조화하지 않고는 안두겠다는 듯이 대동강에 흐르는 시꺼먼 봄 물, 청류벽에 돋아나는 푸르른 푸러음, 심지어 사람의 가슴속에 봄에 뛰노는 불붙는 핏줄기까지라도, 습기 많은 봄 공기를 다리 놓고 떨리지 않고는 두지 않는다.
봄이다. 봄이 왔다.
부드럽게 부는 조그만 바람이, 시꺼먼 조선 솔을 꿰며, 또는 돋아나는 풀을 스치고 지나갈 때의 그 음악은, 다른 데서는 듣지 못할 아름다운 음악이다.
아아, 사람을 취케 하는 푸르른 봄의 아름다움이여! 열 다섯 살부터의 동경(東京) 생활에, 마음껏 이런 봄을 보지 못하였던 나는, 늘 이것을 보는 사람보다 곱 이상의 감명을 여기서 받지 않을 수 없다.
평양성 내에는, 겨우 툭툭 터진 땅을 헤치면 파릇파릇 돋아나는 나무새기와 돋아나려는 버들의 어음으로 봄이 온 줄 알 뿐, 아직 완전히 봄이 안 이르렀지만, 이 모란봉 일대와 대동강을 넘어 보이는 가나안 옥토를 연상시키는 장림(長林)에는 마음껏 봄의 정다움이 이르렀다.
그리고 또 꽤 자란 밀 보리들로 새파랗게 장식한 장림의 그 푸른 빛. 만족한 웃음을 띠고 그 벌에 서서 내다보는 농부의 모양은, 보지 않아도 생각할 수가 있다.
구름은 자꾸 하늘을 날아다니는 모양이다. 그 밀 위에 비치었던 구름의 그림자는 그 구름과 함께 저편으로 물러가며, 거기는 세계를 아까 만들어놓은 것 같은 새로운 녹빛이 퍼져나간다. 바람이나 조금 부는 때는 그 잘 자란 밀들은 물결같이 누웠다 일어났다, 일록 일청으로 춤을 춘다. 그리고 봄의 한가함을 찬송하는 솔개들은, 높은 하늘에서 동그라미를 그리면서 더욱 더 아름다운 봄에 향그러운 정취를 더한다.
“다스한 봄 정에 솟아나리다. 다스한 봄 정에 솟아나리다.”
나는 두어 번 소리나게 읊은 뒤에 담배를 붙여 물었다. 담뱃내는 무럭무럭 하늘로 올라간다. 하늘에도 봄이 왔다.
하늘은 낮았다. 모란봉 꼭대기에 올라가면 넉넉히 만질 수가 있으리만큼 하늘은 낮다. 그리고 그 낮은 하늘보다는 오히려 더 높이 있는 듯한 분홍빛 구름은, 뭉글뭉글 엉기면서 이리저리 날아다닌다.
나는 이러한 아름다운 봄 경치에 이렇게 마음껏 봄의 속삭임을 들을 때는, 언제든 유토피아를 아니 생각할 수 없다. 우리가 시시각각으로 애를 쓰며 수고하는 것은 - 그 목적은 무엇인가? 역시 유토피아 건설에 있지 않을까? 유토피아를 생각할 때는 언제든 그 ‘위대한 인격의 소유자’며 ‘사람의 위대함을 끝까지 즐긴’ 진나라 시황(秦始皇)을 생각지 않을 수 없다.
우리가 어찌하면 죽지를 아니할까 하여, 소년 삼백을 배를 태워 불사약을 구하러 떠나보내며, 예술의 사치를 다하여 아방궁을 지으며 매일 신하 몇 천 명과 잔치로써 즐기며, 이리하여 여기 한 유토피아를 세우려던 시황은, 몇만의 역사가가 어떻다고 욕을 하든, 그는 정말로 인생의 향락자며 역사 이후의 제일 큰 위인이라고 할 수가 있다. 그만한 순전한 용기있는 사람이 있고야 우리 인류의 역사는 끝이 날지라도 한 ‘사람’을 가졌었다고 할 수 있다.
“큰사람이었었다.”
하면서 나는 머리를 들었다.
이때다. 기자묘 근처에서 무슨 슬픈 음률이, 봄 공기를 진동시키며 날아오는 것이 들렸다.
나는 무심코 귀를 기울였다.
‘영유 배따라기’다. 그것도 웬만한 광대나 기생은 발꿈치에도 미치지 못하리만큼 - 그만큼 그 배따라기의 주인은 잘 부르는 사람이었다.
비나이다, 비나이다.
산천후토 일월성신 하나님전 비나이다.
실낱같은 우리목숨 살려달라 비나이다.
에에야, 어그여지야.
여기까지 이르렀을 때에 저편 아래 물에서 장고 소리와 함께 기생의 노래가 울리어오며 배따라기는 그만 안 들리게 되었다. 나는 이년 전 한여름을 영유서 지내본 일이 있다. 배따라기의 본고장인 영유를 몇 달 있어본 사람은 그 배따라기에 대하여 언제든 한 속절없는 애처로움을 깨달을 것이다.
영유, 이름은 모르지만 산에 올라가서 내려다보면 앞은 망망한 황해이니, 그곳 저녁때의 경치는 한번 본 사람은 영구히 잊을 수가 없으리라. 불덩이 같은 커다란 시뻘건 해가, 남실남실 넘치는 바다에 도로 빠질 듯, 도로 솟아오를 듯 춤을 추며, 거기서 때때로 보이지 않는 배에서 배따라기만 슬프게 날아오는 것을 들을 때엔 눈물 많은 나는 때때로 눈물을 흘렸다. 이로 보아서, 어떤 원의 아내가 자기의 모든 영화를 낡은 신같이 내어 던지고 뱃사람과 정처 없는 물길을 떠났다 함도 믿지 못할 말이랄 수가 없다.
영유서 돌아온 뒤에도 그 배따라기는 내 마음에 깊이 새기어져 잊을 수가 없었고 언제 한번 다시 영유를 가서 그 노래를 한번 더 들어보고 그 경치를 다시 한번 보고 싶은 생각이 늘 떠나지를 않았다.
장고소리와 기생의 노래는 멎고 배따라기만 구슬프게 날아온다. 결결이 부는 바람으로 말미암아 때때로는 들을 수가 없으되, 나의 기억과 곡조를 종합하여 들은 배따라기는 이 대목이다.
강변에 나왔다가
나를 보더니만,
혼비백산하여
꿈인지 생시인지
와르륵 달려들어
섬섬옥수로 부처잡고,
호천망극 하는 말이
‘하늘로서 떨어지며
땅으로서 솟아났나.
바람결에 묻어오고
구름길에 쌔여왔나.’
이리 서로 붙들고 울음 울 제,
인리 제인이며
일가 친척이 모두 모여,
여기까지 들은 나는 마침내 참지 못하고 벌떡 일어서서 소나무가지에 걸었던 모자를 내려쓰고, 그곳을 찾으러 모란봉 꼭대기에 올라섰다. 꼭대기는 좀더 노래 소리가 잘 들린다. 그는 배따라기의 맨 마지막, 여기를 부른다.
밥을 빌어서
죽을 쑬지라도
제발덕분에
뱃놈 노릇은 하지 말아.
에에야 어그여지야
그의 소리로써 방향을 찾으려던 나는, 그만 그 자리에 섰다.
‘어딘가? 기자묘? 혹은 을밀대?’
그러나 나는 오래 서 있을 수가 없었다. 어떻든 찾아보자 하고, 현무문으로 가서 문 밖에 썩 나섰다. 기자묘의 깊은 솔밭은 눈앞에 쫙 퍼진다.
‘어딘가?’
나는 또 물어보았다.
이때에 그는 또다시 배따라기를 시초부터 부른다. 그 소리는 왼편에서 온다.
왼편이구나 하면서, 소리 나는 곳을 더듬어서 소나무 틈으로 한참 돌다가, 겨우 기자묘 치고는 그중 하늘이 넓고 밝은 곳에, 혼자서 뒹굴고 있는 그를 찾아내었다. 나의 생각한 바와 같은 얼굴이다. 얼굴, 코, 입, 눈, 몸집이 모두 네모나고 - 그의 이마의 굵은 주름살과 시꺼먼 눈썹은, 고생 많이 함과 순진한 성격을 나타낸다.
그는 어떤 신사가 자기를 들여다보는 것을 보고, 노래를 그치고 일어나 앉는다.
“왜? 그냥 하지요.”
하면서 나는 그의 곁에 가 앉았다.
“머…”
한 뿐 그는 눈을 들어서 터진 하늘을 쳐다본다.
좋은 눈이었다. 바다의 넓고 큼이, 유감없이 그의 눈에 나타나 있다. 그는 뱃사람이라 나는 짐작하였다.
“고향이 영유요?”
“예, 머, 영유서 나기는 했디만, 한 이십 년 영윤 가보디두 않았이요.”
“왜, 이십 년씩 고향엘 안가요?”
“사람의 일이라니, 마음대로 됩데까?”
그는 왜 그러는지, 한숨을 짓는다.
“거저, 운명이 데일 힘셉디다.”
운명의 힘이 제일 세다는 그의 소리는 삭이지 못할 원한과 뉘우침이 섞여 있다.
“그래요?”
나는 다만 그를 건너다볼 뿐이다.
한참 잠잠하니 있다가 나는 다시 말하였다.
“자 노형의 경험담이나 한번 들어봅시다. 감출 일이 아니면 한번 이야기해보소.”
“머, 감출 일은…”
“그럼, 어디 들어봅시다그려.”
그는 다시 하늘을 쳐다보았다. 그러나 좀 있다가,
“하디요.”
하면서 내가 담배를 붙이는 것을 보고 자기도 담배를 붙여물고 이야기를 꺼낸다.
“잊히디두 않는 십 구 년 전 팔월 열 하룻날 일인데요.”
하면서 그가 이야기한 바는 대략 이와 같은 것이다.
그의 살던 마을은 영유 고을서 한 이십 리 떠나 있는 바다를 향한 조그만 어촌이다. 그의 살던 조그만 마을(설흔 집쯤 되는)에서는 그는 꽤 유명한 사람이었다.
그의 부모는 모두 열댓에 났을 때 돌아갔고, 남은 사람이라고는 곁집에 딴살림하는 그의 아우 부처와 그 자기 부처뿐이었다. 그들 형제가 그 마을에서 제일 부자이고 또 제일 고기잡이를 잘하였고, 그중 글이 있었고 배따라기도 그 마을에서 빼나게 그 형제가 잘 불렀다. 말하자면 그 형제가 그 동네의 대표적 사람이었다.
팔월 보름은 추석명절이다. 팔월 열 하룻날 그는 명절에 쓸 장도 볼 겸, 그의 아내가 늘 부러워하는 거울도 하나 사올 겸, 장으로 향하였다.
“당손네 집에 있는 것보다 큰 거이요 잊디 말구요.”
그의 아내는 길까지 따라나오면서 잊지 않도록 부탁하였다.
“안 잊어.”
하면서 그는 떠오르는 새빨간 햇빛을 앞으로 받으면서 자기 마을을 나섰다.
그는 아내를(이렇게 말하기는 우습지만) 고와했다. 그의 아내는 촌에서는 드물도록 연연하고도 예쁘게 생겼다(그는 나에게 이렇게 말하였다).
“성내(평양) 덴줏골(갈보촌)을 가두 그만한 거 쉽디 않갔이요.”
그러니까 촌에서는, 그리고 그 당시에는 남에게 우습게 보이도록 그 내외의 사이는 좋았다. 늙은이들은 계집에게 혹하지 말라고 흔히 그에게 권고하였다.
부처의 사이는 좋았지만 - 아니, 오히려 좋으므로 그는 아내에게 샘을 많이 하였다. 그리고 그의 아내는 시기를 받을 일을 많이 하였다. 품행이 나쁘다는 것이 아니라, 그의 아내는 대단히 천진스럽고 쾌활한 성질로서 아무에게나 말 잘하고 애교를 잘 부렸다.
그 동네에서는 무슨 명절이나 되면, 집이 그중 정결함을 핑계삼아 젊은이들은 모두 그의 집에 모이고 하였다. 그 젊은이들은 모두 그의 아내에게 ‘아즈마니’라 부르고, 그의 아내는 아내라 ‘아즈바니 아즈바니’ 하며 그들과 지껄이고 즐기며 그 웃기 잘하는 입에는 늘 웃음을 흘리고 있었다.
그럴 때마다 그는 한편 구석에서 눈만 할끈거리며 있다가 젊은이들이 돌아간 뒤에는 불문곡직하고 아내에게 덤비어들어, 발길로 차고 때리며, 이전에 사다주었던 것을 모두 걷어올린다. 싸움을 할 때에는 언제든 곁집에 있는 아우 부처가 말리러 오며, 그렇게 되면 언제든 그는 아우 부처까지 때려주었다.
그가 아우에게 그렇게 구는 데는 이유가 있었다. 그의 아우는 시골 사람에게는 쉽지 않도록 늠름한 위엄이 있었고, 매일 바닷바람을 쏘였지만 얼굴이 희었다. 이것 뿐으로도 시기가 된다 하면 되지만, 특별히 아내가 그의 아우에게 친절히 하는 데는, 그는 속이 끓어 못 견디었다.
그가 영유를 떠나기 반년 전쯤 ? 다시 말하자면 그가 거울을 사러 장에 갈 때부터 반년 전쯤 그의 생일날이었다. 그의 집에서는 음식을 차려서 잘 먹었는데, 그에게는 괴상한 버릇이 있었으니, 맛있는 음식은 남겨두었다가 좀 있다 먹고 하는 것이 습관이었다.
그의 아내도 이 버릇은 잘 알 터인데 그의 아우가 점심때쯤 오니까, 아까 그가 아껴서 남겨두었던 그 음식을 아우에게 주려 하였다. 그는 눈을 부릅뜨고 ‘못 주리라’고 암호하였지만 아내는 그것을 보았는지 못 보았는지 그의 아우에게 주어버렸다. 그는 마음속이 자못 편치 못하였다. 트집만 있으면 이년을…, 그는 마음먹었다.
그의 아내는 시아우에게 상을 준 뒤에 물러오다가 그만 그의 발을 조금 밟았다.
“이년!”
그는 힘껏 발을 들어서 아내를 냅다 찼다. 그의 아내는 상 위에 꺼꾸러졌다가 일어난다.
“이년, 사나이 발을 짓밟는 년이 어디 있어!”
“거 좀 밟아서 발이 부러텟쉐까?”
아내는 낯이 새빨개져서 울음 섞인 소리로 고함친다.
“이년! 말대답이…”
그는 일어서서 아내의 머리채를 휘어잡았다.
“형님! 왜 이리십니까?”
아우가 일어서면서 그를 붙잡았다.
“가만 있거라, 이놈의 자식.”
하며, 그는 아우를 밀친 뒤에 아내를 되는대로 내리찧었다.
“죽일 년, 이년! 나가거라!”
“죽여라, 죽여라! 난, 죽어도 이 집에선 못 나가!”
“못 나가?”
“못 나가디 않구. 뉘 집이게…”
이때다. 그의 마음에는 그 '못 나가겠다'는 아내의 마음이 폭 들이박혔다. 그 이상 때리기가 싫었다. 우두커니 눈만 흘기고 있다가 그는,
“망할 년, 그럼 내가 나갈라.”
하고 그만 문 밖으로 뛰어나와서,
“형님, 어디 갑니까?”
하는 아우의 말에는 대답도 안하고, 곁 동네 탁주 집으로 뒤도 안 돌아보고 가서, 거기 있는 술 파는 계집과 술상 앞에 마주앉았다.
그날 저녁, 얼근히 취한 그는 아내를 위하여 떡을 한 돈어치 사 가지고 집으로 돌아왔다. 이리하여 또 서너 달은 평화가 이르렀다. 그러나 이 평화가 언제까지든 계속될 수가 없었다. 그의 아우로 말미암아 또 평화는 쪼개져나갔다.
오월 초승부터 영유 고을 출입이 잦던 그의 아우는 오월 그믐께부터는 고을서 며칠씩 묵어오는 일이 많았다. 함께, 고을에 첩을 얻어두었다는 소문이 퍼졌다. 이 소문이 있은 뒤는 아내는 그의 아우가 고을 들어가는 것을 벌레보다도 더 싫어하고, 며칠 묵어서 오는 때면 곧 아우의 집으로 가서 그와 담판을 하며 심지어 동서 되는 아우의 처에까지 못 가게 하지 않는다고 싸우는 일이 있었다.
칠월 초승께 그의 아우는 고을에 들어가서 열흘쯤 묵어온 일이 있었다. 이때도 전과 같이 그의 아내는 그의 아우며 계수와 싸우다 못하여, 마침내 그에게까지 와서 아우가 그런 못된 데를 다니는 것을 그냥 둔다고, 해보자 한다. 그 꼴을 곱게 보지 않았던 그는 첫마디로 고함을 쳤다.
“네게 상관이 무에가? 듣기 싫다.”
“못난둥이. 아우가 그런 델 댕기는 걸 말리디두 못하고!”
분김에 이렇게 그의 아내는 고함쳤다.
“이년, 무얼?”
그는 벌떡 일어섰다.
“못난둥이!”
그 말이 채 끝나기 전에 그의 아내는 악 소리와 함께 그 자리에 꺼꾸러졌다.
“이년! 사나이게 그따윗 말버릇 어디서 배완!”
“에미네 때리는 건 어디서 배왔노? 못난둥이!”
그의 아내는 울음소리로 부르짖었다.
“상년 그냥? 나갈! 우리 집에 있디 말구 나갈!”
그는 내리찧으면서 부르짖었다. 그리고 아내를 문을 열고 밀쳤다.
“나가디 않으리.”
하고 그의 아내는 울면서 뛰어나갔다.
“망한 년!”
토하는 듯이 중얼거리고 그는 그 자리에 주저앉았다.
그의 아내는 해가 져서 어두워져도 돌아오지 않았다. 일단 내어쫓기는 하였지만, 그는 아내의 돌아옴을 기다리고 있었다. 어두워져서도 그는 불도 안 켜고, 성이 나서 우들우들 떨면서 아내의 돌아오기를 기다렸다. 그러나 그의 아내의 참 기쁜 듯이 웃는 소리가 그의 아우의 집에서 밤새도록 울리었다. 그는 움쩍도 안하고 그 자리에 앉아서 밤을 새운 뒤에, 새벽 동터올 때 아내와 아우를 죽이려고 부엌에 가서 식칼을 가지고 들어와서 문을 벌컥 열었다.
그의 아내로서 만약 근심스러운 얼굴을 하고 그 문 밖에 우두커니 서서 문을 들여다보고 있지 않았더면, 그는 아내와 아우를 죽이고야 말았으리라.
그는 아내를 보는 순간, 마음에 가득 차는 사랑을 깨달으면서, 칼을 내던지고 뛰어나가서 아내의 머리채를 휘어잡고 이년 하면서 들어와서 뺨을 물어뜯으면서 함께 이리저리 자빠져서 뒹굴었다.
그런 이야기는 다 하려면 끝이 없으되 다만 ‘그’ ‘그의 아내’ ‘그의 아우’ 세 사람의 삼각 관계는 대략 이와 같았다….
거울은 마침 장에 마음에 맞는 것이 있었다. 지금 것과 대보면, 어떤 때는 코도 크게 보이고 입이 작게도 보이는 것이지만, 그 당시에는 그리고 그런 촌에서는 둘도 없는 귀물이었다. 거울을 사 가지고 장을 본 뒤에 그는 이 거울을 아내에게 주면 그 기뻐할 모양을 생각하며, 새빨간 저녁 햇빛을 받는, 넘치는 듯한 바다를 안고 자기 집으로, 늘 들러오던 탁주 집에도 안 들러서 돌아왔다.
그러나 그가 그의 집 방안에 들어설 때에는, 뜻도 안 하였던 광경이 그의 눈에 벌어져 있었다.
방 가운데는 떡 상이 있고, 그의 아우는 수건이 벗어져서 목 뒤로 늘어지고, 저고리 고름이 모두 풀어져 가지고 한편 모퉁이에 서 있고, 아내도 머리채가 모두 뒤로 늘어지고, 치마가 배꼽 아래로 늘어지도록 되어 있으며, 그의 아내와 아우는 그를 보고, 어찌할 줄을 모르는 듯이, 움찍도 안하고 서 있었다.
세 사람은 한참 동안 어이가 없어서 서 있었다. 그러나 좀 있다가 마침내 그의 아우가 겨우 말했다.
“그놈의 쥐 어디 갔니?”
“흥! 쥐? 훌륭한 쥐 잡댔구나!”
그는 말을 끝내지도 않고, 짐을 벗어던지고, 뛰어가서 아우의 멱살을 끌어잡았다.
“형님! 정말 쥐가…”
“쥐? 이놈! 형수하고 그런 쥐 잡는 놈이 어디 있니?”
그는 아우를 따귀를 몇 대 때린 뒤에 등을 밀어서 문 밖에 내어던졌다. 그런 뒤에 이제 자기에게 이를 매를 생각하고, 우들우들 떨면서 아랫목에 서 있는 아내에게 달려들었다.
“이년! 시아우와 그런 쥐 잡는 년이 어디 있어?”
그는 아내를 꺼꾸러뜨리고 함부로 내리찧었다.
“정말 쥐가… 아이 죽겠다.”
“이년! 너두 쥐? 죽어라!”
그의 팔다리는 함부로 아내의 몸에 오르내렸다.
“아이 죽갔다. 정말 아까 적으니(시아우) 왔기에 떡 자시라구 내놓았더니…”
“듣기 싫다! 시아우 붙은 년이, 무슨 잔소릴…”
“아이, 아이, 정말이야요. 쥐가 한 마리 나…”
“그냥 쥐?”
“쥐 잡을래다가…”
“샹년! 죽어라! 물에래두 빠데 죽얼!”
그는 실컷 때린 뒤에, 아내도 아우처럼 등을 밀어 쫓았다. 그 뒤에 그의 등으로,
“고기 배때기에 장사해라!”
토하였다.
분풀이는 실컷 하였지만, 그래도 마음속이 자못 편치 못하였다. 그는 아랫목으로 가서, 바람벽을 의지하고 실신한 사람같이 우두커니 서서 떡 상만 들여다보고 있었다.
한 시간… 두 시간….
서편으로 바다를 향한 마을이라, 다른 곳보다는 늦게 어둡지만, 그래도 술시(戌時) 쯤 되어서는 깜깜하니 어두웠다. 그는 불을 켜려고 바람벽에서 떠나 성냥을 찾으러 돌아갔다.
성냥은 늘 있던 자리에 있지 않았다. 그래서 여기저기 뒤적이노라니까, 어떤 낡은 옷 뭉치를 들칠 때에 문득 쥐 소리가 나면서 무엇이 후더덕 튀어나온다. 그리하여 저편으로 기어서 도망한다.
“역시 쥐댔구나!”
그는 조그만 소리로 부르짖었다. 그리고 그만 그 자리에 맥없이 덜썩 주저앉았다.
아까 그가 보지 못한 때의 광경이, 활동사진과 같이 그의 머리에 지나갔다.
아우가 집에를 온다. 아우에게 친절한 아내는 떡을 먹으라고 아우에게 떡 상을 내놓는다. 그때에 어디선가 쥐가 한 마리 뛰어나온다. 둘(아우와 아내)이서는 쥐를 잡느라고 돌아간다. 한참 성화시키던 쥐는 어느 구석에 숨어버린다. 그들은 쥐를 찾느라고 두룩거린다. 그럴 때에 그가 집에 들어선 것이다.
“상년. 좀 있으믄 안 들어오리…”
그는 억지로 마음먹고 그 자리에 드러누웠다.
그러나 아내는 밤이 가고 날이 밝기는커녕, 해가 중천에 올라도 돌아오지를 않았다. 그는 차차 걱정이 나서 찾아보러 나섰다.
아우의 집에도 없었다. 동네를 모두 찾아보아도 본 사람도 없다 한다.
그리하여, 낮쯤 한 삼사 리 내려가서 바닷가에서 겨우 아내를 찾기는 찾았지만, 그 아내는 이전 같은 생기로 찬 산 아내가 아니요, 몸은 물에 불어서 곱이나 크게 되고, 이전에 늘 웃음을 흘리던 예쁜 입에는 거품을 잔뜩 물은, 죽은 아내였다.
그는 아내를 업고 집으로 돌아오기까지 정신이 없었다.
이튿날 간단하게 장사를 하였다. 뒤에 따라오는 아우의 얼굴에는,
‘형님, 이게 웬일이오니까?’
하는 듯한 원망이 있었다.
장사를 지낸 이튿날부터 아우는 그 조그만 마을에서 없어졌다. 하루 이틀은 심상히 지냈지만, 닷새가 지나도 아우는 돌아오지 않았다. 그래서 알아보니까, 꼭 그의 아우같이 생긴 사람이 오륙 일 전에 멧산자 보따리를 하여 진 뒤에, 시뻘건 저녁 해를 등으로 받고 더벅더벅 동쪽으로 가더라 한다. 그리하여 열흘이 지나고 스무날이 지났지만, 한번 떠난 그의 아우는 돌아올 길이 없고, 혼자 남은 아우의 아내는 매일 한숨으로 세월을 보내게 되었다.
그도 이것을 잠자코 보고 있을 수가 없었다. 그 불행의 모든 죄는 죄 그에게 있었다.
그도 마침내 뱃사람이 되어, 적으나마 아내를 삼킨 바다와 늘 접근하며, 가는 곳마다 아우의 소식을 알아보려고, 어떤 배를 얻어 타고 물길을 나섰다.
그는 가는 곳마다 아우의 이름과 모습을 말하여 물었으나, 아우의 소식은 알 수가 없었다.
이리하여 꿈결같이 십 년을 지내서 구년 전 가을, 탁탁히 낀 안개를 꿰며 연안(延安) 바다를 지나가던 그의 배는, 몹시 부는 바람으로 말미암아 파선을 하여 벗 몇 사람은 죽고, 그는 정신을 잃고 물위에 떠돌고 있었다.
그가 정신을 차린 때는 밤이었다. 그리고 어느덧 그는 뭍 위에 올라와 있었고 그를 말리우느라고 새빨갛게 피워놓은 불빛으로 자기를 간호하는 아우를 보았다.
그는 이상히도 놀라지 않고, 천연하게 물었다.
“너, 어ㅅ개(어떻게) 여기 완?”
아우는 잠자코 한참 있다가 겨우 대답하였다.
“형님, 거저 다 운명이왼다.”
따뜻한 불기운에 깜빡 잠이 들려다가 그는 화닥닥 깨면서 또 말했다.
“십 년 동안에 되게 파랬구나.”
“형님, 나두 변했거니와 형님도 몹시 늙으셨쉐다.”
이 말을 꿈결같이 들으면서 그는 또 혼혼히 잠이 들었다. 그리하여 두어 시간, 꿀보다도 단 잠을 잔 뒤에 깨어보니, 아까같이 빨간 불은 피어 있지만 아우는 어디로 갔는지 없어졌다. 곁의 사람에게 물어보니까 아까 아우는 형의 얼굴을 물끄러미 한참 들여다보고 있다가, 새빨간 불빛을 등으로 받으면서, 더벅더벅 아무말 없이 어두움 가운데로 사라졌다 한다.
이튿날 아무리 알아보아야 그의 아우는 종적이 없어지고 알 수 없으므로, 그는 하릴없이 다른 배를 얻어 타고 또 물길을 떠났다. 그리하여 그의 배가 해주에 이르렀을 때, 그는 해주장에 들어가서 무엇을 사려다가, 저편 맞은편 가게에 걸핏 그의 아우 같은 사람이 있으므로 뛰어가서 보니 그는 벌써 없어졌다. 배가 해주에는 오래 머물지 않으므로 그는 마음은 해주에 남겨두고, 또다시 바닷길을 떠났다.
그 뒤에 삼 년을 이리저리 돌아다녔어도 아우는 다시 볼 수가 없었다.
그리하여 삼 년을 지내서 지금부터 육 년 전에, 그의 탄 배가 강화도를 지날 날에, 바다를 향한 가파로운 뫼켠에서 바다를 향하여 날아오는 배따라기를 들었다. 그것도 어떤 구절과 곡조는 그의 아우 특식으로 변경된 - 그의 아우가 아니면 부를 사람이 없는, 그 배따라기이다.
배가 강화도에는 머무르지 않아서 거저 지나갔으나, 인천서 열흘쯤 머무르게 되었으므로, 그는 곧 내려서 강화도로 건너가 보았다. 거기서 이리저리 찾아다니다가, 어떤 조그만 객주집에서 물어보니, 이름도 그의 아우요, 생긴 모습도 그의 아우인 사람이 묵어 있기는 하였으나, 사나흘 전에 도로 인천으로 갔다 한다. 그는 곧 돌아서서 인천으로 건너와서 찾아보았지만, 그 조그만 인천서도 그의 아우를 찾을 바이 없었다.
그 뒤에 눈 오고 비 오며, 육년이 지났지만, 그는 다시 아우를 만나보지 못하고 아우의 생사까지도 알 수가 없다.
말을 끝낸 그의 눈에는 저녁 해에 반사하여 몇 방울의 눈물이 반짝인다.
나는 한참 있다가 겨우 물었다.
“노형 계수는?”
“모르디오. 이십 년을 영유는 안가봤으니낀요.”
“노형은 이제 어디루 갈 테요?”
“것두 모르디요. 덩처가 있나요? 바람 부는 대로 몰려댕기디오.”
그는 다시 한번 나를 위하여 배따라기를 불렀다. 아아, 그 속에 잠겨 있는 삭이지 못할 뉘우침, 바다에 대한 애처로운 그리움.
노래를 끝낸 다음에 그는 일어서서 시뻘건 저녁 해를 잔뜩 등으로 받고, 을밀대로 향하여 더벅더벅 걸어간다. 나는 그를 말릴 힘이 없어서, 멀거니 그의 등만 바라보고 앉아 있었다.
그날 밤, 집에 돌아와서도 그 배따라기와 그의 숙명적 경험담이 귀에 쟁쟁히 울리어서 잠을 못 이루고, 이튿날 아침 깨어서 조반도 안먹고 기자묘로 뛰어가서 또다시 그를 찾아보았다. 그가 어제 깔고 앉았던 풀은 모두 한편으로 누워서 그가 다녀감을 기념하되, 그는 그 근처에 보이지 않았다. 그러나 - 그러나 배따라기는 어디선가 쟁쟁히 울리어서 모든 소나무들을 떨리지 않고는 안 두겠다는 듯이 날아온다.
“모란봉(牡丹峰)이다. 모란봉에 있다.”
하고 나는 한숨에 모란봉으로 뛰어갔다. 모란봉에는 사람이 하나도 없다. 부벽루(浮碧樓)에도 없다.
“을밀대(乙密臺)다.”
하고 나는 다시 을밀대로 갔다. 을밀대에선 부벽루를 연한, 지옥까지 연한 듯한 골짜기에 물 한 방울을 안 새이리라고 빽빽이 난 소나무의 그 모든 잎잎은 떨리는 배따라기를 부르고 있지만, 그는 여기도 있지 않다. 기자묘의, 하늘을 향하여 퍼져나간 그 모든 소나무의 천만의 잎잎도, 그 아래쪽 퍼진 천만의 풀들도, 모두 그 배따라기를 슬프게 부르고 있지만, 그는 이 조그만 모란봉 일대에서 찾을 수가 없었다.
강가에 나가서 알아보니, 그의 배는 오늘 새벽에 떠났다 한다. 그 뒤에 여름과 가을이 가고 일년이 지나서 다시 봄이 이르렀으되, 잠깐 평양을 다녀간 그는 그 숙명적 경험담과 슬픈 배따라기를 두었을 뿐, 다시 조그만 모란봉에 나타나지 않는다.
모란봉과 기자묘에 다시 봄이 이르러서, 작년에 그가 깔고 앉아서 부러졌던 풀들도 다시 곧게 대가 나서 자주빛 꽃이 피려 하지만 끝없는 뉘우침을 다만 한낱 배따라기로 하소연하는 그는, 이 조그만 모란봉과 기자묘에서 다시 볼 수가 없었다. 다만 그가 남기고 간 배따라기만 추억하는 듯이 모든 잎잎이 속삭이고 있을 따름이다.","좋은 일기이다.
좋은 일기라도, 하늘에 구름 한 점 없는 - 우리 ‘사람’으로서는 감히 접근 못할 위엄을 가지고, 높이서 우리 조그만 ‘사람’을 비웃는 듯이 내려다보는, 그런 교만한 하늘은 아니고, 가장 우리 ‘사람’의 이해자인 듯이 낮추 뭉글뭉글 엉기는 분홍빛 구름으로서 우리와 서로 손목을 잡자는 그런 하늘이다. 사랑의 하늘이다.",9387
별을 쫓는 사람들,E. E. 에반스,"별을 쫒는 사람들
무서운 소리가 났고, 이어서 심한 충격이 우주정을 흔들었습니다. 존은 들고 있던 책을 떨어뜨리고는 펄쩍 뛰어올랐습니다. 존은 한참 후에야 정신을 차렸습니다.
그런데 어디선가 씨익 하는 소리가 아주 희미하게 들려 왔습니다. 그것은 공기가 새어 나가는 소리 같기도 했습니다.
충돌 직후 멀리에서 아버지와 어머니가 내지른 외마디 비명이 생각났습니다.
빨리 새어나가는 공기를 막지 못한다면…….
존은 정신이 혼미한 중에서도 공기가 새어나가는 일이 걱정이었습니다.
""무슨 일이야, 존?""
형이 소리쳤습니다. 존은 벽에 아주 조그만 구멍이 뚫려 있는 것을 발견했습니다. 손가락 하나가 들어갈 정도의 구멍이었습니다.
주머니에서 손수건을 꺼내어 둘둘 뭉쳐 눌렀습니다.
그러나 그 정도로 해결될 일이 아니었습니다. 당황한 존은 비상용 수리함 쪽으로 달려가, 조그만 금속판을 떼어 가지고 와서 벽의 구멍에 갖다 대었습니다.
'이러고 있을 수만은 없지 않아. 밖에 나가서 고쳐야 하겠어.'
밖으로 나가려다가 문득 존은 이상한 생각이 들었습니다.
'왜 형이나 아버지, 어머니는 도와주러 오지 않는 걸까?'
존은 서둘러 모두가 있는 곳으로 가 보았습니다.
놀랍게도 아버지는 바닥에 쓰러져 있었고. 어머니는 그 옆에서 울고 있었습니다.
""무슨 일이죠 ? 형, 도대체 왜 이래요 ?""
잭은 힘없이 대답했습니다.
""쓰러져서 머리를 다치셨단다. 다리까지 부러지시고…….""
존은 어머니 옆에 앉아, 어머니의 어깨를 안았습니다.
이 몇 해 동안 존은 키가 무척 커지기는 했지만, 아직 16세의 소년에 불과했습니다.
잭은 아버지가 누울만한 곳을 만들고, 구급 상자에서 약을 꺼내 다친 곳을 치료하기 시작했습니다.
우주정의 조종은 서툴렀지만, 형은 이런 일에는 매우 민첩했습니다. 형은 벌써 아버지의 다친 머리 상처에 약을 바르기 위해 면도까지 해 놓았습니다.
어머니가 존에게 말했습니다.
""존, 넌 이 우주정을 조종할 수 있겠지. 얼른 되돌아가자꾸나. 어느 별에 병원이 있을까?""
존은 놀라 어머니를 바라보았습니다. 어머니도 우주정의 조정법을 알고 있을 거라고 믿었는데, 아마 그렇지 않은 모양이었습니다.
""어머니, 우주정 조정은 땅 위에서 자동차를 운전하는 것과는 틀려요. 속력은 줄일 수가 있지만, 방향을 바꾸려면 앞으로 이틀은 기다려야 해요.""
그러자 잭도 이렇게 말했습니다.
""그래요, 어머니. 날아가고 있는 도중에는 갑작스럽게 우주정을 멈추거나 되돌릴 수 없어요. 그렇지만 너무 염려하지 마세요. 아버지의 상처는 그렇게 대단하지는 않은 것 같으니까요.""
존은 다시 계속했습니다.
""그 뿐 아니라 병원이 있는 별은, 가장 가까운 곳이라 해도 한 달은 걸려요. 벌써 지구를 떠난 지 6주일이 지났으니까요.""
치료가 끝난 후, 어머니가 물었습니다.
""존, 아버지가 다친 이유를 알았니?""
""예. 조그만 운석이 뚫고 들어와서 아버지에게 맞은 것 같아요. 틀림없을 거예요. 스쳐갔으리라고 생각은 들지만 아무튼 굉장한 속력이니까요. 아버지는 조금 다치신 거예요. ""
""그래, 그런데 공기는 새지 않는구나.""
""예. 제가 즉시 응급 처리는 했어요. 그러나 밖에 나가서 제대로 고쳐야 돼요. 되도록 빨리 말이에요.""
어머니는 존의 믿음직스러운 모습이 몹시 기뻤습니다.
그렇지만 어린아이들이 혼자서 우주정 밖으로 나갈 것을 생각하니 두려움이 앞섰습니다.
""조심해야한다, 존. 밧줄을 단단히 매고.......""
""괜찮아요. 벌써 여러 번 밖에 나갔잖아요.""
존은 그 때까지 여러 번 우주정 밖으로 나간 일이 있었습니다. 나가서 보면 밖의 아름다움은 형언할 수 없을 지경이었습니다. 새까만 우주에 몇 10만이나 되는, 헤아릴 수도 없는 빛의 점이 빛나고 있습니다.
그 빛의 점은 모두가 커다란 태양인 것입니다. 더 멀리에는 몇 10억이라는 태양이 모여진 성운이 가로질러 있고. 주위의 은하수까지, 우리들의 은하계 우주보다 큰 것이 헤아릴 수 없을 지경으로 있는 것입니다.
은하수 중에서도 큰 태양은 아주 뚜렷이 보이고 있습니다. 카노푸스, 리켈, 데네브, 베텔규스, 안타레스 등입니다.
지구에서 바라보는 것과는 위치가 조금 달라 보이기도 합니다.
별을 바라보던 것을 그만두고, 존은 천천히 선체를 따라서 나아가기 시작했습니다.
'왼쪽으로는 8미터, 그리고는 1미터 가량 문 쪽으로 다가서면 되는 거였지......'
존은 자석 구두를 조심스레 옮기면서 다가갔습니다. 몇 천만의 별빛으로 주위는 무척 밝았습니다. 존은 운석이 부딪친 곳을 발견하여, 벨트의 주머니에서 액화 금속을 뿌리는 도구를 꺼내, 그 구멍에 밀어 넣었습니다
구멍을 메우고 존은 작은 가스 버너를 꺼내 불을 붙였습니다. 온도가 0도에 가깝기 때문에, 금속은 불이 닿자 곧 빛깔이 변하기 시작했습니다.
무사히 일을 마치고 선 내로 돌아왔지만, 나갈 때에 도와주었던 형 잭은 문에서 기다려 주지 않고 있었습니다.
아버지 옆에 있지 않으면 약을 조사하고 있는 것이 틀림없습니다.
형은 동물이나 식물이나 생명이 있는 것을 조사하는 일과, 약이 무엇 때문에 효력이 나는가에 대해 조사하는 일 만을 좋아합니다.
서둘러서 방으로 들어가 보았더니, 어머니와 잭은 말없이 아버지 옆에 앉아 있었습니다.
""아버지는 좀 어때요?""
""마찬가지지 뭐.""
""형  어때? 괜찮으실까?""
""회복이 생각보다 늦으실 것 같다. ""
그 말을 듣는 순간, 존은 재빨리 여러 가지를 생각하기 시작했습니다.
'아버지가 정신을 잃고 있는 동안은 어떻게 해야 좋은가? 우주정을 운전하며 항로 계산을 하는 것은 누가 해야 하나? 목적지에 닿게 되면 도대체 누가 착륙을 시켜야 하나?'
존이 이 세상에서 가장 존경하는 분은 바로 아버지였습니다.
'아빠, 죽으면 싫어요!'
존은 마음속으로 그렇게 외쳤습니다.
아버지 테드 가버는 우주 개척자였습니다. 최초로 지구의 우주선이 항성 시리우스에 갔을 때, 아버지는 그 우주선에 사관으로 탔던 것입니다.
그 후, 우주 여행은 점점 더 성행했습니다. 지금은 3 주간의 휴가만 있으면 1천 크레딧으로 달에 갈 수 있을 뿐만 아니라, 한 달 정도의 휴가면 4천 크레딧으로 화성이나 금성을 여행 할 수 있습니다.
시리우스나 베가의 행성이라도 정기 여객 우주선이 다니고 있으므로, 요즘에는 지구의 식민지가 된 많은 혹성에 우주선이 많이 왕래하고 있습니다.
그런데 테드 가버는 다른 사람이 먼저 발견한 별에는 가려고 하지 않는 고집이 있었습니다. 그는 아직 발견되지 않은 혹성을 조사하여, 지구를 위해 쓸모 있는 금속 또는 방사성 자원을 발견하려고 했던 것입니다.
그래서 존의 아버지는 아주 오랫동안 우주에서 일해 왔으며, 겨우 작은 우주정 하나를 사서 가족과 함께 우주 탐험을 계속하게 되었던 것입니다.
그리고 지금도 존이 타고 있는 우주정은 인류가 아직 까지 날아본 적이 없는 곳을 날고 있습니다.
쓸모 있는 새로운 행성을 발견하고자 하는 것입니다.
'아버지가 의식을 찾을 때까지 어떻게 해야 좋지?'
존은 또 그 일에 대하여 생각하기 시작했습니다.
'어머니는 항로를 어떻게 정하는지, 그런 것에 대해서는 전혀 모르고 계신다. 조금 전에도 곧 되돌아가자고 말씀하셨을 정도니까.'
그 면에서는 형 잭 역시 마찬가지입니다. 물론 형이니까 아는 것은 많을지 모르지만, 우주선에 대해서는 전혀 깜깜합니다.
어린 아이 때부터 존은 우주선의 기계를 만지며 자라 왔기 때문입니다.
그리고 요즘에 들어서는 어떻게 하면 하나의 별로 갈 수 있는 항로를 정할 수 있는 방법. 즉 항행술을 공부하기 시작했습니다.
그렇지만 어찌나 수학이 어려운지, 일생을 걸려도 다 알지 못할 것 같기도 했습니다.
어머니가 말씀하셨습니다.
""존, 이 일을 어떡해야 좋으니? 아빠가 이렇게 되시니까, 어떻게 해야 좋을지 모르겠구나.""
그러자 존은 갑자기 어른스럽게 말했습니다.
""염려하지 마세요, 어머니. 우리 힘으로도 갈 수 있을 거예요. 아버지가 생각하신 일을 그대로 계속하는 거예요.""
어머니는 납득이 안 간다는 표정이었습니다
""그래도...... 어떻게 그런 것을.........""
이번에는 잭 쪽을 보고 물었습니다.
""잭, 네 의견도 듣자꾸나!""
가냘픈 몸을 가진 잭은 더듬거리듯 말했습니다.
""모, 모르겠어요. 차라리 지구로 되돌아가는 편이 낫다는 생각이 들지만........ 우리는 지금 어디로 가고 있는지도 모르고 있는데.........""
말하는 잭의 눈은 겁에 질려 있는 것 같았습니다.
18살인데도 잭은 어린 아이 같아 보였습니다. 그는 계속해서 자신 없는 목소리로 말했습니다.
""어머니, 저에겐 말해 보아도 소용없어요. 어떻게 해야 되는지 모르겠어요. 아버지가 없으면 우린 죽을 지도 모르는 걸요!""
존은 놀란 얼굴로 형 잭을 쳐다보았습니다.
""힘을 내, 형!""
자기도 모르는 사이에 존은 소리를 질렀습니다. 어머니와 잭이 눈이 둥그래져서 바라보았습니다.
""모두 침착하게 생각하지 않으면 안 돼요. 이 우주정은 자동이고, 지금 속력을 줄이고 있는 중이니까 당분간은 걱정하지 않아도 될 거예요. 아버지에게는 매우 중요한 여행이기 때문에, 만일 지금 중지한다면 아버지는 실망하실 거예요.""
""존, 지금 어디로 향하고 있는지 알고 있니? ""
잭이 물었습니다.
""알고 말고. 아버지가 몇 번이나 말씀해 주셨어.""
그러자 어머니가 말씀하셨습니다.
""그럼 아빠가 나으실 때까지 둘이 의논해서 뭐든 결정하도록 해요, 난 지금부터 뭔가 먹을 것을 만들겠다.""
다음 날 아침에 어머니는 눈물이 글썽해져서 두 아들에게 말했습니다.
""아빠는 어젯밤 세 번 정도 의식을 찾으셨다. 그렇지만 아무 말씀도 못하시고 또 잠드셨어.""
아침을 먹은 다음에 존은 잭과 함께 조종실로 가서 조종실의 여러 가지 기계를 점검했습니다.
또 아버지가 가려고 했던 항성까지 얼마큼 가면 닿을 수 있는가에 대하여 조사했습니다.
텔레비전에서는 그 항성과 주위의 행성들이 비춰지고 있었습니다.
운석과 충돌할 위험이 없느냐고 잭이 걱정스럽게 물었습니다.
운석이라는 것은 행성의 근처에만 많다고 생각하고 있었는데, 그것은 잘못된 생각이었습니다. 항성계에서 떨어진 곳에서도 운석에 맞는 일이 있으니까 말입니다.
존은 잭에게 자세히 아는 데까지 설명해 주었습니다. 존은 주머니에서 조그만 둥근 돌을 꺼냈습니다.
""어젯밤에 발견했어.""
잭은 그 돌을 바라보았습니다. 이 돌이 벽을 뚫고 들어왔을 때, 우주정의 속력이 줄어들고 있어서 망정이지, 보통 속도 때였으면 아버지에게는 정통으로 불행이 닥쳤을 것입니다.
""앞으로 우리는 어떻게 해야 좋지?""
돌을 물끄러미 바라보고 있던 잭이 정신이 나간 것처럼 존에게 물어 왔습니다.
우리들이 향하고 있는 항성에는 행성이 4개나 5개 정도가 있는데 그 중 2개나 3개, 아니 4개는 지구와 같아서 인간이 살 수 있을 거라고 아버지께서 말씀하셨습니다.
그 행성을 조사하는 것이 이번 여행의 목적입니다. 이번에 실패하면, 정부는 다음 여행을 허락하지 않을 터여서, 아버지는 이 우주정과 우주 여행에 돈을 모조리 투자했던 것입니다.
제일 가까운 곳에 도착하는 데도 2일 이상 걸리는데, 이대로 나갈 수밖에 없다고 존은 잭에게 설명했습니다.
""형, 아버지는 괜찮을까? ""
""글쎄, 심한 상처는 아니지만........, 다리에 깁스 붕대도 했으니까 괜찮을 거야.""
존은 안심이 되었습니다. 아버지가 만일 돌아가신다면 지구로 돌아갈 수밖에 없지만, 더 무서운 일은 '슬릭 보건'이 자신들이 와 있는 이 근처를 노리고 있다는 소문을 지구를 떠날 때 들었던 사실입니다.
슬릭 보건은 유명한 우주 해적입니다. 슬릭 보건이 앞질러 가면 큰일입니다.
""존, 이 우주정을 착륙시킬 수 있겠니?""
""어젯밤부터 수면 학습기를 사용하여 공부하고 있었어. 그리고 아버지에게 배워 가면서 착륙한 일도 있었으니까, 형이 도와준다면 할 수 있을 거라는 생각이 들어.""
잭은 말없이 한동안 머리카락을 만지작거리다. 문득 얼굴을 들고 힘있게 말했습니다.
""힘을 내는 거다!""
형과 동생은 굳게 손을 잡으며 약속했습니다.
어머니에게 침착하게 기운을 내야 한다며, 잭은 평소 똑똑했던 사람으로 되돌아갔습니다.","무서운 소리가 났고, 이어서 심한 충격이 우주정을 흔들었습니다. ",4465
봄과 따라지,김유정,"지루한 한겨울 동안 꼭 옴츠러졌던 몸뚱이가 이제야 좀 녹고 보니 여기가 근질근질, 저기가 근질근질. 등어리는 대고 군실거린다. 행길에 삐죽 섰는 전봇대에다 비스듬히 등을 비겨 대고 쓰적쓰적 비벼도 좋고, 왼팔에 걸친 밥통을 땅에 내려논 다음 그 팔을 뒤로 제쳐 올리고 바른팔로 발꿈치를 들어 올리고 그리고 긁죽긁죽 긁어도 좋다. 번히는 이래야 원 격식은 격식이로되 그러나 하고 보자면 손톱 하나 놀리기가 성가신 노릇. 누가 일일이 그러고만 있는가. 장삼인지 저고린지 알 수 없는 앞자락이 척 나간 학생복 저고리. 하나 삼 년간을 내리 입은 덕택에 속껍데기가 꺼칠하도록 때에 절었다. 그대로 선 채 어깨만 한번 으쓱 올렸다, 툭 내려치면 그뿐. 옷에 몽크린 때꼽은 등어리를 스을쩍 긁어 주고 내려가지 않는가. 한 번 해보니 재미가 있고 두 번을 하여도 또한 재미가 있다. 조그만 어깻죽지를 그는 기계같이 놀리며 올렸다 내렸다, 내렸다 올렸다, 그럴 적마다 쿨렁쿨렁한 저고리는 공중에서 나비춤, 지나가던 행인이 걸음을 멈추고 가만히 눈을 둥글린다. 한참 후에야 비로소 성한 놈으로 깨달았음인지 피익 웃어 던지고 다시 내걷는다. 어깨가 느런하도록 수없이 그러고 나니 나중에는 그것도 흥이 지인다. 그는 너털거리는 소맷등으로 코밑을 쓱 훔치고 고개를 돌리어 위아래로 야시를 훑어본다. 날이 풀리니 거리에 사람도 풀린다. 싸구려 싸구려 에잇 싸구려, 십오 전에 두 가지, 십오 전에 두 가지씩. 인두 비누를 한 손에 번쩍 쳐들고 젱그렁젱그렁 신이 올라 흔드는 요령 소리. 땅바닥에 널따란 종잇장을 펼쳐 놓고 안경잡이는 입에 게거품이 흐르도록 떠들어 댄다. 일전 한 푼을 내놓고 일 년 동안의 운수를 보시오. 먹찌를 던져서 칸에 들면 미루꾸 한 갑을 주고 금에 걸치면 운수가 나쁘니까 그냥 가라고. 저편 한구석에서는 코 먹은 바이올린이 닐리리를 부른다. 신통 방통 꼬부랑통 남대문통 쓰레기통, 자아 이리 오시오. 암사둔 수사둔 다 이리 오시오. 장기판을 에워싸고 다투는 무리. 그 사이로 일쩌운 사람들은 이리 몰리고 저리 몰리고 발 가는 대로 서성거린다. 짝을 짓고 산보를 나온 젊은 남녀들, 구지레한 두루마기에 뒷짐진 갓쟁이. 예 제 없이 가서 덤벙거리는 학생들도 있고 그리고 어린 아들의 손을 잡고 구경을 나온 어머니. 아들은 어머니의 치맛자락을 잡아채며 뭘 사내라고 부지런히 보챈다. 배도 좋고 사과도 좋고 또 김이 무럭무럭 오르는 국화만두는 누가 싫다나. 그놈의 김을 이윽히 바라보다가 그는 고만 하품인지 한숨인지 분간 못 할 날숨이 길게 터져 오른다. 아침에 찬밥덩이 좀 얻어먹고는 온종일 그대로 지친 몸. 군침을 꿀떡 삼키고 종로를 향하여 무거운 다리를 내어딛자니 앞에 몰려 선 사람 떼를 비집고 한 양복이 튀어나온다. 얼굴에는 꽃이 잠뿍 피고 고개를 내흔들며 이리 비틀 저리 비틀. 목로에서 얻은 안주이겠지, 사과 하나를 입에 들이대고 어기어기 꾸겨 넣는다. 이거나 좀 개평 뗄까. 세루바지에 바짝 붙어 서서 같이 비틀거리며 나리 한 푼 줍쇼, 나리. 이 소리는 들은 척 만 척 양복은 제멋대로 갈 길만 비틀거린다. 옛다, 이거나 먹어라 하고 선뜻 내주었으면 얼마나 좋으랴만, 에이 자식두. 사과는 쉬지 않고 점점 줄어든다. 턱살을 추켜 대고 눈독을 잔뜩 들여가며 따르자니 나중에는 안달이 난다. 나리, 나리, 한 푼 주세요, 하고 거듭 재우치다 그래도 괘가 그르매, 나리 그럼 사과나 좀. 무어 이 자식아 남 먹는 사과를 좀. 혀 꼬부라진 소리가 이렇게 중얼거리자 정작 사과는 땅으로 가고 긴치 않은 주먹이 뒤통수를 딱. 금세 땅에 엎뎌질 듯이 정신이 고만 아찔했으나 그래도 사과, 사과다. 얼른 덤벼들어 집어 들고는 소맷자락에 흙을 쓱쓱 씻어서 한 입 덥석 물어 뗀다. 창자가 녹아내리는 듯 향긋하고도 보드라운 그 맛이야. 그러나 세 번을 물어뜯고 나니 딱딱한 씨만 남는다. 다시 고개를 들고 그 담 사람을 잡고자 눈을 희번덕인다. 큰길에는 동무 깍쟁이들이 가로 뛰며 세로 뛰며 낄낄거리고 한창 야단이다. 밥통들은 한 손에 든 채 달리는 전차 자동차를 이리저리 호아 가며 저이깐에 술래잡기 봄이라고 맘껏 즐긴다. 이걸 멀거니 바라보고 그는 저절로 어깨가 실룩실룩하기는 하나 근력이 없다. 따스한 햇볕에서 낮잠을 잔 것도 좋기는 하다. 마는 그보담 밥을 좀 얻어먹었다면 지금쯤은 같이 뛰고 놀고 하련만. 큰길로 내려서서 이럴까 저럴까 망설일 즈음 갑자기 따르르응 이 자식아. 이크 쟁고로구나, 등줄기가 선뜩해서 기급으로 물러서다가 얼결에 또 하나 잡았다. 이번에는 트레머리에 얕은 향내가 말캉말캉 나는 뾰족구두다. 얼뜬 봐한즉 하르르한 비단치마에 옆에 낀 몇 권의 책 그리고 아리잠직한 그 얼굴. 외모로 따져 보면 돈푼이나 좋이 던져 줄 법한 고운 아씨다. 대뜸 물고 나서며 아씨 한 푼 줍쇼, 아씨 한 푼 줍쇼. 가는 아씨는 암만 불러도 귀가 먹은 듯, 혼자 풍월로 얼마를 따르다 보니 이제는 하릴없다. 그 다음 비상수단이 아니 나올 수 없는 노릇. 체면불구하고 그 까마귀발로다 신성한 치맛자락을 덥석 잡아챈다. 홀로 가는 계집쯤 어떻게 다루든 이쪽 생각. 한번 더 채여라. 아씨 한 푼 줍쇼. 아씨도 여기에는 어이가 없는지 발을 멈추고 말뚱히 바라본다. 한참 노려보고 그리고 생각을 돌렸는지 허리를 구부리어 친절히 달랜다. 내 지금 가진 돈이 없으니 집에 가 줄게 이거 놓고 따라오너라. 너무나 뜻밖의 일이다. 기쁠 뿐더러 놀라운 은혜이다. 따라만 가면 밥이 나올지 모르고 혹은 먹다 남은 빵조각이 나올는지도 모른다. 이건 아마 보통 갈보와는 다른 예수를 믿는 착한 아씬가 보다. 치마를 놓고 좀 떨어져서 이번에는 점잖이 따라간다. 우미관 옆 골목으로 들어서서 몇 번이나 좌우로 꼬불꼬불 돌았다. 아씨가 들어간 집은 새로 지은, 그리고 전등 달린 번듯한 기와집이다. 잠깐만 기다려라, 하고 아씨가 들어갈 제 그는 눈을 동그랗게 뜨고 기대가 컸다. 밥이냐, 빵이냐, 잔치를 지내고 나서 먹다 남은 떡 부스러기를 처치 못 하여 데리고 왔을지도 모른다. 떡고물도 좋고 저냐도 좋고 시크무레 쉰 콩나물, 무나물, 아무거나 되는 대로. 설마 예까지 데리고 와서 돈 한 푼 주고 가라진 않겠지. 허기와 기대가 갈증이 나서 은근히 침을 삼키고 있을 때 대문이 다시 삐꺽 열린다. 아마 주인 서방님이리라. 조선옷에 말쑥한 얼굴로 한 사나이가 나타났다. 네가 따라온 놈이냐 하고 한 손으로 목덜미를 꼭 붙들고 그러더니 벌써 어느 틈에 네 번이나 머리를 주먹이 우렸다. 그러면 아과파 소리를 지른 것은 다섯 번째부터요 눈물은 또 그 담에 나온 것이다. 악장을 너무 치니까 귀가 아팠음인지 요 자식 다시 그래 봐라 다리를 꺾어 놀 테니. 힘 약한 독사와 도야지는 맞대항은 안 된다. 비실비실 조 골목 어귀까지 와서 이제야 막 대문 안으로 들어가려는 서방님을 돌려대고, 요 자식아 네 다릴 꺾어 놀 테야, 용용 죽겠지. 엄짓가락으로 볼따귀를 후벼 보이곤 다리야 날 살리라고 그냥 뺑소니다. 다리가 짧은 것도 이런 때에는 한 욕일지도 모른다. 여남은 칸도 채 못 가서 벽돌담에 가 잔뜩 엎눌렸다. 그리고 허구리 등어리 어깻죽지 할 것 없이 요모조모 골고루 주먹이 들어온다. 때려라, 그래도 네가 차마 죽이진 못하겠지. 주먹이 들어올 적마다 서방님의 처신으로 듣기 어려운 욕 한마디씩 해가며 분통만 폭폭 찔러 논다. 죽여 봐 이 자식아. 요런 챌푼이 같으니, 네가 애편쟁이지 애편쟁이. 울고불고 요란한 소리에 근방에서는 쭉 구경을 나왔다. 입때까지는 서방님은 약이 올라서 죽을 둥 살 둥 몰랐으나 이제 와서는 결국 저의 체면 손상임을 깨달은 모양이다. 등 뒤에서 애편쟁이, 챌푼이, 하는 욕이 빗발치듯 하련만 서방님은 돌아다도 안 보고 똥이 더러워서 피하지 무섭지 않다는 증거로 침 한번을 탁 뱉고는 제법 골목으로 들어간다. 이렇게 되면 맡아 놓고 깍쟁이의 승리다. 그는 담 밑에 쪼그리고 앉아서 울고 있으나 실상은 모욕당했던 깍쟁이의 자존심을 회복시킨 데 큰 우월감을 느낀다. 염병을 할 자식, 하고 눈물을 닦고 골목 밖으로 나왔을 때엔 얼굴에 만족한 웃음이 떠오른다. 야시에는 여전히 뭇사람이 흐르고 있다. 동무들은 큰길에서 밥통을 뚜드리며 날뛰고 있다. 우두커니 보고 섰다가 결리는 등어리도 잊고 배고픈 생각도 스르르 사라지니 예라 나두 한번 끼자. 불시로 건기운이 뻗치어 야시에서 큰길로 내려선다. 달음질을 쳐서 전찻길을 가로지르려 할 제 맞닥뜨린 것이 마주 건너오던 한 신여성이다. 한 손에 대여섯 살 된 계집애를 이끌고 야시로 나오는 모양. 이건 키가 후리후리하고 걸찍하게 생긴 것이 어디인가 맘새가 좋아 보인다. 대뜸 손을 내밀고 아씨 한 푼 줍쇼. 얘 지금 돈 한 푼 없다. 이렇게 한마디 하고는 이것도 돌아다보는 법 없다. 야시에 물건을 흥정하며 태연히 저 할 노릇만 한다. 이내 치마까지 끄들리게 되니까 이제야 걸음을 딱 멈추고 눈을 똑바로 뜨고 노려본다. 그리고 소리를 지르되 옆의 사람이나 들으란 듯이 얘가 왜 이리 남의 옷을 잡아다녀. 오가던 사람들이 구경이나 난 듯이 모두 쳐다보고 웃는다. 본 바와는 딴판 돈푼커녕 코딱지도 글렀다. 눈꼴이 사나워서 그도 마주 대고 벙벙히 쳐다보고 있노라니 웬 담배가 발 앞으로 툭 떨어진다. 매우 기름한 꽁초. 얼른 집어서 땅바닥에 쓱쓱 문대어 불을 끄고는 호줌에 넣는다. 이따는 좁쌀친구끼리 뒷골목 담 밑에 모여 앉아서 번갈아 한 모금씩 빨아 가며 잡상스러운 이야기로 즐길 걸 생각하니 미리 재미롭다. 적어도 여남은 개 주워야 할 텐데 인제서 겨우 꽁초 네 개니. 요즘에는 참 담배맛도 제법 늘어가고 재채기하던 괴로움도 훨씬 줄었다. 이만하면 영철이의 담배쯤은 감히 덤비지 못하리라. 제 따위가 앉은 자리에 꽁초 일곱 개를 다 피울 텐가, 온 어림없지. 열 살밖에 안 되었건만 이만치도 담배를 잘 피울 수 있도록 훌륭히 됨을 깨달으니 또한 기꺼운 현상, 호줌에서 손을 빼고 고개를 들어 보니 계집은 어느덧 멀리 앞섰다. 벌에 쐤느냐, 왜 이리 달아나니. 이것은 암만 따라가야 돈 한 푼 막무가낼 줄은 번연히 알지만 소행이 밉다. 에라, 빌어먹을 거, 조금 느물러나 주어라. 힁허케 쫓아가서 팔꿈치로다 그 궁둥이를 퍽 한번 지르고는 아씨 한 푼 주세요. 돌려대고 또 소리를 지를 줄 알았더니 고개만 흘낏 돌려보고는 잠자코 간다. 그럼 그렇지 네가 어디라구 깍쟁이에게 덤비리. 또 한 번 질러라. 바른편 어깨로다 이번엔 넓적한 궁둥이를 정면으로 들이받으며 아씨 한 푼 주세요. 그래도 아무 반응이 없다. 이 계집이 행길 바닥에 나가자빠지면 그 꼴이 볼 만도 하련만 제아무리 들이받아도 힘을 들이면 들일수록 이쪽이 도리어 튕겨져 나올 뿐 좀체로 삐끗 없음에는 에라 빌어먹을 거. 치맛자락을 냉큼 집어다 입에 들이대고는 질겅질겅 씹는다. 으흐흥 아씨 돈 한 푼. 그제야 독이 바싹 오른 법한 표독스러운 계집의 목소리가, 이 자식아 할 때는 온몸이 다 짜릿하고 좋았으나 난데없는 고래 소리가 벽력같이 들리는 데는 정신이 그만 아찔하다. 뿐만 아니라 그 순간 새삼스레 주림과 아울러 아픔이 눈을 뜬다. 머리를 얻어맞고 아이쿠 하고 몸이 비틀할 제 집게 같은 손이 들어와 왼편 귓바퀴를 잔뜩 집어 든다. 이왕 이렇게 된 바에야 끌리는 대로 따라만 가면 고만이다. 붐비는 사람 틈으로 검불같이 힘없이 딸려 가며 그러나 속으로는 허지만 뭐. 처음에는 꽤도 겁도 집어먹었으나 인제는 하도 여러 번 겪고 난 몸이라 두려움보다 오히려 실없는 우정까지 느끼게 된다. 이쪽이 저를 미워도 안 하련만 공연스레 제가 씹고 덤비는 걸 생각하면 짜장 밉기도 하려니와 그럴수록에 야릇한 정이 드는 것만은 사실이다. 오늘은 또 무슨 일을 시키려는가. 유리창을 닦느냐, 뒷간을 치느냐, 타구쯤 정하게 부셔 주면 그대로 나가라 하겠지. 하여튼 가자는 건 좋으나 원체 잔뜩 집어 당기는 바람에 이건 너무 아프다. 구두보담 조금만 뒤졌다는 갈데없이 귀는 떨어질 형편. 구두가 한 발을 내걷는 동안 두 발, 세 발 잽싸게 옮겨 놓으며 통통걸음으로 아니 따라갈 수 없다. 발이 반밖에 안 차는 커다란 운동화를 칠떡칠떡 끌며 얼른얼른 앞에 나서거라. 재쳐라, 재쳐라, 얼른 재쳐라. 그러나 문득 기억나는 것이 있으니 그 언제인가 우미관 옆 골목에서 몰래 들창으로 들여다보던 아슬아슬하고 인상 깊던 그 장면. 위험을 무릅쓰고 악한을 추격하되 텀블링도 잘 하고 사람도 잘 집어 세고 막 이러는 용감한 그 청년과 이때 청년이 하던 목 잠긴 그 해설. 그리고 땅땅 따아리 땅땅 따아리 띵띵 띠이 하던 멋있는 그 반주. 봄바람은 살랑살랑 불어오는 큰 거리, 이때 청년이 목숨을 무릅쓰고 구두를 재치는 광경이라 하고 보니 하면 할수록 무척 신이 난다. 아아 아구 아프다. 재쳐라, 재쳐라, 얼른 재쳐라, 이때 청년이 땅땅 따아리 땅땅 따아리 띵띵 띠이 띵띵 띠이.

(올해. 2. 1)","지루한 한겨울 동안 꼭 옴츠러졌던 몸뚱이가 이제야 좀 녹고 보니 여기가 근질근질, 저기가 근질근질. 등어리는 대고 군실거린다.",4603
봄봄,김유정,"“장인님! 인젠 저…….”
내가 이렇게 뒤통수를 긁고, 나이가 찼으니 성례를 시켜 줘야 하지 않겠느냐고 하면 대답이 늘,
“이 자식아! 성례구 뭐구 미처 자라야지!”
하고 만다.
이 자라야 한다는 것은 내가 아니라 장차 내 아내가 될 점순이의 키 말이다.
내가 여기에 와서 돈 한 푼 안 받고 일하기를 삼 년 하고 꼬박이 일곱 달 동안을 했다. 그런데도 미처 못 자랐다니까 이 키는 언제야 자라는 겐지 짜장 영문 모른다. 일을 좀더 잘해야 한다든지 혹은 밥을 (많이 먹는다고 노상 걱정이니까) 좀 덜 먹어야 한다든지 하면 나도 얼마든지 할 말이 많다. 하지만 점순이가 아직 어리니까 더 자라야 한다는 여기에는 어째 볼 수 없이 그만 벙벙하고 만다.
이래서 나는 애최 계약이 잘못된 걸 알았다. 이태면 이태, 삼 년이면 삼 년, 기한을 딱 작정하고 일을 했어야 원 할 것이다. 덮어놓고 딸이 자라는 대로 성례를 시켜 주마, 했으니 누가 늘 지키고 섰는 것도 아니고 그 키가 언제 자라는지 알 수 있는가. 그리고 난 사람의 키가 무럭무럭 자라는 줄만 알았지 붙박이 키에 모로만 벌어지는 몸도 있는 것을 누가 알았으랴. 때가 되면 장인님이 어련하랴 싶어서 군소리 없이 꾸벅꾸벅 일만 해왔다. 그럼 말이다, 장인님이 제가 다 알아차려서,
“어 참 너 일 많이 했다. 고만 장가들어라.”
하고 살림도 내주고 해야 나도 좋을 것이 아니냐. 시치미를 딱 떼고 도리어 그런 소리가 나올까 봐서 지레 펄펄 뛰고 이 야단이다. 명색이 좋아 데릴사위지 일하기에 싱겁기도 할 뿐더러 이건 참 아무것도 아니다.
숙맥이 그걸 모르고 점순이의 키 자라기만 까맣게 기다리지 않았나.
언젠가는 하도 갑갑해서 자를 가지고 덤벼들어서 그 키를 한번 재 볼까 했다. 마는, 우리는 장인님이 내외를 해야 한다고 해서 마주 서 이야기도 한마디 하는 법 없다. 우물길에서 언제나 마주칠 적이면 겨우 눈어림으로 재보고 하는 것인데 그럴 적마다 나는 저만큼 가서,
“제―미 키두!”
하고 논둑에다 침을 퉤, 뱉는다. 아무리 잘 봐야 내 겨드랑(다른 사람보다 좀 크긴 하지만) 밑에서 넘을락말락 밤낮 요 모양이다. 개돼지는 푹푹 크는데 왜 이리도 사람은 안 크는지, 한동안 머리가 아프도록 궁리도 해보았다. 아하, 물동이를 자꾸 이니까 뼈다귀가 움츠러드나 보다, 하고 내가 넌짓넌짓이 그 물을 대신 길어도 주었다. 뿐만 아니라 나무를 하러 가면 서낭당에 돌을 올려놓고,
“점순이의 키 좀 크게 해줍소사. 그러면 담엔 떡 갖다 놓고 고사드립죠니까.”
하고 치성도 한두 번 드린 것이 아니다. 어떻게 돼먹은 킨지 이래도 막무가내니…… 그래 내 어저께 싸운 것이지 결코 장인님이 밉다든가 해서가 아니다.
모를 붓다가 가만히 생각을 해보니까 또 싱겁다. 이 벼가 자라서 점순이가 먹고 좀 큰다면 모르지만 그렇지도 못한 걸 내 심어서 뭘 하는 거냐. 해마다 앞으로 축 불거지는 장인님의 아랫배(가 너무 먹은 걸 모르고 냇병이라나, 그 배)를 불리기 위하여 심곤 조금도 싶지 않다.
“아이구 배야!”
난 물 붓다 말고 배를 쓰다듬으면서 그대로 논둑으로 기어올랐다. 그리고 겨드랑에 꼈던 벼 담긴 키를 그냥 땅바닥에 털썩, 떨어치며 나도 털썩 주저앉았다. 일이 암만 바빠도 나 배 아프면 고만이니까. 아픈 사람이 누가 일을 하느냐. 파릇파릇 돋아 오른 풀 한 숲을 뜯어 들고 다리의 거머리를 쓱쓱 문대며 장인님의 얼굴을 쳐다보았다. 가운데서 장인님이 이상한 눈을 해가지고 한참을 날 노려보더니,
“너 이 자식, 왜 또 이래 응?”
“배가 좀 아파서유!”
하고 풀 위에 슬며시 쓰러지니까 장인님은 약이 올랐다. 저도 논에서 철벙철벙 둑으로 올라오더니 잡은 참 내 멱살을 움켜잡고 뺨을 치는 것이 아닌가.
“이 자식아, 일 허다 말면 누굴 망해 놀 속셈이냐, 이 대가릴 까놀 자식?”
우리 장인님은 약이 오르면 이렇게 손버릇이 아주 못됐다. 또 사위에게 이 자식 저 자식 하는 이놈의 장인님은 어디 있느냐. 오죽해야 우리 동리에서 누굴 물론하고 그에게 욕을 안 먹는 사람은 명이 짜르다 한다. 조그만 아이들까지도 그를 돌아세 놓고 욕필이(본 이름이 봉필이니까), 욕필이, 하고 손가락질을 할 만치 두루 인심을 잃었다. 하나 인심을 정말 잃었다면 욕보다 읍의 배참봉 댁 마름으로 더 잃었다. 번이 마름이란 욕 잘 하고 사람 잘 치고 그리고 생김 생기길 호박개 같아야 쓰는 거지만 장인님은 외양에 똑 됐다. 장인께 닭 마리나 좀 보내지 않는다든가 애벌논 때 품을 좀 안 준다든가 하면 그해 가을에는 영락없이 땅이 뚝뚝 떨어진다. 그러면 미리부터 돈도 먹고 술도 먹이고 안달재신으로 돌아치던 놈이 그 땅을 슬쩍 돌아앉는다. 이 바람에 장인님 집 외양간에는 눈깔 커다란 황소 한 놈이 절로 엉금엉금 기어들고, 동리 사람들은 그 욕을 다 먹어 가면서도 그래도 굽신굽신하는 게 아닌가― 그러나 내겐 장인님이 감히 큰소리할 계제가 못 된다. 뒷생각은 못 하고 뺨 한 개를 딱 때려 놓고는 장인님은 무색해서 덤덤히 쓴 침만 삼킨다. 난 그 속을 퍽 잘 안다. 조금 있으면 갈도 꺾어야 하고 모도 내야 하고, 한창 바쁜 때인데 나 일 안 하고 우리 집으로 그냥 가면 고만이니까. 작년 이맘때도 트집을 좀 하니까 늦잠 잔다고 돌멩이를 집어던져서 자는 놈의 발목을 삐게 해놨다. 사날씩이나 건숭 끙, 끙, 앓았더니 종당에는 거반 울상이 되지 않았는가.
“얘, 그만 일어나 일 좀 해라. 그래야 올 갈에 벼 잘 되면 너 장가 들지 않니.”
그래 귀가 번쩍 띄어서 그날로 일어나서 남이 이틀 품 들일 논을 혼자 삶아 놓으니까 장인님도 눈깔이 커다랗게 놀랐다. 그럼 정말로 가을에 와서 혼인을 시켜 줘야 원 경우가 옳지 않겠나. 볏섬을 척척 들여쌓아도 다른 소리는 없고 물동이를 이고 들어오는 점순이를 담배통으로 가리키며,
“이 자식아 미처 커야지. 조걸 무슨 혼인을 한다고 그러니 원!”
하고 남 낯짝만 붉게 해주고 고만이다. 골김에 그저 이놈의 장인님, 하고 댓돌에다 메꽂고 우리 고향으로 내뺄까 하다가 꾹꾹 참고 말았다.
참말이지 난 이 꼴 하고는 집으로 차마 못 간다. 장가를 들러 갔다가 오죽 못났어야 그대로 쫓겨 왔느냐고 손가락질을 받을 테니까…….
논둑에서 벌떡 일어나 한풀 죽은 장인님 앞으로 다가서며,
“난 갈 테야유, 그 동안 사경 쳐 내슈.”
“너 사위로 왔지 어디 머슴 살러 왔니?”
“그러면 얼찐 성례를 해줘야 안 하지유. 밤낮 부려만 먹구 해준다 해준다…….”
“글쎄 내가 안 하는 거냐? 그년이 안 크니까…….”
하고 어름어름 담배만 담으면서 늘 하는 소리를 또 늘어놓는다.
이렇게 따져 나가면 언제든지 늘 나만 밑지고 만다. 이번엔 안 된다 하고 대뜸 구장님한테로 판단 가자고 소맷자락을 내끌었다.
“아 이 자식아, 왜 이래 어른을.”
안 간다고 뻗디디고 이렇게 호령은 제 맘대로 하지만 장인님 제가 내 기운은 못 당한다. 막 부려먹고 딸은 안 주고 게다 땅땅 치는 건 다 뭐야…….
그러나 내 사실 참 장인님이 미워서 그런 것은 아니다.
그 전날 왜 내가 새고개 맞은 봉우리 화전밭을 혼자 갈고 있지 않았느냐. 밭 가생이로 돌 적마다 야릇한 꽃 내가 물컥물컥 코를 찌르고 머리 위에서 벌들은 가끔 붕, 붕, 소리를 친다. 바위 틈에서 샘물 소리밖에 안 들리는 산골짜기니까 맑은 하늘의 봄볕은 이불 속같이 따스하고 꼭 꿈꾸는 것 같다. 나는 몸이 나른하고(몸살을 아직 모르지만) 병이 내려고 그러는지 가슴이 울렁울렁하고 이랬다.
“이러이! 말이! 맘 마 마…….”
이렇게 노래를 하며 소를 부리면 여느 때 같으면 어깨가 으쓱으쓱한다. 웬일인지 밭 반도 갈지 않아서 온몸의 맥이 풀리고 대고 짜증만 난다. 공연히 소만 들입다 두들기며,
“안야! 안야! 이 망할 자식의 소(장인님의 소니까) 대리를 꺾어 줄라.”
그러나 내 속은 정말 안야 때문이 아니라 점심을 이고 온 점순이의 키를 보고 울화가 났던 것이다.
점순이는 뭐 그리 썩 예쁜 계집애는 못 된다. 그렇다구 개떡이냐 하면 그런 것도 아니고, 꼭 내 아내가 돼야 할 만치 그저 툽툽하게 생긴 얼굴이다. 나보다 십 년이 아래니까 올해 열여섯인데 몸은 남보다 두 살이나 덜 자랐다. 남은 잘도 훤칠히들 크건만 이건 위아래가 몽툭한 것이 내 눈에는 헐없이 감참외 같다. 참외 중에는 감참외가 제일 맛 좋고 예쁘니까 말이다. 둥글고 커단 눈은 서글서글하니 좋고 좀 지쳐 찢어졌지만 입은 밥술이나 톡톡히 먹음직하니 좋다. 아따 밥만 많이 먹게 되면 팔자는 고만 아니냐. 한데 한 가지 파가 있다면 가끔가다 몸이(장인님은 이걸 채신이 없이 들까분다고 하지만) 너무 빨리빨리 논다. 그래서 밥을 나르다가 때없이 풀밭에서 깻박을 쳐서 흙투성이 밥을 곧잘 먹인다. 안 먹으면 무아내할까 봐서 이걸 씹고 앉았노라면 으적으적 소리만 나고 돌을 먹는 겐지 밥을 먹는 겐지…….
그러나 이날은 웬일인지 성한 밥채로 밭머리에 곱게 내려놓았다. 그리고 또 내외를 해야 하니까 저만큼 떨어져 이쪽으로 등을 향하고 웅크리고 앉아서 그릇 나기를 기다린다. 내가 다 먹고 물러섰을 때 그릇을 와서 챙기는데, 그런데 난 깜짝 놀라지 않았느냐.
고개를 푹 숙이고 밥함지에 그릇을 포개면서 날더러 들으라는지 혹은 제 소린지,
“밤낮 일만 하다 말 텐가!”
하고 혼자 쫑알거린다. 고대 잘 내외하다가 이게 무슨 소린가, 하고 난 정신이 얼떨떨했다. 그러면서도 한편 무슨 좋은 수가 있는가 싶어서 나도 공중을 대고 혼자말로,
“그럼 어떡해?”
하니까,
“성례시켜 달라지 뭘 어떡해…….”
하고 되알지게 쏘아붙이고 얼굴이 발개져서 산으로 그저 도망질을 친다.
나는 잠시 동안 어떻게 되는 셈판인지 맥을 몰라서 그 뒷모양만 덤덤히 바라보았다.
봄이 되면 온갖 초목이 물이 오르고 싹이 트고 한다. 사람도 아마 그런가 보다, 하고 며칠 내에 부쩍(속으로) 자란 듯싶은 점순이가 여간 반가운 것이 아니다.
이런 걸 멀쩡하게 안직 어리다구 하니까…….
우리가 구장님을 찾아갔을 때 그는 싸리문 밖에 있는 돼지우리에서 죽을 퍼주고 있었다. 서울엘 좀 갔다 오더니 사람은 점잖아야 한다고 웃쇰이(얼른 보면 지붕 위에 앉은 제비 꼬랑지 같다) 양쪽으로 뾰족이 뻗치고 그걸 에헴, 하고 늘 쓰다듬는 손버릇이 있다. 우리를 멀뚱히 쳐다보고 미리 알아챘는지,
“왜 일들 허다 말구 그래?”
하더니 손을 올려서 그 에헴을 한번 후딱 했다.
“구장님! 우리 장인님과 츰에 계약하기를…….”
먼저 덤비는 장인님을 뒤로 떠다밀고 내가 허둥지둥 달려들다가 가만히 생각하고,
“아니 우리 빙장님과 츰에.”
하고 첫번부터 다시 말을 고쳤다. 장인님은 빙장님 해야 좋아하고 밖에 나와서 장인님 하면 괜스레 골을 내려 든다. 뱀두 뱀이래야 좋으냐구 창피스러우니 남 듣는 데는 제발 빙장님, 빙모님, 하라구 일상 당조짐을 받아 오면서 난 그것도 자꾸 잊는다. 당장도 장인님 하다 옆에서 내 발등을 꾹 밟고 곁눈질을 흘기는 바람에야 겨우 알았지만…….
구장님도 내 이야기를 자세히 듣더니 퍽 딱한 모양이었다. 하기야 구장님뿐만 아니라 누구든지 다 그럴 게다. 길게 길러 둔 새끼손톱으로 코를 후벼서 저리 탁 튀기며,
“그럼 봉필 씨! 얼른 성례를 시켜 주구려, 그렇게까지 제가 하구 싶다는 걸…….”
하고 내 짐작대로 말했다. 그러나 이 말에 장인님은 삿대질로 눈을 부라리고,
“아 성례구 뭐구 계집애년이 미처 자라야 할 게 아닌가?”
하니까 고만 멀쑤룩해서 입맛만 쩍쩍 다실 뿐이 아닌가.
“그것두 그래!”
“그래, 거진 사 년 동안에도 안 자랐다니 그 킨 은제 자라지유? 다 그만두구 사경 내슈…….”
“글쎄, 이 자식아! 내가 크질 말라구 그랬니, 왜 날 보구 떼냐?”
“빙모님은 참새만한 것이 그럼 어떻게 앨 낳지유?(사실 장모님은 점순이보다도 귀때기 하나가 작다.)”
장인님은 이 말을 듣고 껄껄 웃더니(그러나 암만해두 돌 씹은 상이다) 코를 푸는 척하고 날 은근히 곯리려고 팔꿈치로 옆 갈비께를 퍽 치는 것이다. 더럽다. 나도 종아리의 파리를 쫓는 척하고 허리를 구부리며 그 궁둥이를 콱 떼밀었다. 장인님은 앞으로 우찔근하고 싸리문께로 쓰러질 듯하다 몸을 바로 고치더니 눈총을 몹시 쏘았다. 이런 상년의 자식! 하곤 싶으나 남의 앞이라서 차마 못 하고 섰는 그 꼴이 보기에 퍽 쟁그라웠다.
그러나 이 밖에는 별반 신통한 귀정을 얻지 못하고 도로 논으로 돌아와서 모를 부었다. 왜냐면 장인님이 뭐라고 귓속말로 수군수군하고 간 뒤다. 구장님이 날 위해서 조용히 데리고 아래와 같이 일러 주었기 때문이다. (뭉태의 말은 구장님이 장인님에게 땅 두 마지기 얻어 부치니까 그래 꾀었다고 하지만 난 그렇게 생각 않는다.)
“자네 말두 하기야 옳지, 암 나이 찼으니까 아들이 급하다는 게 잘못된 말은 아니야. 허지만 농사가 한창 바쁜 때 일을 안 한다든가 집으로 달아난다든가 하면 손해죄루 그것두 징역을 가거든! (여기에 그만 정신이 번쩍 났다.) 왜 요전에 삼포말서 산에 불 좀 놓았다구 징역 간 거 못 봤나? 제 산에 불을 놓아도 징역을 가는 이땐데 남의 농사를 버려 주니 죄가 얼마나 더 중한가. 그리고 자넨 정장을(사경 받으러 정장 가겠다 했다) 간대지만 그러면 괜시리 죄를 들쓰고 들어가는 걸세. 또 결혼두 그렇지, 법률에 성년이란 게 있는데 스물하나가 돼야 비로소 결혼을 할 수 있는 걸세. 자넨 물론 아들이 늦을 걸 염려하지만 점순이루 말하면 이제 겨우 열여섯이 아닌가. 그렇지만 아까 빙장님의 말씀이 올 갈에는 열일을 제치고라두 성례를 시켜 주겠다 하니 좀 고마울 겐가. 빨리 가서 모 붓던 거나 마저 붓게, 군소리 말구 어서 가.”
그래서 오늘 아침까지 끽소리 없이 왔다.
장인님과 내가 싸운 것은 지금 생각하면 뜻밖의 일이라 안 할 수 없다. 장인님으로 말하면 요즈막 작인들에게 행세를 좀 하고 싶다고 해서 ‘돈 있으면 양반이지 별게 있느냐!’ 하고 일부러 아랫배를 툭 내밀고 걸음도 뒤틀리게 걷고 하는 이 판이다. 이까짓 나쯤 두들기다 남의 땅을 가지고 모처럼 닦아 놓았던 가문을 망친다든지 할 어른이 아니다. 또 나로 논지면 아무쪼록 잘 봬서 점순이에게 얼른 장가를 들어야 하지 않느냐.
이렇게 말하자면 결국 어젯밤 뭉태네 집에 마슬 간 것이 썩 나빴다. 낮에 구장님 앞에서 장인님과 내가 싸운 것을 어떻게 알았는지 대고 빈정거리는 것이 아닌가.
“그래 맞구두 그걸 가만둬?”
“그럼 어떡하니?”
“임마 봉필일 모판에다 거꾸루 박아 놓지 뭘 어떡해?”
하고 괜히 내 대신 화를 내가지고 주먹질을 하다 등잔까지 쳤다. 놈이 본시 괄괄은 하지만 그래 놓고 날더러 석윳값을 물라고 막 지다위를 붙는다. 난 어안이 벙벙해서 잠자코 앉았으니까 저만 연방 지껄이는 소리가,
“밤낮 일만 해주구 있을 테냐?”
“영득이는 일 년을 살구도 장갈 들었는데 난 사 년이나 살구두 더 살아야 해.”
“네가 세 번째 사윈 줄이나 아니? 세 번째 사위.”
“남의 일이라두 분하다 이 자식아, 우물에 가 빠져 죽어.”
나중에는 겨우 손톱으로 목을 따라고까지 하고 제 아들같이 함부로 훅닥이었다. 별의별 소리를 다 해서 그대로 옮길 수는 없으나 그 줄거리는 이렇다.
우리 장인님이 딸이 셋이 있는데 맏딸은 재작년 가을에 시집을 갔다. 정말은 시집을 간 것이 아니라 그 딸도 데릴사위를 해가지고 있다가 내보냈다. 그런데 딸이 열 살 때부터 열아홉, 즉 십 년 동안에 데릴사위를 갈아들이기를, 동리에선 사위 부자라고 이름이 났지마는 열 놈이란 참 너무 많다. 장인님이 아들은 없고 딸만 있는 고로 그 담 딸을 데릴사위를 해올 때까지는 부려먹지 않으면 안 된다. 물론 머슴을 두면 좋지만 그건 돈이 드니까, 일 잘하는 놈을 고르느라고 연방 바꿔 들였다. 또 한편 놈들이 욕만 줄창 퍼붓고 심히도 부려먹으니까 밸이 상해서 달아나기도 했겠지. 점순이는 둘째딸인데 내가 일테면 그 세 번째 데릴사위로 들어온 셈이다. 내 담으로 네 번째 놈이 들어올 것을 내가 일도 참 잘하고 그리고 사람이 좀 어수룩하니까 장인님이 잔뜩 붙들고 놓질 않는다. 셋째딸이 인제 여섯 살, 적어두 열 살은 돼야 데릴사위를 할 테므로 그 동안은 죽도록 부려먹어야 된다. 그러니 인제는 속 좀 차리고 장가를 들여 달라구 떼를 쓰고 나자빠져라, 이것이다.
나는 건성으로 엉, 엉, 하며 귓등으로 들었다. 뭉태는 땅을 얻어 부치다가 떨어진 뒤로는 장인님만 보면 공연히 못 먹어서 으릉거린다. 그것도 장인님이 저 달라고 할 적에 제 집에서 위한다는 그 감투(예전에 원님이 쓰던 것이라나, 옆구리에 뽕뽕 좀먹은 걸레)를 선뜻 주었더라면 그럴 리도 없었던 걸…….
그러나 나는 뭉태란 놈의 말을 전수이 곧이듣지 않았다. 꼭 곧이들었다면 간밤에 와서 장인님과 싸웠지 무사히 있었을 리가 없지 않은가. 그러면 딸에게까지 인심을 잃은 장인님이 혼자 나빴다.
실토이지 나는 점순이가 아침상을 가지고 나올 때까지는 오늘은 또 얼마나 밥을 담았나, 하고 이것만 생각했다. 상에는 된장찌개하고 간장 한 종지, 조밥 한 그릇, 그리고 밥보다 더 수부룩하게 담은 산나물이 한 대접, 이렇다. 나물은 점순이가 틈틈이 해오니까 두 대접이고 네 대접이고 멋대로 먹어도 좋으나 밥은 장인님이 한 사발 외엔 더 주지 말라고 해서 안 된다. 그런데 점순이가 그 상을 내 앞에 내놓으며 제 말로 지껄이는 소리가,
“구장님한테 갔다 그냥 온담 그래!”
하고 엊그제 산에서와 같이 되우 쫑알거린다. 딴은 내가 더 단단히 덤비지 않고 만 것이 좀 어리석었다, 속으로 그랬다. 나도 저쪽 벽을 향하여 외면하면서 내 말로,
“안 된다는 걸 그럼 어떡헌담!”
하니까,
“쇰을 잡아채지 그냥 둬, 이 바보야!”
하고 또 얼굴이 빨개지면서 성을 내며 안으로 샐죽하니 튀들어 가지 않느냐. 이때 아무도 본 사람이 없었게망정이지 보았다면 내 얼굴이 어미 잃은 황새새끼처럼 가엾다, 했을 것이다.
사실 이때만큼 슬펐던 일이 또 있었는지 모른다. 다른 사람은 암만 못생겼다 해도 괜찮지만 내 아내 될 점순이가 병신으로 본다면 참 신세는 따분하다. 밥을 먹은 뒤 지게를 지고 일터로 가려 하다 도로 벗어 던지고 바깥마당 공석 위에 드러누워서 나는 차라리 죽느니만 같지 못하다 생각했다.
내가 일 안 하면 장인님 저는 나이가 먹어 못 하고 결국 농사 못 짓고 만다. 뒷짐으로 트림을 꿀꺽, 하고 대문 밖으로 나오다 날 보고서,
“이 자식아! 너 왜 또 이러니?”
“관격이 났어유, 아이구 배야!”
“기껀 밥 처먹고 나서 무슨 관격이야, 남의 농사 버려 주면 이 자식아 징역 간다 봐라!”
“가두 좋아유, 아이구 배야!”
참말 난 일 안 해서 징역 가도 좋다 생각했다. 일후 아들을 낳아도 그 앞에서 바보 바보 이렇게 별명을 들을 테니까 오늘은 열 쪽이 난대도 결정을 내고 싶었다.
장인님이 일어나라고 해도 내가 안 일어나니까 눈에 독이 올라서 저편으로 힝 하게 가더니 지게막대기를 들고 왔다. 그리고 그걸로 내 허리를 마치 들떠 넘기듯이 쿡 찍어서 넘기고 넘기고 했다. 밥을 잔뜩 먹고 딱딱한 배가 그럴 적마다 퉁겨지면서 밸창이 꼿꼿한 것이 여간 켕기지 않았다. 그래도 안 일어나니까 이번엔 배를 지게막대기로 위에서 쿡쿡 찌르고 발길로 옆구리를 차고 했다. 장인님은 원체 심청이 궂어서 그렇지만 나도 저만 못하지 않게 배를 채었다. 아픈 것을 눈을 꽉 감고 넌 해라 난 재미단 듯이 있었으나 볼기짝을 후려갈길 적에는 나도 모르는 결에 벌떡 일어나서 그 수염을 잡아챘다. 마는 내 골이 난 것이 아니라 정말은 아까부터 부엌 뒤 울타리 구멍으로 점순이가 우리들의 꼴을 몰래 엿보고 있었기 때문이다. 가뜩이나 말 한마디 톡톡히 못 한다고 바보라는데 매까지 잠자코 맞는 걸 보면 짜장 바보로 알 게 아닌가. 또 점순이도 미워하는 이까짓 놈의 장인님 나하곤 아무것도 안 되니까 막 때려도 좋지만 사정 보아서 수염만 채고(제 원대로 했으니까 이때 점순이는 퍽 기뻤겠지) 저기까지 잘 들리도록,
“이걸 까셀라 부다!”
하고 소리를 쳤다.
장인님은 더 약이 바짝 올라서 잡은 참 지게막대기로 내 어깨를 그냥 내리갈겼다. 정신이 다 아찔하다. 다시 고개를 들었을 때 그때엔 나도 온몸에 약이 올랐다. 이 녀석의 장인님을, 하고 눈에서 불이 퍽 나서 그 아래 밭 있는 넝 알로 그대로 떠밀어 굴려 버렸다. 조금 있다가 장인님이 씩, 씩, 하고 한번 해보려고 기어오르는 걸 얼른 또 떠밀어 굴려 버렸다.
기어오르면 굴리고, 굴리면 기어오르고, 이러길 한 너덧 번을 하며 그럴 적마다,
“부려만 먹구 왜 성례 안 하지유!”
나는 이렇게 호령했다. 하지만 장인님이 선뜻, 오냐 낼이라두 성례시켜 주마, 했으면 나도 성가신 걸 그만두었을지 모른다. 나야 이러면 때린 건 아니니까 나중에 장인 쳤다는 누명도 안 들을 터이고 얼마든지 해도 좋다.
한번은 장인님이 헐떡헐떡 기어서 올라오더니 내 바짓가랑이를 요렇게 노리고서 단박 움켜잡고 매달렸다. 악, 소리를 치고 나는 그만 세상이 다 팽그르 도는 것이,
“빙장님! 빙장님! 빙장님!”
“이 자식! 잡아먹어라. 잡아먹어!”
“아! 아! 할아버지! 살려 줍쇼, 할아버지!”
하고 두 팔을 허둥지둥 내절 적에는 이마에 진땀이 쭉 내솟고 인젠 참으로 죽나 보다, 했다. 그래도 장인님은 놓질 않더니 내가 기어이 땅바닥에 쓰러져서 거진 까무러치게 되니까 놓는다. 더럽다 더럽다. 이게 장인님인가, 나는 한참을 못 일어나고 쩔맸다. 그러다, 얼굴을 드니(눈에 참 아무것도 보이지 않았다) 사지가 부르르 떨리면서 나도 엉금엉금 기어가 장인님의 바짓가랑이를 꽉 움키고 잡아나꿨다.
내가 머리가 터지도록 매를 얻어맞은 것이 이 때문이다. 그러나 여기가 또한 우리 장인님이 유달리 착한 곳이다. 여느 사람이면 사경을 주어서라도 당장 내쫓았지 터진 머리를 볼솜으로 손수 지져 주고, 호주머니에 희연 한 봉을 넣어 주시고 그리고,
“올 갈엔 꼭 성례를 시켜 주마. 암말 말구 가서 뒷골의 콩밭이나 얼른 갈아라.”
하고 등을 뚜덕여 줄 사람이 누구냐.
나는 장인님이 너무나 고마워서 어느덧 눈물까지 났다. 점순이를 남기고 이젠 내쫓기려니, 하다 뜻밖의 말을 듣고,
“빙장님! 인제 다시는 안 그러겠어유.”
이렇게 맹세를 하며 부랴사랴 지게를 지고 일터로 갔다.
그러나 이때는 그걸 모르고 장인님을 원수로만 여겨서 잔뜩 잡아당겼다.
“아! 아! 이놈아! 놔라, 놔.”
장인님은 헛손질을 하며 솔개미에 챈 닭의 소리를 연해 질렀다. 놓긴 왜, 이왕이면 호되게 혼을 내주리라, 생각하고 짓궂이 더 댕겼다. 마는 장인님이 땅에 쓰러져서 눈에 눈물이 피잉 도는 것을 알고 좀 겁도 났다.
“할아버지! 놔라, 놔, 놔, 놔놔.”
그래도 안 되니까,
“얘 점순아! 점순아!”
이 악장에 안에 있었던 장모님과 점순이가 헐레벌떡하고 단숨에 뛰어나왔다.
나의 생각에 장모님은 제 남편이니까 역성을 할는지도 모른다. 그러나 점순이는 내 편을 들어서 속으로 고소해서 하겠지―대체 이게 웬 속인지(지금까지도 난 영문을 모른다) 아버질 혼내 주기는 제가 내래 놓고 이제 와서는 달려들며,
“에그머니! 이 망할 게 아버지 죽이네!”
하고 내 귀를 뒤로 잡아당기며 마냥 우는 것이 아니냐. 그만 여기에 기운이 탁 꺾이어 나는 얼빠진 등신이 되고 말았다. 장모님도 덤벼들어 한쪽 귀마저 뒤로 잡아채면서 또 우는 것이다.
이렇게 꼼짝도 못하게 해놓고 장인님은 지게막대기를 들어서 사뭇 내려조겼다. 그러나 나는 구태여 피하려지도 않고 암만해도 그 속 알 수 없는 점순이의 얼굴만 멀거니 들여다보았다.
“이 자식! 장인 입에서 할아버지 소리가 나오도록 해?”","“장인님! 인젠 저…….”
내가 이렇게 뒤통수를 긁고, 나이가 찼으니 성례를 시켜 줘야 하지 않겠느냐고 하면 대답이 늘,
“이 자식아! 성례구 뭐구 미처 자라야지!”",8371
불사 판매 주식회사,로버트 세클리,"한밤중의 고속도로는 어디까지나 한없이 일직선으로 이어져 있었다.
토마스 브레인은 계속해서 액셀레이터를 밟는 발에다 힘을 주었다. 스포츠카는 마치 먹이를 향해 돌진하는 들짐승처럼 낮게 소리를 울리며 더욱 스피드를 올렸다. 속도계는 120킬로미터를 나타내고 있었다. 그러나 겨우 60킬로미터 정도의 느낌밖에 들지 않았다. 어디까지라도 끝없이 달리고 싶은 기분이었다.
브레인은 또 다시 우울한 기분에 잠기기 시작했다.
'난 참 쓸모 없는 녀석이야. 왜 좀 더 야심을 갖지 않을까? 왜 좀 더 노력해서 독립하겠다는 생각을 못한단 말인가.'
브레인은 어느 틈엔가 또다시 같은 질문을 자기 자신에게 하고 있었다.
그는 유명한 매티슨 요트회사의 설계기사였다. 그러나 일류 기사가 아니라 말단 기사 중의 한 사람이었다. 일류 기사들이 설계한 여러 종류의 설계도를 스케치하거나 선전 광고의 문안을 만드는 것이 브레인이 하는 주된 일이었다.
""그렇게 싫으면 아예 그만두고 독립하는 건 어때?""
브레인의 한 여자 친구는 항상 그렇게 말했다.
그럴 때마다 브레인은 언제나 쓴웃음으로 이렇게 대답하곤 했다.
""아니, 난 공상가지 실천가는 아니거든. 머리 속에서 공상은 많이 하지만 막상 그걸 실천에 옮기는 것은 아주 딱 질색이란 말씀이야.""
""즉, 게으름뱅이라 그 말이군?""
""음, 그럴지도 모르지. 그렇지만 난 지금 이 생활에서 무리를 해가면서 뛰쳐나올 생각은 조금도 없어. 충분한 봉급에다 좋은 자동차, 멋진 요트하며, 훌륭한 아파트도 있겠다, 독립하면 그런 호사는 할 수 없거든.""
사실 브레인은 마침 그가 빌려 살고 있던 멋진 바다의 별장에서 돌아오고 있는 중이었다. 그리고 그런 바다의 별장 같은 것은 섣불리 야심을 품고 독립을 하게 되면 지금처럼 쉽게 빌리기는 어려울 것이다.
'저 자동차가 왜 중앙선에 바싹 붙어서 달리지?'
브레인은 위험하다는 생각이 들었다. 고속도로 위에 파란색의 스포츠카가 중앙 분리선에 바싹 붙어서 저편에서 전속력으로 달려오고 있었다. 이쪽이 피하지 않으면 정면 충돌할 우려가 있었다. 그는 자동차의 속력을 낮춰야겠다고 생각하고 액셀러레이터에서 발을 뗐다. 그러자 그 자동차는 오히려 속력을 내며 중앙 분리선 쪽으로 빨려드는 것처럼 접근해 가는 것이 아닌가?
'이크, 이게 어찌된 노릇이지? 타이어가 터졌나? 아니면 핸들이 고장난 걸까?'
그는 겁에 질려 부들부들 떨었다. 전신의 힘을 다해 반대쪽으로 돌리려고 했지만 핸들은 꿈쩍도 하지 않았다. 자동차는 눈 깜짝할 새에 분리대 콘크리트 벽에 충돌하고 말았다.
찌익 찌 찌 찌익…….
다음 순간 자동차는 맹렬한 기세로 반대편으로 튀어나가 버렸다.
저쪽에서 달려오던 자동차의 헤드라이트가 무서운 기세로 다가온다.
‘아아… 나도 마침내 그 어리석은 자동차 사고를 일으키고 마는구나. 자주 신문과 텔레비전에서 보던 어리석은 자동차 사고를……'
그는 절망감과 동시에 그렇게 생각했다.
그런데 그 순간 핸들이 다시 움직이기 시작했다.
핸들을 오른쪽이든 왼쪽이든 간에 힘껏 꺾기만 하면 충돌은 면할 수 있을 것 같았다. 다음 순간 브레인의 가슴속에 이상한 생각이 떠올랐다.
'어째서 지금 죽어버리려고 하지 않는 거지? 어차피 살아봤자 별 볼일 없는 세상이 아니냐! 차라리 지금 충돌해서 죽어버리면 모든 것이 끝장나는데……. 아픈 것도 괴로운 것도 실망이나 나태한 것도 모조리 끝나고 마는 것이다. 그냥 이대로가 좋지 않으냐!'
상대편 자동차의 헤드라이트가 정면에서 번득번득 빛났다.




그 빛 속에 운전하고 있는 젊은 남자의 일그러진 얼굴이 뚜렷이 보인다고 생각한 순간 브레인의 자동차는 굉장한 기세로 그 자동차와 정면으로 충돌하고 말았다.
몸뚱이가 로켓처럼 앞으로 고꾸라졌다.
핸들이 손에 잡힌 채로 똑 부러졌다.
얼굴이 두꺼운 앞 유리에 부딪쳐 유리가 부서지고 머리가 밖으로 쑥 튀어 나갔다.
핸들의 받침대가 가슴에 부딪쳐 늑골을 부러뜨리고도 모자라 등뼈까지 꺾어버린 것 같았다.
'아아……, 난 죽는구나!'
브레인은 마지막으로 그렇게 생각했다.
그리고 의식이 점점 희미해졌다.

미래에 살아나다




브레인은 문득 눈을 떴다.
새하얀 방, 새하얀 침대, 새하얀 천장.
'여긴 어디지? 난 틀림없이…….'
""살아났습니다.""
하고 그때 누군가가 말했다.
브레인은 눈동자를 굴렸다.
흰옷을 입은 의사처럼 보이는 두 사람이 그를 지긋이 내려다보고 있었다.
한 사람은 수염이 난 자그마한 노인이고 또 한 사람은 얼굴 색이 붉고 뚱뚱하게 살이 찐 남자였다.
""이름은?""
하고 얼굴 색이 붉고 뚱뚱한 남자가 물었다.
""토마스 브레인.""
""나이는?""
""서른 두 살.""
브레인은 기계적으로 대답하고 나서 상대방에게 되물었다.
""여긴 대체 어딥니까? 난 대체 어떻게 된……""
그러나 그는 브레인의 말을 들은 체 만 체하고 늙은 의사를 돌아보고 말했다.
""어떻습니까? 환자를 좀 보세요. 아주 정상적입니다.""
늙은 의사는 머리를 끄덕이며 대답했다.
""도저히 믿을 수 없군.""
""그렇습니다. 지금까지 우리들은 죽음의 충격을 지나치게 중요시하는 경향이 있었습니다. 저는 그게 틀렸다는 사실을 증명한 겁니다!""
""브레인 씨, 기분이 어떻소?""
""아주 좋습니다. 하지만 대체 난 어떻게 된……""
""되살아났고 더욱이 정신도 말짱하고 건강합니다. 이것으로 저의 연구를 인정해주시겠지요?""
""음, 그럴 수밖에 없겠지…….""
두 사람은 브레인을 그냥 둔 채 나가버렸다.
거기에 사람 좋아 보이는 간호사가 와서 무엇인가 약 같은 것을 내밀었다.
""자아, 이걸 드세요. 기운이 나실 겁니다.""
""난 어떻게 된 겁니까? 가르쳐 주세요. 여긴 병원이죠?""
""아직 질문은 일체 받지 않습니다. 의사선생님의 지시이십니다. 조금 더 건강이 회복되면 대답해 드리지요.""
하고 말하더니 간호사는 나가버렸다.
뭐가 뭔지 통 알 수가 없었다. 수염이 난 의사가 이번에는 젊은 여자를 데리고 들어왔다.
""선생님, 이젠 인터뷰를 해도 괜찮겠지요?""
""물론. 하지만 무슨 말을 할 지는 보장할 수 없어요. 어쨌든 지금 막 되살아났으니까요.""
""잘 알겠습니다.""
젊은 여자가 브레인에게 다가왔다. 아주 예쁜, 눈이며 코가 또렷한 미인이었다. 그런데 그 표정에는 어딘가 인형 같은 데가 있었다. 아름답지만 만들어진 물건 같은 느낌이 들었다.
“처음 뵙겠어요, 브레인 씨. 전 마리 소온입니다.""
""아, 처음 뵙습니다.""
브레인도 대답했다.
""브레인 씨는 여기가 어디라고 생각하십니까?""
""병원 같군요.""
그때 브레인은 마리가 조그만 마이크 같은 것을 들고 있는 것을 보았다. 그리고 주위에 서너 명의 사나이들이 다가와 텔레비전 카메라 같은 것을 설치하는 것을 보자 브레인은 화가 났다.
""이게 뭐요? 도대체 무슨 짓을 하려는 거요?""
""당신을 구해주고 싶어서요.""
""구해준다고요?""
""그렇습니다. 당신은 그 사고를 기억하고 계시죠?""
""사고? 무슨 사고란 말이오?""
""당신은 부상당한 일을 기억하지 못합니까?""
순간 브레인은 그 눈부신 헤드라이트의 빛과 폭발하는 엔진 소리를, 그리고 그 무섭던 충돌 사고를 생각해냈다.
""아, 생각났습니다. 반대쪽에서 온 자동차하고 정면충돌해서 핸들이 부러지고 그게 가슴에 박히고 그리고……?""
그는 몸을 떨었다.
""당신 가슴을 좀 보세요.""
마리의 말에 그는 그때 비로소 자기의 가슴을 보았다. 벌어진 파자마 밑으로 보이는 가슴에는 흠집 하나 없었다.
""설마! 이런 일이?""
그는 저도 모르게 외쳤다.
""응, 이건 제법인데!""
""오오, 박력이 있어 좋았어!""
주위의 사내들이 수군거리고 있었다.
그러나 브레인에게는 그 말소리들이 파리 소리 정도로 밖에는 들리지 않았다. 머리 속에서는 여러 가지 생각이 헝클어지고 얽혀져서 소리를 내고 있었다.
""나는 죽어가고 있었는데……. 아니 난 확실히 죽었다!""
""멋지군! 모든 사람이 이 장면을 보면 얼마나 큰 소동이 벌어질까!""
""야, 정말 멋있다!""
""믿을 수 없다는 느낌이 역력히 나타나 있거든!""
주위의 사내들이 계속해서 수런대고 있었다. 마리는 거울을 집어 그의 손에 들려주었다.
""자, 당신의 얼굴을 좀 보세요.""
브레인은 거울을 보았다. 순간 그는 저도 모르는 사이에 떨리는 손으로 얼굴을 쓸어보고 있었다.




""이, 이건, 이것은…… 내 얼굴이 아니야! 이건 내 몸이 아니다!""
그는 쉰 목소리로 말했다. 그 목소리까지도 자기의 목소리가 아니었음을 그는 문득 알아차렸다.
""난 어떻게 되었지? 말 좀 해 줘. 내 얼굴, 내 몸을 어디다 버렸어?""
마리의 아름다운 얼굴이 다가와 나지막하게 속삭였다.
""당신의 몸은 죽어 버렸어요, 브레인 씨. 자동차사고로 엉망진창이 되어서 죽어 버렸거든요. 하지만 우리들은 당신의 가장 중요한 부분, 즉 영혼을 구출해 낸 거랍니다. 그래서 새로운 몸 속에 이식했답니다. 아시겠어요?""
브레인은 묵묵히 마리의 얼굴을 바라보고만 있었다.
뭐가 뭔지 또다시 알쏭달쏭해졌다.
'몸은 죽었는데 영혼만 구조를 받아 그것이 또한 새로운 육체 속에 되살아났다. 그런 일들이 정말 있을 수 있단 말인가? 아니, 그런 엉터리 같은 일은 있을 수 없다. 나는 아마 정신이 어떻게 이상해진 모양이다. 그렇다면…… 그렇다면 도대체 무엇이 어떻게 된 것인가?'
하고 브레인은 생각했다.
""믿을 수 없으시겠지만 사실입니다. 지금은 2115년입니다. 당신이 살고 있던 시대에서는 도저히 믿을 수 없었던 수많은 일들이 실현되고 있답니다.""
마리가 계속 이야기하고 있었다.
그러나 그는 이미 아무 말도 듣지 않고 있었다.
가슴 밑바닥에서부터 뜨거운 것이 치밀어 올라 큰소리로 엉엉 울고 싶은 마음뿐이었다.
이것도 저것도 모두가 귀찮았다.
슬프고 괴롭고 무의미하였다.
그는 크게 소리를 지르며 울기 시작했다.
""진정제를 놔라!""
누군가가 말했다.
가슴에 따끔하게 느꼈다고 생각하자 금방 눈앞이 핑글핑글 돌기 시작했다.
그리고 다시 한 번 아무 것도 모르는 상태로 빠져들어 갔다.",그 빛 속에 운전하고 있는 젊은 남자의 일그러진 얼굴이 뚜렷이 보인다고 생각한 순간 브레인의 자동차는 굉장한 기세로 그 자동차와 정면으로 충돌하고 말았다.,3648
붉은 산,김동인,"그것은 여(余)가 만주를 여행할 때 일이었다. 만주의 풍속도 좀 살필 겸 아직껏 문명의 세례를 받지 못한 그들의 사이에 퍼져 있는 병(病)을 조사할 겸해서 일년의 기한을 예산하여 가지고 만주를 시시콜콜이 다 돌아온 적이 있었다. 그때에 ××촌이라 하는 조그만 촌에서 본 일을 여기에 적고자 한다.
××촌은 조선사람 소작인만 사는 한 이십여 호 되는 작은 촌이었다. 사면을 둘러보아도 한개의 산도 볼 수가 없는 광막한 만주의 벌판 가운데 놓여 있는 이름도 없는 작은 촌이었다. 몽고사람 종자(從者)를 하나 데리고 노새를 타고 만주의 촌촌을 돌아다니던 여가 그 ××촌에 이른 때는 가을도 다 가고 어느덧 광포한 북극의 겨울이 만주를 찾아온 때였다.
만주의 어느 곳이나 조선사람이 없는 곳은 없지만 이러한 오지(奧地)에서 한 동네가 죄 조선 사람뿐으로 되어 있는 곳을 만나니 반가왔다. 더구나 그 동네는 비록 모두가 만주국인의 소작인이라 하나, 사람들이 비교적 온량하고 정직하여, 장성한 이들은 그래도 모두 천자문 한 권쯤은 읽은 사람이었다.
살풍경한 만주, 그 가운데서 살풍경한 살림을 하는 만주국인이며 조선사람의 동네를 근 일년이나 돌아다니다가 비교적 평화스런 이런 동네를 만나면, 그것이 비록 외국인의 동네라 하여도 반갑겠거늘, 하물며 우리 같은 동족임에랴. 여는 그 동네에서 한 십여 일 이상을 일없이 매일 호별 방문을 하며 그들과 이야기로 날을 보내며, 오래간만에 맛보는 평화적 기분을 향락하고 있었다.
'삵'이라는 별명을 가지고 있는 '정익호'라는 인물을 본 것이 여기서이다.
익호라는 인물의 고향이 어디인지는 ××촌에서 아무도 몰랐다. 사투리로 보아서 경기 사투리인 듯하지만 빠른 말로 재재거리는 때에는 영남 사투리가 보일 때도 있고, 싸움이라도 할 때는 서북 사투리가 보일 때도 있었다. 그런지라 사투리로서 그의 고향을 짐작할 수가 없었다. 쉬운 일본말도 알고, 한문글자도 좀 알고, 중국말은 물론 꽤 하고, 쉬운 러시아말도 할 줄 아는 점 등등, 이곳저곳 숱하게 줏어먹은 것은 짐작이 가지만 그의 경력을 똑똑히 아는 사람은 없었다.
그는 여(余)가 ××촌에 가기 일년 전쯤 빈손으로 이웃이라도 오듯 후덕덕 ××촌에 나타났다 한다. 생김생김으로 보아서 얼굴이 쥐와 같고 날카로운 이빨이 있으며 눈에는 교활함과 독한 기운이 늘 나타나 있으며, 발룩한 코에는 코털이 밖으로까지 보이도록 길게 났고, 몸집은 작으나 민첩하게 되었고, 나이는 스물 다섯에서 사십까지 임의로 볼 수 있으며, 그 몸이나 얼굴 생김이 어디로 보든 남에게 미움을 사고 근접치 못할 놈이라는 느낌을 갖게 한다.
그의 장기(長技)는 투전이 일쑤며, 싸움 잘하고, 트집 잘 잡고, 칼부림 잘하고, 색시에게 덤벼들기 잘하는 것이라 한다.
생김생김이 벌써 남에게 미움을 사게 되었고, 거기다 하는 행동조차 변변치 못한 일만이라, ××촌에서도 아무도 그를 대척하는 사람이 없었다. 사람들은 모두 그를 피하였다. 집이 없는 그였으나 뉘 집에 잠이라도 자러 가면 그 집 주인은 두말 없이 다른 방으로 피하고 이부자리를 준비하여주고 하였다. 그러면 그는 이튿날 해가 낮이 되도록 실컷 잔 뒤에 마치 제 집에서 일어나듯 느직이 일어나서 조반을 청하여 먹고는 한마디의 사례도 없이 나가버린다.
그리고 만약 누구든 그의 이 청구에 응치 않으면 그는 그것을 트집으로 싸움을 시작하고, 싸움을 하면 반드시 칼부림을 하였다.
동네의 처녀들이며 젊은 여인들은 익호가 이 동네에 들어온 뒤부터는 마음놓고 나다니지를 못하였다. 철없이 나갔다가 봉변을 당한 사람도 몇이 있었다.
'삵'
이 별명은 누가 지었는지 모르지만 어느덧 ××촌에서는 익호를 익호라 부르지 않고 '삵'이라고 부르게 되었다.
“삵이 뉘 집에서 묵었나?”
“김 서방네 집에서.”
“다른 봉변은 없었다나?”
“요행히 없었다네.”
그들은 아침에 깨면 서로 인사 대신으로 '삵'의 거취를 알아보고 하였다.
'삵'은 이 동네에는 커다란 암종이었다. '삵' 때문에 아무리 농사에 사람이 부족한 때라도 젊고 튼튼한 몇 사람은 동네의 젊은 부녀를 지키기 위하여 동네 안에 머물러 있지 않을 수가 없었다. '삵' 때문에 부녀와 아이들은 아무리 더운 여름 저녁에라도 길에 나서서 마음놓고 바람을 쏘여보지를 못하였다. '삵' 때문에 동네에서는 닭의 가리며 돼지우리를 지키기 위하여 밤을 새지 않을 수가 없었다.
동네의 노인이며 젊은이들은 몇번을 모여서 '삵'을 이 동리에서 내어쫓기를 의논하였다. 물론 합의는 되었다. 그러나 내어쫓는 데 선착할 사람이 없었다.
“첨지가 선착하면 뒤는 내 담당하마.”
“뒤는 걱정 말고 형님 먼저 말해보시오.”
제각기 '삵'에게 먼저 달겨들기를 피하였다.
이리하여 동리에서는 합의는 되었으나 '삵'은 그냥 태연히 이 동네에 묵어있게 되었다.
“며늘년들이 조반이나 지었나?”
“손주놈들이 잠자리나 준비했나?”
마치 그 동네의 모두가 자기의 집안인 것같이 '삵'은 마음대로 이집 저집을 드나들었다.
××촌에서는 사람이라도 죽으면 반드시 조상 대신으로,
“삵이나 죽지 않고.”
하는 한마디의 말을 잊지 않고 하였다. 누가 병이라도 나면,
“에익! 이 놈의 병 '삵'한테로 가거라.”
고 하였다.
암종 - 누구나 '삵'을 동정하거나 사랑하는 사람이 없었다.
'삵'도 남의 동정이나 사랑은 벌써 단념한 사람이었다. 누가 자기에게 아무런 대접을 하든 탓하지 않았다. 보이는 데서 보이는 푸대접을 하면 그 트집으로 반드시 칼부림까지 하는 그였지만, 뒤에서 아무런 말을 할지라도 - 그리고 그것이 '삵'의 귀에까지 갈지라도 탓하지 않았다.
“흥…”
이 한마디는 그의 가장 큰 처세 철학이었다.
흔히 곁 동네 만주국인들의 투전판에 가서 투전을 하였다. 때때로 두들겨 맞고 피투성이가 되어서 돌아오는 일도 있었다. 그러나 그는 그 하소연을 하는 일이 없었다. 한다 할지라도 들을 사람도 없거니와 - 아무리 무섭게 두들겨 맞은 뒤라도 하루만 샘물에 상처를 씻고 절룩절룩한 뒤에는 또 이튿날은 천연히 나다녔다.
여(余)가 ××촌을 떠나기 전날이었다.
송 첨지라는 노인이 그해 소출을 나귀에 실어 가지고 만주국인 지주가 있는 촌으로 갔다. 그러나 돌아올 때는 송장이 되었다. 소출이 좋지 못하다고 두들겨 맞아서 부러져 꺾어진 송 첨지는 나귀등에 몸이 결박되어서 겨우 ××촌으로 돌아왔다. 그리고 놀란 친척들이 나귀에서 몸을 내릴 때에 절명하였다.
××촌에서는 왁자하였다.
“원수를 갚자!”
명 아닌 목숨을 끊은 송 첨지를 위하여 동네의 젊은이는 모두 흥분하였다. 제각기 이제라도 들고 일어설 듯하였다.
그러나 그뿐이었다. 누구든 앞장을 서려는 사람이 없었다. 만약 이때에 누구든 앞장을 서는 사람만 있었더면 그들은 곧 그 지주에게로 달려갔을지 모른다. 그러나 제가 앞장을 서겠노라고 나서는 사람은 없었다. 제각기 곁사람을 돌아보았다.
발을 굴렀다. 부르짖었다. 학대받는 인종의 고통을 호소하며 울었다. 그러나 - 그뿐이었다. 남의 일로 지주에게 반항하여 제 밥자리까지 떼우기를 꺼림인지, 용감히 앞서 나가는 사람은 없었다.
여는 의사라는 여의 직업상 송 첨지 시체를 검시를 하였다. 돌아오는 길에 여는 '삵'을 만났다. 키가 작은 '삵'을 여는 내려다보았다. '삵'은 여를 쳐다보았다.
‘가련한 인생아. 인종의 거머리야. 가치 없는 인생아. 밥 버러지야. 기생충아!’
여는 '삵'에게 말하였다.
“송 첨지가 죽은 줄 아나?”
여의 말에 아직껏 여를 쳐다보고 있던 '삵'의 얼굴이 아래로 떨어졌다. 그리고 여가 발을 떼려는 순간 얼핏 '삵'의 얼굴에 나타난 비창한 표정을 여는 넘길 수가 없었다.
고향의 떠난 만리 밖에서 학대받는 인종의 가엾음을 생각하고 그 밤은 여도 잠을 못 이루었다.
그 억분함을 호소할 곳도 못 가진 우리의 처지를 생각하고, 여도 눈물을 금치를 못하였다.
이튿날 아침이었다.
여를 깨우러 오는 사람의 소리에 여는 반사적으로 일어났다.
'삵'이 동구(洞口) 밖에서 피투성이가 되어 죽어 있다는 것이었다. 여는 '삵'이라는 말에 눈살을 찌푸렸다. 그러나 의사라는 직업상, 곧 가방을 수습하여 가지고 '삵'이 넘어진 데까지 달려갔다. 송 첨지의 장례식 때문에 모였던 사람 몇은 여의 뒤를 따라왔다.
여는 보았다. '삵'의 허리가 기역자로 뒤로 부러져서 밭고랑 위에 넘어져 있는 것을 여는 달려가 보았다. 아직 약간의 온기는 있었다.
“익호! 익호!”
그러나 그는 정신을 못 차렸다. 여는 응급수단을 취하였다. 그의 사지는 무섭게 경련되었다. 이윽고 그가 눈을 번쩍 떴다.
“익호! 정신드나?”
그는 여의 얼굴을 보았다. 끝이 없이 한참을 쳐다보았다. 그의 눈동자가 움직이었다.
겨우 처지를 깨달은 모양이었다.
“선생님, 저는 갔었습니다.”
“어디를?”
“그 놈… 지주 놈의 집에…”
무얼? 여는 눈물 나오려는 눈을 힘있게 닫았다. 그리고 덥석 그의 벌써 식어가는 손을 잡았다. 잠시의 침묵이 계속되었다. 그의 사지에서는 무서운 경련이 끊임없이 일었다. 그것은 죽음의 경련이었다. 듣기 힘든 그의 작은 소리가 또 그의 입에서 나왔다.
“선생님.”
“왜?”
“보고 싶어요. 전 보구 시…”
“뭐이?”
그는 입을 움직였다. 그러나 말이 안나왔다. 기운이 부족한 모양이었다. 잠시 뒤에 그는 또다시 입을 움직였다. 무슨 소리가 그의 입에서 나왔다.
“무얼?”
“보고 싶어요. 붉은 산이 - 그리고 흰 옷이!”
아아, 죽음에 임하여 그의 고국과 동포가 생각난 것이었다. 여는 힘있게 감았던 눈을 고즈너기 떴다. 그때에 '삵'의 눈도 번쩍 뜨이었다. 그는 손을 들려고 하였다. 그러나 이미 부러진 그의 손은 들리지 않았다. 그는 머리를 돌이키려 하였다. 그러나 그런 힘이 없었다.
그의 마지막 힘을 혀끝에 모아가지고 입을 열었다…
“선생님!”
“왜?”
“저것… 저것…”
“무얼?”
“저기 붉은 산이… 그리고 흰 옷이… 선생님 저게 뭐예요!”
여는 돌아보았다. 그러나 거기는 황막한 만주의 벌판이 전개되어 있을 뿐이었다.
“선생님 노래를 불러주세요. 마지막 소원 - 노래를 해주세요. 동해물과 백두산이 마르고 닳도록…”
여는 머리를 끄덕이고 눈을 감았다. 그리고 입을 열었다. 여의 입에서는 창가가 흘러나왔다. 여는 고즈너기 불렀다.
“동해물과 백두산이…”
고즈너기 부르는 여의 창가 소리에 뒤에 둘러섰던 다른 사람의 입에서도 숭엄한 코러스는 울리어나왔다.
무궁화 삼천리
화려 강산…
광막한 겨울의 만주벌 한편 구석에서는 밥 버러지 익호의 죽음을 조상하는 숭엄한 노래가 차차 크게 엄숙하게 울리었다. 그 가운데 익호의 몸은 점점 식어갔다.",그것은 여(余)가 만주를 여행할 때 일이었다. 만주의 풍속도 좀 살필 겸 아직껏 문명의 세례를 받지 못한 그들의 사이에 퍼져 있는 병(病)을 조사할 겸해서 일년의 기한을 예산하여 가지고 만주를 시시콜콜이 다 돌아온 적이 있었다. 그때에 ××촌이라 하는 조그만 촌에서 본 일을 여기에 적고자 한다.,3878
산골,김유정,"산머리


위에서 굽어보던 햇님이 서쪽으로 기울어 나무에 긴 꼬리가 달렸건만 나물 뜯을 생각은 않고, 이뿐이는 늙은 잣나무 허리에 등을 비겨 대고 먼 하늘만 이렇게 하염없이 바라보고 섰다.
하늘은 맑게 개고 이쪽저쪽으로 뭉글뭉글 피어오른 흰 꽃송이는 곱게도 움직인다. 저것도 구름인지 학들은 쌍쌍이 짝을 짓고 그 새로 날아들며 끼리끼리 어르는 소리가 이 수풍까지 멀리 흘러내린다.
갖가지 나무들은 사방에 잎이 욱었고 땡볕에 그 잎을 펴들고 너울너울 바람과 아울러 산골의 향기를 자랑한다.
그 공중에는 나는 꾀꼬리가 어여쁘고…… 노란 날개를 팔딱이고 이 가지 저 가지로 옮아앉으며 흥에 겨운 행복을 노래 부른다.
―고―이! 고이고―이!
요렇게 아양스레 노래도 부르고.
―담배 먹구 꼴 비어!
맞은쪽 저 바위 밑은 필시 호랑님의 드나드는 굴이리라. 음침한 그 위에는 가시덤불 다래넝쿨이 어지러이 엉클리어 지붕이 되어 있고, 이것도 돌이랄지 연록색 털복숭이는 올망졸망 놓였고, 그리고 오늘도 어김없이 뻐꾸기는 날아와 그 잔등에 다리를 머무르며.
―뻐꾹! 뻐꾹! 뻐뻐꾹!
어느덧 이뿐이는 눈시울에 구슬방울이 맺히기 시작한다. 그리고 나물바구니가 툭, 하고 땅에 떨어지자 두 손에 펴든 치마폭으로 그새 얼굴을 폭 가리고는 이뿐이는 흐륵흐륵 마냥 느끼며 울고 섰다.
이제야 후회나노니 도련님 공부하러 서울로 떠나실 때 저도 간다고 왜 좀더 붙들고 늘어지지 못했던가, 생각하면 할수록 가슴만 미어질 노릇이다. 그러나 마님의 눈을 기어 자그만 보따리를 옆에 끼고 산속으로 이십 리나 넘어 따라갔던 이뿐이가 아니었던가. 과연 이뿐이는 산등을 질러갔고 으슥한 고갯마루에서 기다리고 섰다가 넘어오시는 도련님의 손목을 꼭 붙잡고,
“난 안 데려가지유!”
하고 애원 못 한 것도 아니니 공연스레 눈물부터 앞을 가렸고 도련님이 놀라며,
“너 왜 오니? 여름에 꼭 온다니까, 어여 들어가라.”
하고 역정을 내심에는 고만 두려웠으나 그래도 날 데려가라고 그 몸에 매어달리니 도련님은 얼마를 벙벙히 그냥 섰다가,
“울지 마라 이뿐아, 그럼 내 서울 가 자리나 잡거든 널 데려가마.”
하고 등을 두드리며 달래일 제 만일 이 말에 이뿐이가 솔깃하여 꼭 곧이듣지만 않았던들 도련님의 그 손을 안타까이 놓지는 않았던 걸…….
“정말 꼭 데려가지유?”
“그럼 한 달 후에면 꼭 데려가마.”
“난 그럼 기다릴 테야유!”
그리고 아침 햇발에 비끼는 도련님의 옷자락이 산등으로 꼬불꼬불 저 멀리 사라지고 아주 보이지 않을 때까지 이뿐이는 남이 볼까 하여 피어 흩어진 개나리 속에 몸을 숨기고 치마끈을 입에 물고는 눈물로 배웅하였던 것이 아니런가.
이렇게도 철석같이 다짐을 두고 가시더니 그 한 달이란 대체 얼마나 되는 겐지 몇 한 달이 거듭 지나고 돌도 넘었으련만 도련님은 이렇다 소식 하나 전할 줄조차 모르신다. 실토로 터놓고 말하자면 늙은 이 잣나무 아래에서 도련님과 맨 처음 눈이 맞을 제 이뿐이가 먼저 그러자고 한 것도 아니련만…… 이뿐 어머니가 마님 댁 씨종이고 보면 그 딸 이뿐이는 잘 따져야 씨의 씨종이니 하잘것없는 계집애이거늘 이뿐이는 제 몸이 이럼을 알고 시내에서 홀로 빨래를 할 제이면 도련님이 가끔 덤벼들어 이게 장난이겠지, 품에 꼭 껴안고 뺨을 깨물어 뜯는 그 꼴이 숭굴숭굴하고 밉지는 않았으나 그러나 이뿐이는 감히 그런 생각을 먹어 본 적이 없었다. 그날도 마님이 구미가 제치셨다고 얘 이뿐아 나물 좀 뜯어 온, 하실 때 이뿐이는 퍽이나 반가웠고 아침밥도 몇 술로 겉날리고 바구니를 동무삼아 집을 나섰으니 나이 아직 열여섯이라 마님에게 귀염을 받는 것이 다만 좋았고 칠칠한 나물을 뜯어 드리고자 한사코 이 험한 산속으로 기어올랐다. 풀잎의 이슬은 아직 다 마르지 않았고 바위 틈바구니에 흩어진 잔디에는 커다란 구렁이가 똬리를 틀고서 떡 머구리 한 놈을 우물거리며 있는 중이매 이뿐이는 쌔근쌔근 가쁜 숨을 쉬어 가며 그걸 가만히 들여다보고 섰다가 바로 발 앞에 도라지순이 있음을 발견하고 꼬챙이로 마악 캐려 할 즈음 등 뒤에서 뜻밖에 발자국 소리가 들리는 것이 아닌가. 깜짝 놀라며 고개를 돌려보니 언제 어디로 따라왔던가, 도련님은 물푸레나무 토막을 한 손에 지팡이로 짚고 붉은 얼굴이 땀바가지가 되어 식식거리며 그리고 싱글싱글 웃고 있다. 그 모양이 하도 수상하여 이뿐이는 눈을 동그랗게 뜨고 바라보니 도련님은 좀 면구쩍은지 낯을 모로 돌리며 그러나 여일히 싱글싱글 웃으며 뱃심 유한 소리가―
“난 지팽이 꺾으러 왔다.”
그렇지마는 이뿐이는 며칠 전 마님이 불러 세우고 ‘너 도련님하구 같이 다니면 매 맞는다’ 하시던 그 꾸지람을 얼른 생각하고,
“왜 따라왔지유…… 마님 아시면 남 매 맞으라구?”
하고 암팡스레 쏘았으나 도련님은 귓등으로 듣는지 그래도 여전히 싱글거리며 뱃심 유한 소리로,
“난 지팽이 꺾으러 왔다.”
그제야 이뿐이는 성을 안 낼 수 없고,
“마님께 나 매 맞어두 난 몰라.”
혼자말로 이렇게 되알지게 쫑알거리고 너야 가든 말든 하라는 듯이 고개를 돌리어 아까의 도라지를 다시 캐자노라니 도련님은 무턱대고 그냥 와락 달려들어,
“너 맞는 거 나는 알지?”
이뿐이를 뒤로 꼭 붙들고 땀이 쪽 흐른 그 뺨을 또 잔뜩 깨물고는 놓질 않는다. 이뿐이는 어려서부터 도련님과 같이 자랐고 같이 놀았으되 제가 먼저 그런 생각을 두었다면 도련님을 벌컥 떠다밀어 바위 너머로 곤두박히게 했을 리 만무이었고, 궁둥이를 털고 일어나며 도련님이 무색하여 멀거니 쳐다보고 입맛만 다시니 이뿐이는 그 꼴이 보기 가여웠고 죄를 저지른 제 몸에 대하여 죄송한 자책이 없던 바도 아니건마는 다시 손목을 잡히고 이 잣나무 밑으로 끌릴 제에는 온 힘을 다하여 그 손깍지를 버리며 야단친 것도 사실이 아닌 건 아니나, 그러나 어딘가 마음 한편에 앙살을 피우면서도 넉히 끌리어 가도록 도련님의 힘이 좀더 좀더 하는 생각이 전혀 없었다면 그것은 거짓말이 되고 말 것이다. 물론 이뿐이가 얼굴이 빨개지며 앙큼스러운 생각을 먹은 것은 바로 이때이었고,
“난 몰라, 마님께 여쭐 터이야, 난 몰라!”
하고 적잖이 조바심을 태우면서도 도련님의 속맘을 한번 뜯어보고자,
“누가 종두 이러는 거야?”
하고 손을 뿌리치고 된통 호령을 하고 보니 도련님은 이 깊고 외진 산속임에도 불구하고 귀에다 입을 갖다 대고 가만히 속삭이는 그 말이,
“너 나하고 멀리 도망가지 않으련!”
그러니 이뿐이는 이 말을 참으로 꼭 곧이들었고 사내가 이렇게 겁을 집어먹는 수도 있는지 도련님이 땅에 떨어지는 성냥갑을 호줌에 다시 집어널 줄도 모르고 덤벙거리며 산 아래로 꽁지를 뺄 때까지 이뿐이는 잣나무 뿌리를 베고 풀밭에 번듯이 드러누운 채 푸른 하늘을 바라보며 인제 멀리만 달아나면 나는 저 도련님의 아씨가 되려니 하는 생각에 마님께 진상할 나물 캘 생각조차 잊고 말았다. 그러나 조금 지나매 이뿐이는 어쩐지 저도 겁이 나는 듯싶었고 발딱 일어나 사면을 휘돌아보았으나 거기에는 험상스러운 바위와 우거진 숲이 있을 뿐 본 사람은 하나도 없으련만―아마 산이 험한 탓일지도 모르리라. 가슴은 여전히 달랑거리고 두려우면서 그러나 이 몸뚱이를 제 품에 꼭 품고 같이 둥굴고 싶은 안타까운 그런 행복이 느껴지지 않은 것도 아니었으니 도련님은 이렇게 정을 들이고 가시고는 이제 와서는 생판 모르는 체하시는 거나 아닐런가…….




마을


두 손등으로 눈물을 씻고 고개는 어레 들었으나 나물 뜯을 생각은 않고 이뿐이는 늙은 잣나무 밑에 앉아서 먼 하늘을 치켜대고 도련님 생각에 이렇게도 넋을 잃는다.
이제 와 생각하면 야속도 스럽나니 마님께 매를 맞도록 한 것도 결국 도련님이었고 별 욕을 다 당하게 한 것도 결국 도련님이 아니었던가…….
매일과 같이 산엘 올라다닌 지 단 나흘이 못 되어 마님은 눈치를 채셨는지 혹은 짐작만 하셨는지 저녁때 기진하여 내려오는 이뿐이를 불러 앉히시고,
“너 요년 바른 대로 말해야지 죽인다.”
하고 회초리로 때리시되 볼기짝이 톡톡 불거지도록 하시었고, 그래도 안차게 아니라고 고집을 쓰니 이번에는 어머니가 달겨들어 머리채를 휘감고 주먹으로 등어리를 서너 번 쾅쾅 때리더니 그만도 좋으련만 뜰 아랫방에 갖다 가두고는 사날씩이나 바깥 구경을 못 하게 하고 구메밥으로 구박을 막 함에는 이뿐이는 짜장 서럽지 않을 수가 없었다. 징역살이 맨 마지막 밤이 깊었을 제 이뿐이는 너무 원통하여 혼자 앉아서 울다가 자리에 누운 어머니의 허리를 꼭 끼고 그 품속으로 기어들며 ‘어머니, 나 데련님하고 살 테야’ 하고 그예 저의 속중을 토설하니 어머니는 들었는지 먹었는지 그냥 잠잠히 누웠더니 한참 후 후유, 하고 한숨을 내뿜을 때에는 이미 눈에 눈물이 그렁그렁하였고, 그리고 또 한참 있더니 입을 열어 하는 이야기가 지금은 이렇게 늙었으나 자기도 색시 때에는 이뿐이만치나 어여뻤고 얼마나 맵시가 출중났던지 노라리와 은근히 배가 맞았으나 몇 달이 못 가서 노마님이 이걸 아시고 하루는 불러 세고 때리시다가 마침내 샘에 못 이기어 인두로 하초를 지지려고 들이덤비신 일이 있다고 일러 주고 다시 몇 번 몇 번 당부하여 말하되 석숭네가 벌써부터 말을 건네는 중이니 도련님에게 맘일랑 두지 말고 몸 잘 갖고 있으라 하고 딱 떼는 것이 아닌가. 하기야 이뿐이가 무남독녀의 귀여운 외딸이 아니었더런들 사흘 후에도 바깥엔 나올 수 없었으려니와 비로소 대문을 나와 보니 그간 세상이 좀 넓어진 것 같고 마치 우리를 벗어난 짐승과 같이 몸의 가뜬함을 느꼈고 흉칙스러운 산으로 뺑뺑 둘러싼 이 산골에서 벗어나 넓은 버덩으로 나간다면 기쁘기가 이보다 좀 더하리라 생각도 하여 보고 어머니의 영대로 고추밭을 매러 개울길로 내려가려니까 왼편 수풍 속에서 도련님이 불쑥 튀어나오며 또 붙들고 산에 안 갈 테냐고 대고 보채인다. 읍에 가 학교를 다니다가 요즘 방학이 되어 집에 돌아온 뒤로는 공부는 할 생각 않고 날이면 날 저물도록 저만 이렇게 붙잡으러 다니는 도련님이 딱도 하거니와 한편 마님도 무섭고 또는 모처럼 용서를 받는 길로 그러고 보면 이번에는 호되이 불이 내릴 것을 알고 이뿐이는 오늘은 안 되니 낼모레쯤 가자고 좋게 달래다가 그래도 듣지 않고 굳이 가자고 성화를 하는 데는 할 수 없이 몸을 뿌리치고 뺑손을 놀 수밖에 딴도리가 없었다. 구질구질히 내리는 비로 말미암아 한동안 손을 못 댄 고추밭은 풀들이 제법 성큼히 엉기었고 어디서부터 시작해야 좋을지 갈피를 모르겠는데 이뿐이는 되는 대로 한편 구석에 치마를 도사리고 앉아서, 이것도 명색은 김매는 거겠지, 호미로 흙등만 따작거리며 정작 정신은 어젯밤 종은 상전과 못 사는 법이라던 어머니의 말이 옳은지 그른지 그것만 일념으로 아로새기며 이리 씹고 저리도 씹어 본다. 그러나 이뿐이는 아무렇게도 나는 도련님과 꼭 살아 보겠다, 혼자 맹세하고 제가 아씨가 되면 어머니는 일테면 마님이 되련마는 왜 그리 극성인가 싶어서 좀 야속하였고 해가 한나절이 되어 목덜미를 확확 달릴 때까지 이리저리 곰곰 생각하다가 고개를 들어 보매 밭은 여태 한 고랑도 다 끝이 못 났으니 이놈의 밭이, 하고 탓 안 할 탓을 하며 저절로 하품이 나올 만치 어지간히 기가 막혔다. 이번에는 좀 빨랑빨랑 하리라 생각하고 이뿐이는 호미를 잽싸게 놀리며 폭폭 찍고 덤볐으나 그래도 웬일인지 일은 손에 붙지를 않고 그뿐 아니라 등 뒤 개울의 덤불에서는 온갖 잡새가 귀둥대둥 멋대로 속삭이고 먼발치에서 풀을 뜯고 있는 황소가 메― 하고 늘어지게도 소리를 내뽑으니 이뿐이는 이걸 듣고 갑자기 몸이 나른해지지 않을 수 없고 밭가에 선 수양버들 그늘에 쓰러져 한잠 들고 싶은 생각이 곧바로 나지마는 어머니가 무서워 차마 그걸 못 하고 만다. 인제는 계집애는 밭일을 안 하도록 법이 됐으면 좋겠다 생각하고 이뿐이는 울화증이 나서 호미를 메꽂고 얼굴의 땀을 씻으며 앉았노라니까 들로 보리를 걷으러 가는 길인지 석숭이가 빈 지게를 지고 꺼불꺼불 밭머리에 와 서더니 아주 썩 시퉁그러지게 입을 삐죽거리며 이뿐이를 건너대고 하는 소리가―
“너 데련님하고 그랬대지.”
새파랗게 간 비수로 가슴을 쭉 내리긋는대도 아마 이토록은 재겹지 않으리라마는 이뿐이는 어서 들었느냐고 따져 볼 겨를도 없이 얼굴이 그만 홍당무가 되었고, 그놈의 소위로 생각하면 대뜸 들어덤벼 그 귓배기라도 물고 늘어질 생각이 곧 간절은 하나 한 죄는 있고 어째 볼 용기가 없으매 다만 고개를 푹 수그릴 뿐이다. 그러니까 석숭이는 제가 괜 듯싶어서 이뿐이를 짜장 넘보고 제법 밭 가운데까지 들어와 떡 버티고 서서는 또 한번 시큰둥하게 그리고 엇먹는 소리로,
“너 데련님하구 그랬대지.”
전일 같으면 제가 이뿐이에게 지게막대기로 볼기 맞을 생각도 않고 감히 이 따위 버르장머리는 하기커녕 제 아버지 장사하는 원두막에서 몰래 참외를 따가지고 와서,
“얘 이뿐아, 너 이거 먹어라.”
하다가,
“난 네가 주는 건 안 먹을 테야.”
하고 몇 번 내뱉음에도 굴치 않고 굳이 먹으라고 떠맡기므로 이뿐이가 마지못하는 체하고 받아 들고는 물론 치마폭에 흙을 싹싹 문대고 나서 깨물고 앉았노라면 아무쪼록 이뿐이 맘에 잘 들도록 호미를 대신 손에 잡기가 무섭게 는실난실 김을 매주었고, 그리고 가끔 이뿐이를 웃겨 주기 위하여 그것도 재주라고 밭고랑에서 잘 봐야 곰 같은 몸뚱이로 이리 둥굴고 저리 둥굴고 하였다. 석숭 아버지는 이놈이 또 어디로 내뺐구나 하고 찾아다니다가 여길 와보니 매라는 제 밭은 안 매고 남 계집애 밭에 들어와서 대체 온 이게 무슨 놀음인지 이 꼴이고 보매 기도 막힐 뿐더러 터지려는 웃음을 억지로 참고 노여운 낯을 지어 가며,
“너 이놈아, 네 밭은 안 매고 남의 밭에 들어와 그게 뭐냐?”
하고 꾸중을 하였지마는 석숭이가 깜짝 놀라서 돌아다보고 고만 멀쑤룩하여 궁둥이의 흙을 털고 일어서며,
“이뿐이 밭 좀 매주러 왔지 뭘 그래?”
하고 되레 퉁명스러이 뻗댐에는 더 책하지 않고,
“어 망할 자식두 다 많어이!”
하고 돌아서 저리로 가며 보이지 않게 피익 웃고 마는 것인데, 그러면 이뿐이는 저의 처지가 꽤 야릇하게 됨을 알고 저기까지 분명히 들리도록,
“너보고 누가 밭 매달랬어? 가, 어여 가, 가.”
하고 다 먹은 참외는 생각 않고 등을 떠다밀며 구박을 막 하던 이런 터이련만 제가 이제 와 누굴 비위를 긁다니 하늘이 무너지면 졌지 이것은 도시 말이 안 된다.




돌


이뿐이는 남다른 부끄럼으로 온 전신이 확확 다는 듯싶었으나 그러나 조금 뒤에는 무안을 당한 거기에 대갚음이 없어서는 아니 되리라 생각하고 앙칼스러운 역심이 가슴을 콕 찌를 때에는 어깨뿐만 아니라 등어리 전체가 샐룩거리다가 새침히 발딱 일어나 사방을 훑어보더니 대낮이라 다들 일들 나가고 안마을에 사람이 없음을 알고 석숭이 소맷자락을 넌지시 끌며 그 옆 숙성히 자란 수수밭 속으로 들어간다. 밭 한복판은 아늑하고 아무 데도 보이지 않으므로 함부로 떠들어도 괜찮으려니 믿고 이뿐이는 거기다 석숭이를 세워 놓자 밭고랑에 널려진 돌 틈에서 맞아 죽지 않고 단단히 아플 만한 모리돌멩이 하나를 집어 들고 그 옆 정강이를 모질게 후려치며,
“이 자식, 뭘 어째구 어째?”
하고 딱딱 으르니까 석숭이는 처음에 뭐나 좀 생길까 하고 좋아서 따라왔던 걸 별안간 난데없는 모진 돌만 날아듦에는,
“아야!”
하고 소리치자 똑 선불 맞은 노루 모양으로 한번 뻐들껑 뛰며 눈이 그야말로 왕방울만해지지 않을 수가 없었다. 그러나 석숭이는 미움보다 앞서느니 기쁨이요, 전일에는 그 옆을 지나도 본 둥 만 둥하고 그리 대단히 여겨 주지 않던 그 이뿐이가 일부러 이리 끌고 와 돌로 때리되 정말 아프도록 힘을 들일 만치 이뿐이에게 있어는 지금의 저의 존재가 그만큼 끔찍함을 그 돌에서 비로소 깨닫고 짓궂이 씽글씽글 웃으며 한번 더 뒤둥그러진, 그리고 흘게 늦은 목소리로,
“뭘 데련님하고 그랬대는데.”
하고 놀려 주었다. 이뿐이는,
“뭐 이 자식?”
하고 상기된 눈을 똑바로 떴으나 이번에는 돌멩이 집을 생각을 않고 아까부터 겨우 참아 왔던 울음이,
“으응!”
하고 탁 터지자 잡은 참 덤벼들어 석숭이 옷가슴에 매어달리며 쥐어뜯으니 석숭이는 이뿐이를 울려 논 것은 저의 큰 죄임을 얼른 알고 눈이 휘둥그래서,
“아니다, 아니다, 내 부러 그랬다, 아니다.”
하고 입에 부리나케 그러나 손으로 등을 어루만지며, ‘아니다’를 여러 십 번을 부른 때에야 간신히 울음을 진정해 놓았고 이뿐이가 아직 느끼는 음성으로 몇 번 당부를 하니,
“인제 남 듣는 데 그러면 내 너 죽일 터야?”
“그래 인전 안 그러마.”
참으로 이런 나쁜 소리는 다시 입에 담지 않으리라 맹세하였다. 이뿐이도 그제야 마음을 놓고 흔적이 없도록 눈물을 닦으면서,
“다시 그래 봐라 내 죽인다!”
또 한 번 다져 놓고 고추밭으로 도로 나오려 할 제 석숭이가 와락 달려들어 그 허리를 잔뜩 껴안고,
“너 그럼 우리 집에서 나한테로 시집오라니깐 왜 싫다구 그랬니?”
하고 설혹 좀 성가시게 굴었다 치더라도, 만일 이뿐이가 이 행실을 도련님이 아신다면 단박에 정을 떼시려니 하는 염려만 없었더라면 그리 대수롭지 않은 것을 그토록 오지게 혼을 냈을 리 없었겠다고, 생각하면 두고두고 입때껏 후회가 나리만치 그렇게 사내의 뺨을 우려친 것도 결국 도련님을 위하는 이뿐이의 깨끗한 정이 아니었던가…….




물


가득히 품에 찬 서러움을 눈물로 가시고 나물바구니를 손에 잡았으니, 이뿐이는 다시 일어나 산중턱으로 거친 수풍 속을 기어내리며 도라지를 하나 둘 캐기 시작한다
참인지 아닌지 자세히는 모르나 멀리 날아온 풍설을 들어 보면, 도련님은 서울 가 어여쁜 아씨와 다시 정분이 났다 하고 그뿐만도 오히려 좋으련마는 댁의 마님은 마님대로 늙은 총각 오래 두면 병난다 하여 상냥한 아가씨만 찾는 길이니 대체 이게 웬셈인지 이뿐이는 골머리가 아팠고 도라지를 캔다고 꼬챙이를 땅에 꾸욱 꽂으니 그대로 짚고 선 채 해만 점점 부질없이 저물어 간다. 맥을 잃고 다시 내려오다 이뿐이는 앞에 우뚝 솟은 바위를 품에 얼싸안고 그 앞을 굽어보니 험악한 석벽 틈에 맑은 물은 웅숭깊이 충충 괴었고 설핏한 하늘의 붉은 노을 한쪽을 똑 떼들고 푸른 잎새로 전을 둘렀거늘, 그 모양이 보기에 퍽도 아름답다. 그걸 거울삼고 이뿐이는 저 밑에 까맣게 비치는 저의 외양을 또 한번 고쳐 뜯어보니 한때는 도련님이 조르다 몸살도 나셨으려니와 의복은 비록 추레할망정 저의 눈에도 밉지 않게 생겼고 남 가진 이목구비에 반반도 하련마는 뭐가 부족한지 달리 눈이 맞는 도련님의 심정이 알 수 없고 어느덧 원망스러운 눈물이 눈에서 떨어지니 잔잔한 물면에 물둘레를 치기도 전에 무슨 밥이나 된다고 커단 꺽지는 휘엉휘엉 올라와 꼴딱 받아먹고 들어간다. 이뿐이는 얼빠진 등신같이 맑은 이 물을 가만히 들여다보노라니 불시로 제 몸을 풍덩 던지어 깨끗이 빠져도 죽고 싶고, 아니 이왕 죽을진댄 정든 님 품에 안겨 같이 풍, 빠지어 세상사를 다 잊고 알뜰히 죽고 싶고, 그렇다면 도련님이 이 등에 넙죽 엎디어 뺨에 뺨을 비벼 대고, 그리고 이 물을 같이 굽어보며,
“얘 울지 마라, 내가 가면 설마 아주 가겠니?”
하고 세우 달랠 제 꼭 붙들고 풍덩실 하고 왜 빠지지 못했던가. 시방은 한가도 컸건마는 그 이뿐이는 그리도 삶에 주렸던지,
“정말 올 여름엔 꼭 오우?”
하고 아까부터 몇 번 묻던 걸 또 한 번 다져 보았거늘 도련님은 시원스러이 선뜻,
“그럼 오구말구. 널 두고 안 오겠니!”
하고 대답하고 손에 꺾어 들었던 노란 동백꽃을 물 위로 홱 내던지며,
“너 참 이 물이 무슨 물인지 알면 용치?”
눈을 끔벅끔벅하더니 이야기하여 가로되, 옛날에 이 산속에 한 장사가 있었고 나라에서는 그를 잡고자 사방팔면에 군사를 놓았다. 그렇지마는 장사에게는 비호같이 날랜 날개가 돋친 법이니 공중을 훌훌 나는 그를 잡을 길 없고 머리만 앓던 중 하루는 그예 이 물에서 목욕을 하고 있는 것을 사로잡았다는 것이로되, 왜 그러냐 하면 하느님이 잡수시는 깨끗한 이 물을 몸으로 흐렸으니 누구라도 천벌을 아니 입을 리 없고 몸에 물이 닿자 돋쳤던 날개가 흐지부지 녹아 버린 까닭이라고 말하고, 도련님은 손짓으로 장사의 처참스러운 최후를 시늉하며 가장 두려운 듯이 눈을 커닿게 끔적끔적하더니 뒤를 이어 그 말이,
“아 무서! 얘 우지 마라. 저 물에 눈물이 떨어지면 너 큰일 난다.”
그러나 이뿐이는 그까짓 소리는 듣는 둥 마는 둥 그리 신통치 못하였고, 며칠 후 서울로 떠나면 아주 놓칠 듯만 싶어서 도련님의 얼굴을 이윽히 쳐다보고 그럼 다짐을 두고 가라 하다가, 도련님이 조금도 서슴없이 입고 있던 자기의 저고리 고름 한 짝을 뚝 떼어 이뿐이 허리춤에 꾹 꽂아 주며,
“너 이래두 못 믿겠니?”
하니 황송도 하거니와 설마 이걸 두고야 잊으시진 않겠지 하고 속이 든든하지 않은 것도 아니었다. 대장부의 노릇이매 이렇게 하고 변심은 없을 게나 그래도 잘 따져 보니 이 고름이 말하는 것도 아니거든 차라리 따라 나서느니만 같지 못하다고 문득 마음을 고쳐먹고 고개로 쫓아간 건 좋으련마는 왜 그랬던고. 좀더 매달리어 진대를 안 붙고 고기 주저앉고 말았으니 이제 와서는 한가만 새롭고 몸에 고이 간직하였던 옷고름을 이 손에 꺼내 들고 눈물을 흘려 보되 별수없나니 보람 없이 격지만 늘어 간다. 하나 이거나마 아주 없었더런들 그야 살맛조차 송두리 잃었으리라마는 요즘 매일과 같이, 이 험한 깊은 산속에 올라와 옛 기억을 홀로 더듬어 보며 이뿐이는 해가 저물도록 이렇게 울고 섰곤 하는 것이다.




길


모든 새들은 어제와 같이 노래를 부르고 날도 맑으련만 오늘은 웬일인지 이뿐이는 아직도 올라오질 않는다.
석숭이는 아버지가 읍의 장에 가서 세 마리의 닭을 팔아 그걸로 소금을 사오라 하여 아침 일찍이 나온 것도 잊고 이 산에 올라와 다리를 묶은 닭들은 한편에 내던지고 늙은 잣나무 그늘에 누워 눈이 빠지도록 기다렸으나 이뿐이가 좀체 나오지 않으매 웬일일까, 고게 또 노하지나 않았나 하고 일쩌웁이 이렇게 애를 태운다. 올 가을이 얼른 되어 새 곡식을 거두면 이뿐이에게로 장가를 들게 되었으니 기쁨인들 이 위 더할 데 있으랴마는 이번도 또 이뿐이가 밥도 안 먹고 죽는다고 야단을 친다면 헛일이 아닐까 하는 염려도 없지 않았거늘 그렇게 쌀쌀하고 매일매일 하던 이뿐이의 태도가 요즘에 들어와서는 갑자기 다소곳하고 눈 한번 흘길 줄도 모르니 이건 참으로 춤을 추어도 다 못 출 것이다. 뿐만 아니라 이슬비가 내리던 날 마님 댁 울 뒤에서 이뿐이는 옥수수를 따고 섰고 제가 그 옆을 지날 제 은근히 손짓을 하므로 가까이 다가서니 귀에다 나직이 속삭이는 소리가,
“너 편지 하나 써주련?”
“그래 그래 써주마, 내 잘 쓴다.”
석숭이는 너무 반가워서 허둥거리며 묻지 않는 소리까지 하다가 또 그 말에 내 너 하라는 대로 다 할 게니 도련님에게 편지를 쓰되, 이뿐이는 여태 기다립니다, 하고 그리고 이런 소리는 아예 입 밖에 내지 말라 하므로 그런 편지면 일년 내내 두고 썼으면 좋겠다 속으로 생각하고 채 틀 못 박힌 연필 글씨로 다섯 줄을 그리기에 꼬박이 이틀 밤을 새고 나서 약속대로 산으로 이뿐이를 만나러 올라올 때에는 어쩐지 가슴이 두근두근하는 것이 바로 아내를 만나러 오는 남편의 그 기쁨이 또렷이 나타나는 것이다. 이뿐이가 얼른 올라와야 뭐가 제일 좋으냐 물어 보고 이 닭들을 팔아 선물을 사다 주련만 오진 않고 석숭이는 암만 생각해야 영문을 모르겠으니 아마 요전번,
“이 편지 써왔으니깐 너 나구 꼭 살아야 한다.”
하고 크게 얼른 것이 좀 잘못이라 하더라도 이뿐이가 고개를 푹 숙이고 있다가,
“그래.”
하고 눈에 눈물을 보이며,
“그 편지 읽어 봐.”
하고 부드럽게 말한 걸 보면 그리 노한 것은 아니니 석숭이는 기뻐서 그 앞에 떡 버티고, 제가 썼으나 제가 못 읽는 그 편지를 떠듬떠듬 데련님 전상사리, 가신 지가 오래 됐는디 왜 안 오구, 일년 반이 됐는디 왜 안 오구 하니깐 이뿐이는 밤마두 눈물로 새오며, 이뿐이는 그럼 죽을 테니까 날을 듯이 얼찐 와서―이렇게 땀을 내며 읽었으나 이뿐이는 다 읽은 뒤 그걸 받아서 피봉에 도로 넣고 그리고 나물바구니 속에 감추고는 그대로 덤덤히 산을 내려온다. 산기슭으로 내리니 앞에 큰 내가 놓여 있고 골고루도 널려 박힌 험상궂은 웅퉁바위 틈으로 물은 우람스레 부딪치며 콸콸 흘러내리매 정신이 다 아찔하여 이뿐이는 조심스레 바위를 골라 디디며 이쪽으로 건너왔으나 아무리 생각하여도 같이 멀리 도망가자는 도련님이 저 서울로 혼자만 삐쭉 달아난 것은 그 속이 알 수 없고 사나이 맘이 설사 변한다 하더라도 잣나무 밑에서 그다지 눈물까지 머금고 조르시던 그 도련님이 인제 와 싹도 없이 변하신다니 이야 신의 조화가 아니면 안 될 것이다. 이뿐이는 산처럼 잎이 퍼드러진 호양나무 밑에 와 발을 멈추며 한 손으로 바구니의 편지를 꺼내어 행주치마 속에 감추어 들고 석숭이가 쓴 편지도 잘 찾아갈는지 미심도 하거니와 또한 도련님 앞으로 잘 간다 하면 이걸 보고 도련님이 끔뻑하여 뛰어올 겐지 아닌지 그것조차 장담 못 할 일이건마는 아니, 오신다 이 옷고름을 두고 가시던 도련님이거늘 설마 이 편지에도 안 오실 리 없으리라고 혼자 서서 우기며 해가 기우는 먼 고개치를 바라보며 체부 오기를 기다린다. 체부가 잘 와야 사흘에 한 번밖에는 더 들르지 않는 줄을 저라고 모를 리 없고 그리고 어제 다녀갔으니 모레나 오는 줄은 번연히 알련마는 그래도 이뿐이는 산길에 속는 사람같이, 저 산비탈로 꼬불꼬불 돌아 나간 기나긴 산길에서 금시 체부가 보일 듯 보일 듯싶었는지, 해가 아주 넘어가고 날이 어둡도록, 지루하게도 이렇게 속 달게 체부 오기를 기다린다.
그러나 오늘은 웬일인지 어제와 같이 날도 맑고 산의 새들은 노래를 부르건만 이뿐이는 아직도 나올 줄을 모른다.


(을해, 6, 15)","위에서 굽어보던 햇님이 서쪽으로 기울어 나무에 긴 꼬리가 달렸건만 나물 뜯을 생각은 않고, 이뿐이는 늙은 잣나무 허리에 등을 비겨 대고 먼 하늘만 이렇게 하염없이 바라보고 섰다.",9159
산골 나그네,김유정,"밤이 깊어도 술꾼은 역시 들지 않는다. 메주 뜨는 냄새와 같이 퀴퀴한 냄새로 방안은 쾨쾨하다. 윗간에서는 쥐들이 찍찍거린다. 홀어미는 쪽 떨어진 화로를 끼고 앉아서 쓸쓸한 대로 곰곰 생각에 젖는다. 가뜩이나 침침한 반짝 등불이 북쪽 지게문에 뚫린 구멍으로 새 드는 바람에 번득이며 빛을 잃는다. 헌 버선짝으로 구멍을 틀어막는다. 그러고 등잔 밑으로 반짇그릇을 끌어당기며 시름없이 바늘을 집어 든다.
산골의 가을은 왜 이리 고적할까! 앞뒤 울타리에서 부스스 하고 떨잎은 진다. 바로 그것이 귀밑에서 들리는 듯 나직나직 속삭인다. 더욱 몹쓸 건 물소리, 골을 휘돌아 맑은 샘은 흘러내리고 야릇하게도 음률을 읊는다.
퐁! 퐁! 퐁! 쪼록 퐁!
바깥에서 신발 소리가 자작자작 들린다. 귀가 번쩍 띄어 그는 방문을 가볍게 열어젖힌다. 머리를 내밀며,
“덕돌이냐?”
하고 반겼으나 잠잠하다. 앞뜰 건너편 수풍 위를 감돌아 싸늘한 바람이 낙엽을 훌뿌리며 얼굴에 부딪힌다.
용마루가 쌩쌩 운다. 모진 바람 소리에 놀라 멀리서 밤 개가 요란히 짖는다.
“쥔어른 계서유?”
몸을 돌리어 바느질거리를 다시 들려 할 제 이번에는 짜장 인기가 난다. 황급하게,
“누구유?”
하고 일어서며 문을 열어 보았다.
“왜 그리유?”
처음 보는 아낙네가 마루 끝에 와 섰다. 달빛에 비끼어 검붉은 얼굴이 해쓱하다. 추운 모양이다. 그는 한 손으로 머리에 둘렀던 왜수건을 벗어 들고는 다른 손으로 흩어진 머리칼을 쓰담아 올리며 수줍은 듯이 쭈뼛쭈뼛한다.
“저― 하룻밤만 드새고 가게 해주세유.”
남정네도 아닌데 이 밤중에 웬일인가, 맨발에 짚신짝으로. 그야 아무렇든…….
“어서 들어와 불 쬐게유.”
나그네는 주춤주춤 방 안으로 들어와서 화로 곁에 도사려 앉는다. 낡은 치맛자락 위로 삐어지려는 속살을 아무리자 허리를 지그시 튼다. 그리고는 묵묵하다. 주인은 물끄러미 보고 있다가 밥을 좀 주려느냐고 물어 보아도 잠자코 있다. 그러나 먹던 대궁을 주워 모아 짠지쪽하고 갖다 주니 감지덕지 받는다. 그리고 물 한 모금 마심 없이 잠깐 동안에 밥그릇의 밑바닥을 긁는다.
밥숟갈을 놓기가 무섭게 주인은 이야기를 붙이기 시작하였다. 미주알고주알 물어 보니 이야기는 지수가 없다. 자기로도 너무 지쳐 물은 듯싶은 만치 대고 추근거렸다. 나그네는 싫단 기색도 좋단 기색도 별로 없이 시나브로 대꾸하였다. 남편 없고 몸 붙일 곳 없다는 것을 간단히 말하고 난 뒤,
“이리저리 얻어먹고 단게유.”
하고 턱을 가슴에 묻는다.
첫닭이 홰를 칠 때 그제야 마을 갔던 덕돌이가 돌아온다. 문을 열고 감사나운 머리를 디밀려다 낯선 아낙네를 보고 눈이 휘둥그렇게 주춤한다. 열린 문으로 억센 바람이 몰아들며 방 안이 캄캄하다. 주인은 문 앞으로 걸어와 서며 덕돌이의 등을 뚜덕거린다.
젊은 여자 자는 방에서 떠꺼머리총각을 재우는 건 상서롭지 못한 일이었다.
“얘, 덕돌아, 오늘은 마을 가 자고 아침에 온.”

×

가을할 때가 지났으니 돈냥이나 좋이 퍼질 때도 되었다. 그 돈들이 어디로 몰키는지 이 술집에서는 좀체 돈맛을 못 본다. 술을 판대야 한 초롱에 오륙십 전 떨어진다. 그 한 초롱을 잘 판대도 사날씩이나 걸리는 걸 요새 같아선 그 알량한 술꾼까지 씨가 말랐다. 어쩌다 전일에 펴 놓았던 외상값도 갖다 줄 줄을 모른다. 홀어미는 열벙거지가 나서 이른 아침부터 돈을 받으러 돌아다녔다. 그러나 다리품을 들인 보람도 없었다. 낼 사람이 즐겨야 할 텐데 우물쭈물하며 한단 소리가 좀 두고 보자는 것이 고작이었다. 그렇다고 안 갈 수도 없는 노릇이다. 나날이 양식은 딸리고 지점집에서 집행을 하느니 뭘 하느니 독촉이 어지간치 않음에랴…….
“저도 이젠 떠나가겠에유.”
그가 조반 후 나들이옷을 바꾸어 입고 나서니 나그네도 따라 일어서다 그의 손을 자상히 붙잡으며 주인은,
“고달플 테니 며칠 더 쉬어 가게유.”
하였으나,
“가야지유, 너무 오래 신세를…….”
“그런 염려는 말구.”
라고 누르며 집 지켜 주는 셈치고 방에 누웠으라 하고는 집을 나섰다. 백두고개를 넘어서 안말로 들어가 해동갑으로 헤매었다. 헤실수로 간 곳도 있기야 하지만 말갛다. 해가 지고 어두울 녘에야 그는 흘부들해서 돌아왔다. 좁쌀 닷 되밖에는 못 받았다. 다른 사람들은 돈 낼 생각커녕 이러면 다시 술 안 먹겠다고 도리어 을러 보냈던 것이다. 그러나 이만도 다행이다. 아주 못 받느니보다는 끼니 때 가지였다. 그는 좁쌀을 씻고 나그네는 솥에 불을 지피어 부랴사랴 밥을 짓고 일변 상을 보았다.
밥들을 먹고 나서 앉았으려니깐 갑자기 술꾼이 몰려든다. 이거 웬일인가. 처음에는 하나가 오더니 다음에는 세 사람 또 두 사람. 모두 젊은 축들이다. 그러나 각각들 먹일 방이 없으므로 주인은 좀 망설이다가 그 연유를 말하였으나 뭐 한동리 사람인데 어떠냐 한데서 먹게 해달라는 바람에 얼씨구나 하였다. 이제야 운이 트나 보다. 양푼에 막걸리를 딸쿠어 나그네에게 주어 솥에 넣고 좀 속히 데워 달라 하였다. 자기는 치마꼬리를 휘둘러 가며 잽싸게 안주를 장만한다. 짠지, 동치미, 고추장, 특별 안주로 삶은 밤도 놓았다. 사촌 동생이 맛보라고 며칠 전에 갖다 준 것을 아껴 둔 것이었다.
방 안은 떠들썩하다. 벽을 두드리며 아리랑 찾는 놈에, 건으로 너털웃음 치는 놈, 혹은 수군숙덕하는 놈…… 가지각색이다. 주인이 술상을 받쳐 들고 들어가니 짜기나 한 듯이 일제히 자리를 바로잡는다. 그 중에 얼굴 넓적한 하이칼라 머리가 야로가 나서 상을 받으며 주인 귀에다 입을 비켜 댄다.
“아주머니, 젊은 갈보 사왔다지유? 좀 보여 주게유.”
영문 모를 소문도 다 듣는다.
“갈보라니 웬 갈보?”
하고 어리삥삥하다 생각을 하니, 턱없는 소리는 아니다. 눈치 있게 부엌으로 내려가서 보강지 앞에 웅크리고 앉았는 나그네의 머리를 은근히 끌어안았다. 자, 저 패들이 새댁을 갈보로 횡보고 찾아온 맧이다. 물론 새댁 편으론 망측스러운 일이겠지만 달포나 손님의 그림자가 드물던 우리 집으로 보면 재수의 빗발이다. 술국을 잡는다고 어디가 떨어지는 게 아니요, 욕이 아니니 나를 보아 오늘만 좀 팔아 주기 바란다―이런 의미를 곰살궂게 간곡히 말하였다. 나그네의 낯은 별반 변함이 없다. 늘 한 양으로 예사로이 승낙하였다.
술이 온몸에 돌고 나서야 뒷 술이 잔풀이가 난다. 한 잔에 오 전, 그저 마시긴 아깝다. 얼간한 상투백이가 계집의 손목을 탁 잡아 앞으로 끌어다니며,
“권주가 좀 해, 이건 꾸어 온 보릿자룬가.”
“권주가? 뭐야유?”
“권주가? 아 갈보가 권주가도 모르나, 으하하하.”
하고는 무안에 취하여 푹 숙인 계집 뺨에다 꺼칠꺼칠한 턱을 문질러 본다. 소리를 아무리 시켜도 아랫입술을 깨물고는 고개만 기울일 뿐. 소리는 못 하나 보다. 그러나 노래 못 하는 꽃도 좋다. 계집은 영 내리는 대로 이 무릎 저 무릎으로 옮아앉으며 턱밑에다 술잔을 받쳐 올린다.
술들이 담뿍 취하였다. 두 사람은 곯아져서 코를 곤다. 계집이 칼라 머리 무릎 위에 앉아 담배를 피워 올릴 때 코웃음을 흥 치더니 그 무지스러운 손이 계집의 아래 뱃가죽을 사양 없이 움켜잡았다. 별안간 ‘아야’ 하고 퍼들껑 하더니 계집의 몸뚱어리가 공중으로 도로 뛰어오르다 떨어진다.
“이 자식아, 너만 돈 내고 먹었니?”
한 사람 새 두고 앉았던 상투가 콧살을 찌푸린다. 그리고 맨발 벗은 계집의 두 발을 양 손에 붙잡고 가랭이를 쩍 벌려 무릎 위로 지르르 끌어올린다. 계집은 앙탈을 한다. 눈시울에 눈물이 엉기더니 불현듯이 쪼록 쏟아진다.
방 안에서 악머구리 소리가 끓어오른다.
“저 잡놈 보게, 으하하하하.”
술은 연실 데워서 들여가면서도 주인은 불안하여 마음을 졸였다. 겨우 마음을 놓은 것은 훨씬 밝아서이다.
참새들은 소란히 지저귄다. 기직 바닥이 부스럼 자국보다 질 배 없다. 술, 짠지쪽, 가래침, 담뱃재―뭣 해 너저분하다. 우선 한길치에 자리를 잡고 계배를 대보았다. 마수걸이가 팔십오 전, 외상이 이 원 각수다. 현금 팔십오 전, 두 손에 들고 앉아 세고 또 세어 보고…….
뜰에서는 나그네의 혀로 끌어올리는 인사.
“안녕히 가십시게유.”
“입이나 좀 맞치고 뽀! 뽀! 뽀!”
“나두.”

×

찌르쿵! 찌르쿵! 찔거러쿵!
“방아머리가 무겁지유? ……고만 까부를까.”
“들 익었에유. 더 찧어야지유.”
“그런데 얘는 어쩐 일이야…….”
덕돌이를 읍엘 보냈는데 날이 저물어도 여태 오지 않는다. 흩어진 좁쌀을 확에 쓸어 넣으며 홀어미는 퍽이나 애를 태운다. 요새 날씨가 차지니까 늑대, 호랑이가 차차 마을로 찾아 내린다. 밤길에 고개 같은 데서 만나면 끽소리도 못 하고 욕을 당한다.
나그네가 방아를 괴놓고 내려와서 키로 확의 좁쌀을 담아 올린다. 주인은 그 머리를 쓰담고 자기의 행주치마를 벗어서 그 위에 씌워 준다. 계집의 나이 열아홉이면 활짝 필 때이건만 버캐 된 머리칼이며 야윈 얼굴이며 벌써부터 외양이 시들어 간다. 아마 고생을 짓한 탓이리라.
날씬한 허리를 재빨리 놀려 가며 일이 끊일 새 없이 다구지게 덤벼 드는 그를 볼 때 주인은 지극히 사랑스러웠다. 그리고 일변 측은도 하였다. 뭣하면 딸과 같이 자기 곁에서 길게 살아 주었으면 상팔자일 듯싶었다. 그럴 수 있다면 그 소 한 마리와 바꾼대도 이것만은 안 내놓으리라고 생각도 하였다.
아들만 데리고 홀어미의 생활은 무던히 호젓하였다. 그런데다 동리에서는 속 모르는 소리까지 한다. 떠꺼머리총각을 그냥 늙힐 테냐고. 그러나 형세가 부치므로 감히 엄두도 못 내다가 겨우 올봄에서야 다붙어 서둘게 되었다. 의외로 일은 손쉽게 되었다. 이리저리 언론이 돌더니 남촌산에 사는 어느 집 둘째딸과 혼약하였다. 일부러 홀어미는 사십 리 길이나 걸어서 색시의 손등을 문질러 보고는,
“참 애기 잘도 생겹세!”
좋아서 사돈에게 칭찬을 뇌고 뇌곤 하였다.
그런데 없는 살림에 빚을 내어 가며 혼수를 다 꼬여매 놓은 뒤였다. 혼인날을 불과 이틀 격해 놓고 일이 그만 빗났다. 처음에야 그런 말이 없더니 난데없는 선채금 삼십 원을 가져오란다. 남의 돈 삼 원과 집의 돈 오 원으로 거추꾼에게 품삯 노비 주고 혼수하고 단지 이 원―잔치에 쓸 것밖에 안 남고 보니 삼십 원이란 입내도 못 낼 소리다. 그 밤 그는 이리 뒤척 저리 뒤척 넋잃은 팔을 던져 가며 통 밤을 새웠던 것이다.
“어머님! 진지 잡수세유.”
새댁에게 이런 소리를 듣는다면 끔찍이 귀여우리라. 이것이 단 하나의 그의 소원이었다.
“다리 아프지유? 너무 일만 시켜서…….”
주인은 저녁 좁쌀을 쓸어 넣다가 방아다리에 깝신대는 나그네를 걸삼스럽게 쳐다본다.
방아가 무거워서 껍적이며 잘 으르지 않는다. 가냘픈 몸이라 상혈이 되어 두 볼이 새빨갛게 색색거린다. 치마도 치마려니와 명주 저고리는 어찌 삭았는지 어깨께가 손바닥만하게 척 나갔다. 그러나 덕돌이가 왜포 다섯 자를 바꿔 오거든 첫대 사발화통된 속곳부터 해 입히고 차차 할 수밖엔 없다.
“같이 찝시다유.”
주인도 나머지 방아다리에 올라섰다. 그리고 찌껑 위에 놓인 나그네의 손을 눈치 안 채게 슬며시 쥐어 보았다. 더도 덜도 말고 그저 요만한 며느리만 얻어도 좋으련만! 나그네와 눈이 고만 마주치자 그는 열적어서 시선을 돌렸다.
“퍽도 쓸쓸하지유?”
하며 손으로 울 밖을 가리킨다. 첫 밤 같은 석양판이다. 색동저고리를 떨쳐 입고 산들은 거방진 방아 소리를 은은히 전한다. 찔그러쿵! 찌러쿵!
그는 나그네를 금덩이같이 위하였다. 없는 대로 자기의 옷가지도 서로서로 별러 입었다. 그리고 잘 때에는 딸과 진배없이 이불 속에서 품에 꼭 품고 재우곤 하였다. 하지만 자기의 은근한 속심은 차마 입에 드러내어 말을 못 건넸다. 잘 들어 주면이거니와 뭣하게 안다면 피차의 낯이 뜨뜻할 일이었다.
그러자 맘먹지 않았던 우연한 일로 인하여 마침내 기회를 얻게 되었다. 나그네가 온 지 나흘 되던 날이었다. 거문관이 산기슭에 있는 영길네 벼방아를 좀 와서 찧어 달라고 한다. 나그네는 줄밤을 새우므로 낮에나 푸근히 자라고 두고 그는 홀로 집을 나섰다.
머리에 겨를 보얗게 쓰고 맥이 풀려서 집에 돌아온 것은 이럭저럭 으스레하였다. 늙은 한 다리를 끌고 뜰 앞으로 향하다가 그는 주춤하였다. 나그네 홀로 자는 방에 덕돌이가 들어갈 리 만무한데 정녕코 그놈일 게다. 마루 끝에 자그마한 나그네의 짚신이 놓인 그 옆으로 질목 채 벗은 왕달 짚신이 왁살스럽게 놓였다. 그리고 방에서는 수군수군 낮은 말소리가 흘러나온다. 그는 무심코 닫은 방문께로 귀를 기울였다.
“그럼 와 그러는 게유? 우리 집이 굶을까 봐 그리시유?”
“…….”
“어머이도 사람은 좋아유……. 올해 잘만 하면 내년에는 소 한 바리 사놀 게구 농사만 해두 한 해에 쌀 넉 섬, 조 엿 섬, 그만하면 고만이지유……. 내가 싫은 게유?”
“…….”
“사내가 죽었으니 아무튼 얻을 게지유?”
옷 터지는 소리, 부시럭거린다.
“아이! 아이! 아이! 참! 이거 노세유.”
쥐죽은 듯이 감감하다. 허공에 아롱거리는 낙엽을 이윽히 바라보며 그는 빙그레한다. 신발 소리를 죽이고 뜰 밖으로 다시 돌쳐섰다.
저녁상을 물린 후 그는 시치미를 딱 떼고 나그네의 기색을 살펴보다가 입을 열었다.
“젊은 아낙네가 홀몸으로 돌아다닌대두 고생일 게유. 또 어차피 사내는…….”
여기서부터 사리에 맞도록 이말 저말을 주섬주섬 꺼내 오다가 나의 며느리가 되어 줌이 어떻겠느냐고 꽉 토파를 지었다. 치마를 흡싸고 앉아 갸웃이 듣고 있던 나그네는 치마끈을 깨물며 이마를 떨어뜨린다. 그리고는 두 볼이 빨개진다. 젊은 계집이 나 시집가겠소 하고 누가 나서랴. 이만하면 합의한 거나 틀림없을 것이다.
혼수는 전에 해둔 것이 있으니 한시름 잊었다. 그대로 이앙이나 고쳐서 입히면 고만이다. 돈 이 원은 은비녀, 은가락지 사다가 각별히 색시에게 선물 내리고…….
일은 밀수록 낭패가 많다. 금시로 날을 받아서 대례를 치렀다. 한편에서는 국수를 누른다. 잔치 보러 온 아낙네들은 국수 그릇을 얼른 받아서 후룩후룩 들이마시며 시악시 잘났다고 추었다.
주인은 흥겨움에 너무 겨워서 축배를 흔근이 들었다. 여간 경사가 아니다. 뭇사람을 삐집고 안팎으로 드나들며 분부하기에 손이 돌지 않는다.
“얘 메누라! 국수 한 그릇 더 가져온.”
어째 말이 좀 어색하구먼…… 다시 한번,
“메누라 얘야! 얼른 가져와.”
삼십을 바라보자 동곳을 찔러 보니 제물에 멋이 질려 비드름하다. 덕돌이는 첫날을 치르고 부썩부썩 기운이 난다. 남이 두 단을 털 제면 그의 볏단은 석 단째 풀려 나간다. 연방 손바닥에 침을 뱉어 붙이며 어깨를 으쓱거린다.
“끅! 끅! 끅! 찍어라, 굴려라, 끅! 끅!”
동무의 품앗이 일이다. 거무투룩한 젊은 농군 댓이 볏단을 번차례로 집어 든다. 열에 뜬 사람같이 식식거리며 세차게 벼알을 절구통 배에서 주룩주룩 흘려 내린다.
“얘! 장가들고 한턱 안 내니?”
“일색이더라. 딴딴히 먹자. 닭이냐? 술이냐? 국수냐?”
“웬 국수는? 너는 국수만 아느냐?”
저희끼리 찧고 까분다. 그들은 일을 놓으며 옷깃으로 땀을 씻는다. 골바람이 벼깔치를 부옇게 풍긴다. 옆 산에서 푸드득 하고 꿩이 날며 머리 위를 지나간다. 갈퀴질을 하던 얼굴 넓적이가 갈퀴를 놓고 씽급하더니 달려든다. 장난꾼이다. 여러 사람의 힘을 빌리어 덕돌이 입에다 헌 짚신짝을 물린다. 버들껑거린다. 다시 양귀를 두 손에 잔뜩 훔켜잡고 끌고 와서는 털어 놓은 벼무더기 위에 머리를 틀어박으며 동서남북으로 큰절을 시킨다.
“야아! 야아! 아!”
“아니다, 아니야. 장갈 갔으면 산신령에게 이러하다 말이 있어야지. 괜스레 산신령이 노하면 눈깔망나니(호랑이) 내려 보낸다.”
뭇 웃음이 터져 오른다. 새신랑의 옷이 이게 뭐냐. 볼기짝에 구멍이 다 뚫리고…… 빈정대는 사람도 있다. 그러나 덕돌이는 상투의 먼대기를 털고 나서 곰방대를 피워 물고는 싱그레 웃어 치운다. 좋은 옷은 집에 두었다. 인조견 조끼, 저고리, 새하얀 옥당목 겹바지, 그러나 아끼는 것이다. 일할 때엔 헌옷을 입고 집에 돌아와 쉴 참에나 입는다. 잘 때에도 모조리 벗어서 더럽지 않게 착착 개어 머리맡에 위해 놓고 자곤 한다. 의복이 남루하면 인상이 추하다. 모처럼 얻은 귀여운 아내니 행여나 마음이 돌아앉을까 미리미리 사려 두지 않을 수도 없는 노릇이다. 그야말로 이십구 년 만에 누런 이 조각에다 어제야 소금을 발라 본 것도 이 까닭이었다.
덕돌이가 볏단을 다시 집어 올릴 제 그 이웃에 사는 돌쇠가 옆으로 와서 품을 안는다.
“얘 덕돌아! 너 내일 우리 조마댕이 좀 해줄래?”
“뭐 어째?”
하고 소리를 뻑 지르고는 그는 눈귀가 실룩하였다.
“누구보고 해라야? 응? 이 자식 까놀라!”
어제까진 턱없이 지냈단대도 오늘의 상투를 못 보는가!
바로 그날이었다. 윗간에서 혼자 새우잠을 자고 있던 홀어미는 놀라 눈이 번쩍 띄었다. 만뢰 잠잠한 밤중이다.
“어머니! 그거 달아났에유. 내 옷도 없구…….”
“응?”
하고 반마디 소리를 치며 얼떨김에 그는 캄캄한 방 안을 더듬어 아랫간으로 넘어섰다. 황망히 등잔에 불을 댕기며,
“그래 어디로 갔단 말이냐?”
영산이 나서 묻는다. 아들은 벌거벗은 채 이불로 앞을 가리고 앉아서 징징거린다. 옆자리에는 빈 베개뿐 사람은 간 곳이 없다. 들어 본즉 온종일 일하기에 피곤하여 아들은 자리에 들자 고만 세상을 잊었다. 하기야 그때 아내도 옷을 벗고 한자리에 누워서 맞붙어 잤던 것이다. 그는 보통 때와 조금도 다름없이 새침하니 드러누워서 천장만 쳐다보았다. 그런데 자다가 별안간 오줌이 마렵기에 요강을 좀 집어 달래려고 보니 뜻밖에 품안이 허룩하다. 불러 보아도 대답이 없다. 그제는 어리짐작으로 우선 머리맡 위에 놓았던 옷을 더듬어 보았다. 딴은 없다.
필연 잠든 틈을 타서 살며시 옷을 입고 자기의 옷이며 버선까지 들고 내뺐음이 분명하리라.
“도적년!”
모자는 관솔불을 켜들고 나섰다. 부엌 잿간을 뒤졌다. 그리고 뜰 앞 수풀 속도 낱낱이 찾아봤으나 흔적도 없다.
“그래도 방 안을 다시 한 번 찾아보자.”
홀어미는 구태여 며느리를 도적년으로까지는 생각하고 싶지 않았다. 거반 울상이 되어 허벙저벙 방 안으로 들어왔다. 마음을 가라앉혀 들쳐 보니 아니나다르랴 며느리 베개 밑에서 은비녀가 나온다. 달아날 계집 같으면 이 비싼 은비녀를 그냥 두고 갈 리 없다. 두말없이 무슨 병패가 생겼다. 홀어미는 아들을 데리고 덜미를 잡히는 듯 문 밖으로 찾아 나섰다.

×

마을에서 산길로 빠져나가는 어귀에 우거진 숲 사이로 비스듬히 언덕길이 놓였다. 바로 그 밑에 석벽을 끼고 깊고 푸른 웅덩이가 묻히고 넓은 그물이 겹겹 산을 에돌아 약 십 리를 흘러내리면 신연강 중턱을 뚫는다. 시내에 반쯤 파묻히어 번들대는 큰 바위는 내를 싸고 양쪽으로 질펀하다. 꼬부랑길은 그 틈바귀로 뻗었다. 좀체 걷지 못할 자갈길이다. 내를 몇 번 건너고 험상궂은 산들을 비켜서 한 오 마장 넘어야 겨우 길다운 길을 만난다. 그리고 거기서 좀더 간 곳에 냇가에 외지게 잃어진 오막살이 한 간을 볼 수 있다. 물방앗간이다. 그러나 이제는 밥을 찾아 흘러가는 뜬 몸들의 하룻밤 숙소로 변하였다.
벽이 확 나가고 네 기둥뿐인 그 속에 힘을 잃은 물방아는 을씨년궂게 모로 누웠다. 거지도 고 옆에 홑이불 위에 거적을 덧쓰고 누웠다.
거푸진 신음이다. 으! 으! 으흥! 서까래 사이로 달빛은 쌀쌀히 흘러든다. 가끔 마른 잎을 뿌리며…….
“여보 자우? 일어나게유 얼핀.”
계집의 음성이 나자 그는 꾸물거리며 일어앉는다. 그리고 너털대는 홑적삼을 깃을 여며 잡고는 덜덜 떤다.
“인제 고만 떠날 테이야? 쿨룩…….”
말라빠진 얼굴로 계집을 바라보며 그는 이렇게 물었다.
십 분 가량 지났다. 거지는 호사하였다. 달빛에 번쩍거리는 겹옷을 입고서 지팡이를 끌며 물방앗간을 등졌다. 골골하는 그를 부축하여 계집은 뒤에 따른다. 술집 며느리다.
“옷이 너무 커…… 좀 적었었으면…….”
“잔말 말고 어여 갑시다, 펄쩍…….”
계집은 부리나케 그를 재촉한다. 그리고 연해 돌아다보길 잊지 않았다. 그들은 강길로 향한다. 개울을 건너 불거져 내린 산모퉁이를 막 꼽뜨리려 할 제다. 멀리 뒤에서 사람 욱이는 소리가 끊일 듯 날 듯 간신히 들려 온다.
바람에 먹히어 말소리는 모르겠으나 재 없이 덕돌이의 목성임은 넉히 짐작할 수 있다.
“아 얼른 좀 오게유.”
똥끝이 마르는 듯이 계집은 사내의 손목을 겁겁히 잡아 끈다. 병든 몸이라 끌리는 대로 뒤툭거리며 거지도 으슥한 산 저편으로 같이 사라진다. 수은빛 같은 물방울을 뿜으며 물결은 산벽에 부닥뜨린다. 어디선지 지정치 못할 늑대 소리는 이산 저산서 와글와글 굴러내린다.

(1933, 1, 13)",밤이 깊어도 술꾼은 역시 들지 않는다. 메주 뜨는 냄새와 같이 퀴퀴한 냄새로 방안은 쾨쾨하다. ,7440
살아 있는 화성인,로버트 실버버그,"원더풀 데이




""너는 아빠와 엄마가 잊으셨다고 생각하니?""
짐 체인버스는 여동생인 샤리에게 속삭였다.
이제 곧 11살이 되는 샤리는 어깨를 움츠리고 빨간 머리카락이 덮인 머리를 옆으로 흔들었다.
""아빠와 엄마는 지금까지 잊으셨던 일이 한 번도 없었지. 그렇잖아?""
""이번이 처음이지. 지금부터 잊기 시작이야.""
짐은 개운하지 않은 기분으로 말하였다. 12살인 짐은 어른들이 때때로 중요한 일을 잊는다는 사정을 이해하고 있었다.
그러나, 짐의 부모들은 정말 '원더풀 데이'를 잊고 있는 것일까? 그것은 크리스마스를 잊는 것과 같은 일이다.
벌써 8시다. 오래지 않아 잠자는 시간이 올 것이다. 그리고 깜짝 놀랄 일이 아무 것도 없는 채로 끝나버린다. 아버지와 어머니가 모두 잊고 있다는 것은 믿어지지 않는 일이었다.
'원더풀 데이'는 체인버스네 집만의 명절날이었다. 짐과 사리의 아버지 로이 체인버스 박사는 크리스마스가 1년에 한 번밖에 오지 않는 것을 언제나 서운하게 생각하고 있었다. 그래서 크리스마스와 다음 크리스마스의 한가운데 날을 '원더풀 데이'로 정하고 서로 깜짝 놀랄 만한 선물을 교환하여 즐겁게 지내기로 하였었다. 금년에는 6월 25일이 '원더풀 데이'가 되는 날이었다.
그리고 오늘은 2017년 6월 25일인 것이다. 그런데 낮 시간은 아무 일도 없이 지나가고, 저녁 식사가 끝나고도 꽤 시간이 지났는데도, 아직도 깜짝 놀랄 만한 일이 아무 것도 일어나지 않고 있는 것이다.
짐과 샤리는 이미 자기들의 선물을 준비하고 있었다. 짐은 아버지에게 드릴 자석으로 만든 커프스(소매끝동)단추와, 어머니에게 드릴 돈지갑의 크기로 접을 수 있는 양산을 샀다.
샤리는 아버지에게 드릴 새로운 서류철 파일(정리카드)을, 어머니에게는 수입품인 향수 한 병을 준비하고 있었다.
짐과 샤리는 양친이 기뻐할 만한 선물을 결정하려고 몇 주일이나 걸려서 집안을 구석구석 몰래 살펴보았던 것이다.
그러나 지금까지의 습관으로 짐과 샤리는 불쑥 선물을 양친(아버지와 어머니)에게 드릴 수가 없었다. 또 오늘이 '원더풀 데이'라는 것을 누구에게나 생각나게 하는 것은 규칙 위반이었다. 미리 알게 되어 깜짝 놀라는 것이 약해져서는 안 되기 때문이다.
""힌트를 주는 정도라면 좋지 않아?""
라고, 샤리가 말했으므로 짐은 이마에 주름살을 지으면서 주의를 주었다.
""바보 같은 소린 해서는 안 돼. 그것도 규칙 위반이 되는 거야.""
""아빠와 엄마를 잊으신 그대로 두는 것도 규칙 위반이 되 는걸.""
""오늘은 아직 끝나지 않고 있단 말야. 그 얘기는 이제 그만 하자.""
짐은 비디오(텔레비전의 화면 신호를 다루는 장치나 신호) 세트의 곁으로 가서 스위치를 넣었다. 체인버스네 집에는 입체 화면이 비치는 최신식 비디오 세트가 있었다.
스크린(화면)엔 전자 피아노를 치면서 노래를 부르는 소녀가 나타났다. 그 노래 소리가 온 방 안에 울려 퍼지자, 집에서 기르는 고양이 치퍼가 잠을 깨어 구석에서 엉금엉금 기어 나와 스크린 앞에 앉았다.




치퍼는 검은빛과 횐 빛의 얼룩무늬 수코양이인데, 졸고 있기만 하다가 비디오를 켤 때마다 눈을 뜬다.
""치퍼는 비디오를 볼 줄 아는 거야.""
라고 짐은 주장하였지만 아무도 믿어주지 않았다.
갑자기 체인버스 박사가 방에 들어왔다. 박사는 매우 키가 큰 사람이었다. 그 후리후리한 몸, 부드럽게 웃는 얼굴, 짙은 갈색의 머리카락을 짐이 그대로 이어받고 있었다. 샤리의 빨간 머리카락은 어머니로부터 이어받은 것이었다.
오늘밤의 체인버스 박사는 부드러운 웃음을 띠고 있지 않았다. 몹시 엄숙한 표정이었다. 그리고 비디오 세트를 힐끗 보면서 말하였다.
""너희들, 그런 건 숙제를 다하고 나서 보는 거냐? 우리 집의 규칙을 알고 있겠지.""
""아빤 모르세요? 이런 학기는 앞으로 이틀이면 끝난다고요. 그래서 숙제 같은 건 없어요.""
""그렇던가, 내가 깜박 있고 있었군.""
체임버스 박사는 고개를 끄덕였다. 마음이 수백만 킬로나 멀리 떨어진 곳을 헤매고 있는 것 같았다.
""역시 잊고 계시잖아. ""
사리는 짐에게만 들리는 작은 소리로 속삭였다.
집은 팔꿈치로 샤리를 쿡 찔렀다.
""그 일을 입 밖에 내서는 안 된다니까!""
그 다음에 짐과 샤리는 비디오 세트의 스크린에 눈을 돌렸다. 노래가 끝나고 뉴스 해설자가 하루의 주요한 뉴스를 늘어놓기 시작했다.
""국회 의원 선거… 유엔 총회… 비디오 스타가 화성 식민지 방문에서 돌아오다…. 기상대가 태양의 열파(열의 파동)를 방지…….""
두 사람의 귀에는 뉴스가 거의 들어오지 않았다. 짐과 샤리는 마음속으로 몇 번이나 되풀이하였다.
''원더풀 데이'를 잊다니 말이 되는가! 잊다니 말이 되는가!'
뉴스가 끝났을 때, 체인버스 박사는 조용히 말했다.
""비디오를 꺼 주지 않겠니? 엄마와 나는 너희들에게 할 말이 있다.""
샤리는 비디오 세트 곁으로 가서 스위치를 껐다. 치퍼는 실망한 듯이 천천히 방의 구석으로 돌아가서 또 잠을 자려는지 몸을 둥글게 구부렸다.
어머니가 방에 들어와서 아버지 옆에 앉았다. 두 사람 모두 몹시 긴장된 표정이었다. 샤리와 짐은 무슨 일이 일어났을까 하고 불안해하면서, 소파(안락의자)에서 몸을 일으켰다. 그것이 어떤 일이라도 좋은 소식은 아니라고 생각했기 때문이다.
체인버스 박사는 말했다.
""나는 이것을 저녁 식사가 끝나기까지 너희들에게 이야기하는 것을 미루고 있었다. 나는 오랫동안 여행을 떠나 있지 않으면 안 되게 되었다.""
""빨리 얘기해 주세요. 무슨 일이죠?""
짐은 더 참을 수 없어 재촉했다.
""나는 집을 떠나서 대단히 먼 곳까지 여행을 하지 않으면 안 된다. 적어도 1년은 집에 돌아올 수 없게 될 것이다.""
짐과 샤리는 서로 눈짓을 했다. 아버지에게 무엇인가 나쁜 일이 생긴 것일까? 어려운 수술을 받게 된 것일까? 아니면 대학에서 새로운 강의를 맡게 되신 것일까 ?
체임버스 박사는 미국 뉴욕에 있는 콜롬비아 대학의 생물학 교수였다. 그것을 그만두고 먼 곳의 대학으로 가르치러 가는지도 모른다.
어쨌든 꽤 중대한 일이다. 그렇지 않다면 양친 모두 근심스러운 얼굴을 하고 있을 리가 없다. 또 어지간한 일이 아니면 '원더풀 데이'를 잊을 리가 없었다.
""무슨 일이죠, 아빠?""
샤리는 묻지 않을 수가 없었다.
""어떻게 할까? 에셀.""
체인버스 박사는 자기 아내에게 물었다.
""애들에게 사실을 말하는 편이 좋지 않을까?""
체인버스 부인은 어깨를 움츠리며 개운치 않은 목소리로 대답하였다.
""언젠가는 말해 주어야 하잖아요. 로이, 도리어 지금 말해 버리는 편이 좋지 않을까요?""
그 때 짐은 마른 입술을 빨면서 말했다.
""말씀해 주세요, 아빠. 저희들은 나쁜 소식이라도 놀라지 않고 들을 수 있으니까요.""
비로소 체인버스 박사의 얼굴에 미소가 떠올랐다.
""좋아, 그렇다면 말해 주지 않을 수 없지. 너희들은 내가 전부터 계속해 오는 생물학의 연구를 알고 있으리라고 생각한다. 나는 화성의 식민지로부터 보내오는 보고를 조사하여 어떤 결론을 끌어내려고 애써 왔다. 그러나 이 이상 더 다른 사람의 보고를 이용하는 연구는 안 하련다. 그래서 나는 자신이 화성으로 가서 1년 동안 거기서 실제로 연구하기로 한 거야.""
응접실은 잠시 동안 침묵에 싸였다. 치퍼가 졸면서 목을 울려 코 고는 소리를 골골 내고 있는 것이 들릴 뿐이었다.

붉은 행성




잠시 후에 짐이 말하였다.
""정말 화성엘 가세요, 아빠? 그렇다면 참 좋으시겠네요""
그러나 샤리는 불만이었다.
""꼬박 1년이나 가서 계신다고요? 아빠가 안 계시면 저희들은 쓸쓸해요!""
""그렇지만 아빠는 편지를 보내 주실 거야. 화성 식민지의 우표를 많이 붙여서…….""
짐은 오빠답게 샤리를 타일렀다.
""그렇겠군요. 1년 같은 건 그리 길지는 않죠. 아빠가 영원히 안 계시게 되는 것도 아니니까요.""
샤리가 고개를 끄덕이자, 갑자기 체인버스 박사가 웃기 시작하였다.
""얘들아, 멋대로 이야기를 진행시켜서는 안 돼! 내가 언제 화성에 혼자서 간다고 말했었나?""
""그렇지만… 아빠는 몹시도 심각한 표정이었거든요.""
라고, 짐이 말하니, 샤리도 입을 삐쭉거렸다.
""저도 틀림없이 아빠가 혼자서…….""
""나는 자신이 화성에 간다고 말했을 뿐인데…….""
체인버스 박사는 빙그레 웃으면서 맡을 계속하였다.
""자신이 간다고 하지만, 혼자서가 아니다. 모두 함께 가는 거다. 너희들도, 엄마도, 함께 가는 거야. 정부에서 가족이 전부 가도록 허가해 주었단다. 출발은 다음 주 내이다.""
짐과 샤리는 서로 얼굴을 마주 보았다. 여동생이 놀란 나머지 눈이 휘둥그래지는 것을 보고, 자기도 같을 것이라고 짐은 생략하였다. 놀라운 일에 여러 가지가 있을 것이지만, 이만큼 깜짝 놀랄 만한 이야기는 없다. 화성에서 1년을 지낸다니!
짐은 평소에 이것저것 공상에 잠겨서 시간을 보내는 일이 많았다. 그 가운데서 가장 실현될 것 같지도 않은 꿈이 화성에 가는 일이었다. 화성에 가려면 돈이 꽤 많이 든다. 시간도 걸린다. 가장 빠른 우주선으로도 3주간이 걸리는 깃이다. 화성에는 도시가 하나 있다. 1991년에 건설된 것인데, 거대한 플라스틱 돔(둥근 지붕) 안에 3천 명의 시민이 살고 있다.
돔의 밖으로 나갈 때에는 누구나 우주복을 입지 않으면 안 된다. 화성의 공기는 인간이 호흡하기에는 너무 약한 것이다.
짐도 사리도 화성에 대해서 사회과 시간에 배웠기 때문에 잘 알고 있었다. 그리나, 실제로 화성에 간다고 하면, 좀더 공부해 두지 않으면 안 될 것이다.
""저희들은 아빠가 잊고 계실 거라고 생각하고 있었어요. 8시가 지나도록 아빤 '원더풀 데이'에 대해서 아무 것도 말씀하시지 않았으니까요.""
짐은 안심한 듯 말하였다.
""아껴서 남겨 두신 거야. 너무 큰 깜짝 선물이기 때문에, 너무 소중해서 밤까진 내놓으실 수가 없었던 거란다"".
체인버스 부인이 설명하자, 박사가 덧붙였다.
""이것이 너희들에게 주는 아빠와 엄마가 준비한 단 하나뿐인 깜짝 선물이다. 그렇지만 뭔가 눈에 보이는 것을 준비하는 것이 좋지 않았을까?""
""그래도 아빠 얘기는 5년치 쯤의 깜짝 선물의 가치가 있어요.""
짐은 아버지의 말을 받아서 말하였다. 이 때 샤리가 짐의 귀에 속삭였다.
""우리가 잊고 있었어, 선물.""
""아-참 그렇군……. 잠깐만 기다리세요.""
짐도 샤리도 2충으로 달려 올라가서 비밀의 장소로부터 선물을 꺼내어서 아래층으로 뛰어 내려왔다.
서류철의 파일, 커프스 단추, 양산, 향수, 이와 같은 물건은 화성 여행의 뉴스에는 도저히 미치지 못하지만, 양친은 조금 전의 짐과 샤리와 똑같이 깜짝 놀라 주었다.
양친은 하나씩 포장지를 풀어서 잘 살펴보고 아이들에게 몇 번이나 고맙다는 말을 하였다. 돈지갑의 크기로 접은 양산을 폈을 때에는 모두 크게 웃었다.




체인버스 부인이 잠시 후에 중얼거렸다.
""이 가운데는 화성에 가지고 가고 싶지 않은 물건이 하나 있어요.""
""알고 있어요, 엄마. 화성에서는 수천 년 동안이나 비가 내린 일이 없고, 앞으로도 내릴 것 같진 않죠. 그래도 엄마, 저와 샤리가 선물을 선택할 때 이렇게 갑자기 화성에 가게 되리라는 걸 생각이나 할 수 있었겠어요?""
하고, 미안해하는 짐을 박사는 위로하였다.
""염려 마라. 양산은 우리가 지구로 돌아온 후에 사용할 수 있다. 우리 가족은 화성에서 영원히 살려고 가는 것이 아니니까.""
""단 1년이죠. 그리 오래 있는 것도 아니네요.""
샤리가 들떠서 말하자, 짐은 머리를 흔들었다.
""만일 화성의 1년이면 그렇게 짧지는 않아요. 지구의 687 일이니까요.""
""그렇다. 하지만 섭섭하게도 정부의 허가는 지구의 1년, 즉 24시간의 365일이란 말이다.""
""저희들의 학교는 어떻게 되는 거죠? 아빠.""
샤리가 근심스럽게 물었다.
""너희들은 화성 식민지의 학교에 매일 다니게 된다. 그리고 지구로 돌아오면 지금보다 1년 위의 학교에 들어간다. 학교가 달라져도 같은 학년을 두 번 하는 일은 없게 될 테니까 안심해도 좋아.""
라고, 체인버스 박사는 대답하였다.
방의 구석에서 고양이가 눈을 뜨고 앞발로 얼굴을 지르기 시작하였다.
""아빠, 정부의 허가에는 고양이도 들어 있나요?""
""염려할 건 없다. 치퍼는 두고 가지 않으면 안 되지만, 우리가 없는 동안에는 로빈슨네 집에서 돌봐주기로 했다.""
박사의 얼굴에는 미소가 사라져 있었다. 정부는 고양이까지 가족의 하나라고는 생각하지 않고 있는 것이다.
""그래도 고양이 한 마리쯤, 크게 자리를 잡는 것도 아니잖아요?""
단념하지 못하는 샤리가 말하였다.
""너희들의 귀여운 치퍼는 몸무게가 7킬로나 나간다. 샤리, 아무 쓸모 없는 7킬로의 고양이를 화성까지 나르는데 운임이 얼마나 드는지 계산해 본다면 너는 깜짝 놀랄 거다. 그리고 고양이도 생물이기 때문에 화성에서 먹기도 하고, 마시기도 하고, 또 숨을 쉬지 않으면 안 된다. 그러나 화성 식민지의 사람들은 자기들의 식량과 물을 만드는 데도 모든 힘을 기울이고 있다. 치퍼가 너희들에게는 아무리 소중해도 화성 식민지의 사람들은 귀중한 식량과 물을 고양이에게까지 나누어 주려고는 생각지 않는다.""
체인버스 박사는 참을성 있게 설명하는 것이었다.
짐은 치퍼의 귀 뒤를 손가락으로 긁어 주고 있었다. 그러자 치퍼는 한층 더 크게 목을 골골 울리면서 쌀쌀한 눈으로 짐을 쳐다보았다.
""보세요, 치퍼는 벌써 실망하고 있어요. 우리가 무슨 말을 하고 있는지 다 알고 있는 모양이에요, 아빠.""
""만일, 치퍼가 글을 읽고 쓸 수 있을 만큼 영리한 고양이라도 마찬가지야, 짐. 역시 남아야 하니까.""
""알고 있습니다.""
짐은 고개를 끄덕이고 수코양이의 숱이 많은 털을 쓰다듬으면서 달을 걸었다.
""안녕, 치퍼. 우린 1년만 지나면 돌아온다. 너는 우리가 없어서 쓸쓸하겠지. 우리도 네가 없으면 쓸쓸해. 그렇지만 할 수가 없단 말야, 치퍼.""
""야옹!""
""너는 우리가 어디로 가는지 알고 있겠지, 치퍼? 우리는 화성으로 가. 그것이 어디 있는지 알고 있니 ?""
""야옹!""
""이리 와, 네게 화성을 보여 줄 테니까.""
고양이를 안고 짐은 홀을 지나서 현관의 포치(입구)로 나왔다. 샤리와 양친까지 함께 따라왔다.
짐은 잠시동안 별이 총총한 캄캄한 밤하늘을 쳐다보고 있다가 별 하나를 찾아냈다. 화성은 붉은 벽돌의 빛깔을 하고 있어서 다른 별들과는 똑똑히 구별되었다. 그것을 가리키면서 짐은 말하였다.
""저기를 봐, 치퍼 ! 저 빨간 별이다. 저것이 화성이다, 화성이야! 우린 저 별로 가는 거야.""
""야옹!""
고양이는 슬픈 듯이 울었다.
얼마쯤 시간이 흐른 뒤에, 짐은 고양이를 땅에 내려놓고 속삭였다.
""미안해, 치퍼. 규칙은 규칙이니까.""
모두집 안으로 돌아왔다. 짐에게는 아직도 아버지의 이야기가 믿어지지 않는 것 같은 기분이었다.
""아빠, 이처럼 커다란 깜짝 선물은 처음이에요. 아! 우린 모두 화성으로 간다.""","""너는 아빠와 엄마가 잊으셨다고 생각하니?""
짐 체인버스는 여동생인 샤리에게 속삭였다.
이제 곧 11살이 되는 샤리는 어깨를 움츠리고 빨간 머리카락이 덮인 머리를 옆으로 흔들었다.",5395
성암(星巖)의 길,김동인,"전언(前言)
덕천가강(德川家康 ― トクガワ イヘヤス)이 풍신(豊臣) 정부를 꺼꾸러뜨리고 ‘에도(江戶)’에 막부(幕府)를 연 지도 어언간 삼백 년이라는 세월이 흘렀다.
한 개의 정치 생명(政治生命)은 삼백 년을 그 장기(長期)로 한다. 삼백년이면 한 정치생명은 이미 늙어서, 다른 새롭고 싱싱한 정치의 출현을 기다린다.
한(漢)이 전한(前漢)과 동한(東漢)을 합하여 사백 년, 당(唐)이 삼백 년, 명(明)이 또한 겨우 삼백 년 ― 이것이 정치 생명의 긴 자〔長者〕들이다.
지금 삼백 년 가까운 정치 생명을 누려 온 자가 지나에는 애신각라 씨의 청(淸)이 있고, 동방에는 덕천막부가 있다.
하늘의 법칙은 여기도 움직이어, 청(淸)은 아편 문제의 영국 대포 한 방으로 그 사직의 경중(輕重)이 이미 저울질받았으며, ‘덕천’막부 역시 삼백 년 안일의 꿈은 밖으로는 아메리카의 페리 제독(提督)의 인솔한 함대의 위협과 안으로는 차차 존황심(尊皇心)에 눈뜬 지사들의 움직임으로, 그 존재의 흔들림을 보기 시작하였다.
‘덕천’막부는 자기 생명의 존속을 유지하기 위하여 어떤 대책을 쓰지 않을 수가 없게 되었다.
때의 막부의 대로(大老 ― 총리대신 격) 이이 나오스케(イイ ナホスケ·井伊直弼[정이 직필])에게 그의 막하 나가노(ナガノ)모가 진언한 바가,
“경도(京都)조정의 공경(公卿)들의 들먹거리는 것은 마치 민요 같은 것으로, 한 번 탄압하면 잦아 버릴 것이오이다. 귀찮고 성가신 것은 소위 지사(志士)들의 준동인데 ‘우메다 움삥(梅田雲濱[매전운빈]), 라이 미끼(賴三樹[뇌삼수]), 이께우찌 다이가꾸(池內大學[지내대학]), 야나가와 세이강(梁川星巖[양천성암])’ 등이 그 괴수요, ‘요시다 쇼잉(吉田松陰[길 전송음])’도 악모(惡謀)가 빼난 사람이외다.”
이러하였다.
막부에서는 곧 포리를 보내어 그 소위 괴수들을 잡아올렸다.
그런데, 성암(星巖)을 잡으러 가니까. 성암은 행인지 불행인지, 막부의 손에 붙잡히기 며칠 전에, 칠십 세의 그의 천수(天壽)를 다하여 세상 떠났다.
막부의 손에 붙잡히기 이틀을 앞하여, 칠십 세라는 그의 천수를 다하고 자기 집에서 운명한 성암은, 당대의 이름 높은 시인(詩人)이었다.
그런지라 세상이 그의 죽음을 찬송하여 가로되, ‘시니(シニー死ニ 혹은 詩ニ) 쟈우즈(上手ージャウズ)’라 하였다.
성암을 잡으려다가 그만 염라대왕에게 빼앗긴 막부 포리들은 하릴없이 성암의 안해로 시, 서, 화(詩書畵)의 삼절(三絶)로 이름높은 홍란(紅蘭)여사를 잡아올렸다.
운빈(雲濱)이하의 지사들도 잡아올려, 그들에게 사련(辭蓮)된 다른 지사들도 육속 잡아올렸다.
그들을 문초하매, 그들의 입에서 여출일구로 나오는 말이 가로되,
“우리의 수령은 양 시선(梁詩禪 ― 성암)이오.”
하는 것이었다.
과연 ‘시니(詩ニ)上手[상수]’였다.
막부의 검거가 이삼 일만 앞섰든가, 성암이 이삼 일만 더 장수하였더면 그는 옥사(獄死)든가 형사(刑死)를 면치 못하였을 것이었다.
지사들이 여출일구로 ‘우리의 수령’이라 일컫는 성암 ― 그는 어떤 사람인가.
평범사(平凡社)판 ‘대백과사전(大百科事典)’의 ‘야나가와 세이강’을 찾아 보자.
‘양천성암(梁川星巖) (1789~1858) 시인. 처음의 이름은 묘(卯), 자는 무상(無象). 통칭 신십랑(新十郎). 그의 사는 읍에 성강(星岡)이 있으므로.
성암(星巖)이라 호하였다. 천곡(天谷), 백봉(百峯), 노룡암(老龍庵)등의 호도 썼다. 미농국(美濃國) 안팔군(安八郡) 증근촌(曾根村) 사람으로 관정원년(寬政元年)에 났다. 일곱 살에 고향(花蹊寺)에 들어가서 자구(字句)를 대수화상(大隨和尙)에게 배웠는데, 본시 명민하고 강기하여 남에게 칭찬을 받았다. 열두 살에 양친을 여의고 침식을 잊도록 슬퍼하였다. 형화(亨和) 삼 년 열다섯 살(사실은 열아홉 살)에 집을 동생에게 맡기고 학업을 닦으러 에 도(江戶)로 나와, 고하정리(古賀精里), 산본북산(山本北山) 등에게 배우다가, 얼마 뒤에 다시 고향에 돌아갔다가 문화(文化) 칠 년에 또 에도로 나와 산본 북산(山本北山)의 문하에 들었는데, 학업이 크게 떨치고, 더우기 시(詩)에는 놀라운 천품을 보였다.’ 이상이 그의 전반생이었다.
백과사전은 다시 그의 기사를 전개하여 가로되 ―당시 ‘ 대와천민(大窪天民)은 성암보다 앞서 시명(詩名)이 장안에 떨쳤는데, 간다(神田) 오다마가(オタマガ) 지(池)에 강호시사(江湖詩社)를 열고 천하에 시객들을 청해 가지고 즐기는, 성암도 그 축의 한 사람으로 있었다.
그후 성암은 그의 생애의 짝 홍란(紅蘭)을 맞아 천하를 우유하며 시상(詩想)을 닦기를 이십 년, 천보(天保) 오년에 에도로 돌아와서 옛날의 강호시사의 자리를 찾았으나, 잃어진 자취 찾을 바이 없어 그 근방의 땅을 사서, 새로이 한 못을 파고 옥지음사(玉池吟社)를 열었다. 그의 명성이 떨치고, 문하 구름같이 모여들었다.
홍화(弘化) 일년에 경도(京都)의 압천(鴨川)가의 압기소은(鴨沂小隱)에 옮아 운하(雲霞)를 벗하여 음영(吟咏) 홀로 즐겼다.
그의 시 고아청기(古雅淸奇), 고취(高趣)하고 기품높아, 세상에서는 그를 일본의 이백(李白)이라 하였다. 근세의 시인 관다산(菅茶山), 광라담창(廣瀨淡窓), 대와천민(大窪天民), 국지오산(菊地五山) 등 선배도 오히려 성암의 명성보다 눌리어, 당시 글에서는 뇌산양(賴山陽)으로 마루〔宗〕를 삼고, 시로는 성암을 북두(北斗)로 삼았다.
안정(安政) 오년 가을 막부 각로 간부전승(閣老 間部詮勝)막부의 명령을 받들고 양이근왕론자(攘夷勤王論者)들을 일망타진하려 할 때에, 성암은 강개하여 시 이십오 편을 지어 시사를 평하고 그리고는 구월 이튿날 병으로 세상 떠났다. 나이 칠십.
근황지사들을 잡아 문초하매, 모두 성암을 수령이라 하여 성암의 안해 홍 란(紅蘭)을 옥에 내렸다.
대소침산(大沼枕山), 원산운여(遠山雲如), 삼춘도(森春濤), 노송당(鱸松塘), 강마천강(江馬天江)등 모두 성암의 문하에서 난 사람들이다. 명치(明治) 이십사년 사월, 정사위(正四位)를 추증하였다.
요컨대 백과사전도 그의 가다가끼(カタガキ ― 직함)를 ‘시인’이라 하였지, ‘지사’라 하지 않았다.
그럼에도 불구하고, 모든 지사들은 성암을 수령이라 일컬었고, 서향융성(西鄕隆盛), 길전송음(吉田松陰), 교본좌내(橋本左內), 구판현서(久坂玄瑞) 등 쟁쟁한 지사들이 모두 그의 문을 두드려, 혹은 스승으로 혹은 선배로 그의 의견을 존중하였다.
그 일생을 한낱 초야의 시인으로 보낸 그에게, 죽은 후에 지사로서의 욕이 돌아오려 했고, 더 세월이 흐른 뒤에는, ‘순난지자’의 대우로서 정사위의 작이 추증되었다.
말하자면 칠십년 전 생애를 시인으로 보낸 그가, 때때로 시사에 분개하여 써 던진 불붙는 노래가, 때의 열혈의 젊은이들의 마음을 충격하여, 드디어 그를 맹주로 우러르게 한 것이었고, 그의 노래가 원동력의 하나이 되어, 명치유신의 위업을 달성케 한 것이었다.
화조(花朝)를 찬송하고 월석(月夕)을 노래하는 당시(唐詩)에 적을 두고도, 이 구각을 깨뜨리고 존황(尊皇)을 고취하며 양이(揚夷)를 외치며 시사를 통탄한 그의 노래의 힘 ― 이런 노래를 산출한 그의 정신의 힘, 얼마나 세차고 위대한 것이냐.
당시인(唐詩人)의 통례에 벗어나지 못하여 성암도 숭당(崇唐)사상은 적지 않게 가졌었다.
그 위 본 성씨 도진씨를 버리고 ‘양천(梁川)’씨라 통칭한 것도 요컨대 지나식의 이름 양맹위(梁孟緯) 혹은 양시선(梁詩禪)등을 일컫기에 편리키 위해서였다.
일청전쟁 이후의 천당심(賤唐心)이 배양된 뭇 평가(評家)들은 이를 부인하기 위하여, 각자각양의 설을 지어내어 그 새 성씨의 곡절을 부회(附會)하지만, 이들은 한낱 억설이요, 성암이 자기의 안해(역시 본시 도진(稻津)씨 경완 여사(景婉女史)를 장씨 경완(張氏景婉) 혹은 장씨 홍란(張氏紅蘭)이라 한 것으로 보아도 그의 의도한 바를 알 수 있다.
이 양성암(梁星巖)이 장경완(張景婉)을 안해로 맞은 것은 벌써 서른두 살이라는 중년의 때였다. 경완은 그때 열일곱.",덕천가강(德川家康 ― トクガワ イヘヤス)이 풍신(豊臣) 정부를 꺼꾸러뜨리고 ‘에도(江戶)’에 막부(幕府)를 연 지도 어언간 삼백 년이라는 세월이 흘렀다.,3081
솥,김유정,,들고 나갈 거라곤 인제 매 함지박과 키 쪼가리가 있을 뿐이다. 그 외에도 체랑 그릇이랑 있긴 좀 하나 깨어지고 헐고 하여 아무짝에도 못 쓸것이다. 그나마 들고 나서려면 아내의 눈을 기워야 할 터인데 맞은쪽에 뻔히 앉았으니 꼼짝할 수 없다.,11407
슬픈 이야기,김유정,"암만 때렸단대도 내 계집을 내가 쳤는 데야 네가, 하고 덤비면 나는 참으로 할 말 없다. 하지만 아무리 제 계집이기로 개 잡는 소리를 가끔 치게 해가지고 옆집 사람까지 불안스럽게 구는, 이것은 넉넉히 내가 꾸짖을 수 있다는 말이다. 그것도 일테면 내가 아내를 가졌다 하고 그리고 나도 저와 같이 아내와 툭추거릴 수 있다면 혹 모르겠다. 장가를 들었어도 얼마든지 좋을 수 있을 만치 나이가 그토록 지났는데도 어쩌는 수 없이 사글셋방에서 이렇게 홀로 둥글둥글 지내는 놈을 옆방에다 두고 저희끼리만 내외가 투닥닥투닥닥하고 또 끼익, 끼익, 하고 이러는 것은 썩 잘못된 생각이다. 요즘 같은 쓸쓸한 가을철에는 웬셈인지 자꾸만 슬퍼지고, 외로워지고, 이래서 밤잠이 제대로 와주지 않는 것이 결코 나의 죄는 아니다. 자정을 넘어서 새로 두점이나 바라보련만도 그대로 고생고생하다가 이제야 겨우 눈꺼풀이 어지간히 맞아 들어오려 하는데다 갑작스레 쿵, 하고 방이 울리는 서슬에 잠을 고만 놓치고 마는 것이다. 이것은 재론할 필요없이 요 뒷집의 건넌방과 세들어 있는 이 내 방과를 구분하기 위하여 떡 막아 논, 벽이라기보다는 차라리 울섶으로 보아 좋을 듯싶은, 그 벽에 필연 육중한 몸이 되는 대로 들이받고 나가떨어지는 소리일 것이 분명하다. 이렇게 벽을 들이받고, 떨어지고 하는 것은 일상 맡아 놓고 그 아내가 해주므로 이번에도 그랬었음에 별로 틀리지 않을 것이다. 그러기에 들릴까말까 한 나직한, 그러면서도 잡아먹을 듯이 앙크러뜯는 소리로 그 남편이 중얼거리다 퍽, 하는 이것은 발길이 허구리로 들어온 게고, 그래 아내가 어구구, 하니까 그 바람에 옆에서 자던 세 살짜리 아들이 어아, 하고 놀라 깨는 것이 두루 불안스럽다. 허 이놈 또 했구나 싶어서 나는 약이 안 오를 수 없으니까 벌떡 일어나서 큰일을 칠 거라도 같이 제법 눈을 부라린 것만은 됐으나 그렇다고 벽 너머 저쪽을 향하여 꾸중을 한다든가 하는 것이 점잖은 나의 체면을 상하는 것쯤은 모를 리 없을 것이다. 이렇게 되면 잠자기는 영 그른 공사기로 궐련 하나를 피워 물었던 것이나 아무리 생각하여도 놈의 소행이 괘씸하여 그냥 배기기 어려우므로 캐액, 하고 요강 뚜껑을 괜스레 열었다가 깨지지 않을 만큼 아무렇게나 내리닫으며 역정을 내본단대도 저놈이 이것쯤으로 끔뻑할 놈이 아닌 것은 전에 여러 번 겪었으니 소용없다. 마땅치 않게 골피를 접고 혼자서 끙끙거리고 앉아 있자니까 아이놈이 깬 듯싶어서 점점 더하는 것이 급기야엔 아내가 아마 옷궤짝에나 혹은 책상 모서리에나 그런 데다 머리를 부딪는 것 같더니 얼마든지 마냥 울 수 있는 그 설움이 남의 이목에 걸리어 겨우 목젖 밑에서만 끅, 끅, 하도록 만들어 놓았다. 이놈이 사람을 잡을 작정인가, 하고 그대로 있기가 안심치가 않아서 내가 역정난 몸을 불쑥 일으키어 가지고, 벽과 기둥이 맞붙은 쪽으로 한 지 오래된 도배지가 너털너털 쪼개지고, 그래서 어쩌다 뽕 뚫린 하잘것없는 구멍으로 내외간의 싸움을 들여다보는 것은 좀 나의 실수도 되겠지만 이놈과 나와 예의니 뭐니 하고 찾기에는 제가 벌써 다 처신은 잃어 놨거니와 그건 말고라도 이렇게 남 자는 걸 깨놓았으니까 나 좀 보는데 누가 뭐랠 테냐. 너털대는 벽지를 가만히 떠들고 들여다보니까 외양이 불밤송이같이 단적맞게 생긴 놈이 전기회사의 양복을 입은 채 또는 모자도 벗는 법 없이 그대로 쪼그리고 앉아서, 저보담 엄장도 훨씬 크고 투실투실히 번 아내의 머리를 어떻게 하다 그리도 묘하게시리 좁은 책상 밑구멍에다 틀어박았는지 궁둥이만이 위로 불끈 솟은 이걸 노리고 미리 쥐고 있었던 황밤주먹으로 한번 콕 쥐어박고는, 이년아 네가 어쩌구 중얼거리다 또 한번 콕 쥐어박고 하는 것이다. 아내로 논지면 울려 들었다면 벌써도 꽤 많이 울어 두었겠지만 아마 시골서 조촐히 자란 계집인 듯싶어 여필종부의 매운 절개를 변치 않으려고 애초부터 남편 노는 대로만 맡겨 두고 다만 가끔가다 조금씩 끽, 끽, 할 뿐이었으나 한편에 올롱히 놀라 앉았는 어린 아들은 저의 아버지가 어머니를 잡는 줄 알고 때릴 때마다 소리를 빽빽 질러 우는 것이다. 그러면 놈은 송구스러운 그 악정에 다른 사람들이 깰까 봐 겁 집어먹은 눈을 이리로 돌리어 아들을 된통 쏘아보고는 이 자식 울면 죽인다, 하고 제깐에는 위협을 하는 것이나 그래도 조금 있으면 또 끼익, 하는 데는 어쩔 수 없이 입을 막고서 따귀 한 개를 먹여 놓았던 것이 그 반대로 더욱 난장판이 되니까 저도 어처구니가 없는지 멀거니 바라보며, 뒤통수를 긁는다. 놈이 워낙이 대담치가 못해서 낮 같은 때 여러 사람이 있는 앞에서는 제가 감히 아내를 치기커녕 외출에서 들어올 적마다 가장 금실이나 두터운 듯이 애기 엄마 저녁 자셨소 어쩌오 하고 낯 간지러운 소리를 해두었다가, 다들 자고 만귀잠잠한 꼭 요맘때 야근에서 돌아와서는 무슨 대천지원수나 품은 듯이 울지 못하도록 미리 위협해 놓고는 은근히 치고, 차고, 이러는 이놈이다. 허기야 제 아내 제가 잡아먹는데 그야 뭐랄 게 아니겠지. 그렇지만 놈이 주먹으로 얼마고 콕콕 쥐어박아도 아내의 살 잘 찐 투실투실한 궁덩이에는 좀처럼 아플 성싶지 않으니까 이번에는 두 손가락을 집게같이 꼬부려 가지고 그 허구리를 꼬집기 시작하는 것인데 아픈 것은 참아 왔더라도 채신이 없이 요렇게 꼬집어뜯는 데 있어서야 제아무리 춘향이기로 간지럼을 아니 타는 법이 없을 게다. 손가락이 들어올 적마다 구부려 있던 커단 몸집이 우질끈 하고 노는 바람에 머리 위에 거반 얹히다시피 된 조그만 책상마저 들먹들먹하는 걸 보면 저 괴로워도 요만조만한 괴로움이 아닐 텐데 저런 저런. 계집을 친다기로 숫제 뺨 한 번을 보기 좋게 쩔꺽, 하고 치면 쳤지 나는 참으로 저럴 수는 없으리라고, 아― 나쁜 놈, 하고 남의 일 같지 않게 울화가 터지려고 하였던 것이다. 그보다도 우선 아무리 남편이란대도 이토록 되면 그 뭐 낼쯤 두고 보아 괜찮으니까 그까짓 거 실팍한 살집에다 근력 좋겠다 달룽 들고 나와서 뒷간 같은 데다 틀어박고는 되는 대로 투드려 주어도 아내가 두려워서 제가 감히 찍소리 한 번 못 할 텐데 그걸 못 하고 저런 저런, 에이 분하다. 그럼 그것은 내외간의 찌든 정이 막는다 하기로니 당장 그 무서운 궁뎅이만 위로 번쩍 들 지경이면 그통에 놈의 턱주가리가 치받쳐서 뒤로 벌렁 나가떨어지는 꼴이 그런 대로 해롭지 않을 텐데 글쎄 어쩌자고, 그러나 좀더 분을 돋워 놓으면 혹 그럴는지도 모를 듯해서 놈의 무참한 꼴을 상상하며 이제나저제나 하고 은근히 조를 부볐던 것이 이내 경만 치고 말므로 저런, 저런 하다가 부지중 주먹이 불끈 쥐어졌던 것이나 놈이 휘둥그런 눈을 들어 이쪽을 바라볼 때에 비로소 내 주먹이 벽을 올려 친 걸 알고 깜짝 놀랐다. 허물 벗겨진 주먹을 황망히 입에 들이대고 엉거주춤히 입김을 쏘이고 섰노라니까 잠 안 자고 게 서서 뭘 하오, 하고 변소에를 다녀가는 듯싶은 심술궂은 쥔노파가 긴치 않게 바라보더니 내 방 앞으로 주춤주춤 다가와서 눈을 찌긋 하고 하는 소리가 왜 남의 계집을 자꾸 들여다보고 그류, 괜히 맘이 동하면 잠도 못 자고, 하고 거지반 비웃는 것이 아닌가. 내가 나이찬 홀몸이고 또 저쪽이 남편에게 소박받는 계집이고 하니까 이런 경우에는 남모르게 이러구저러구 하는 것이 사차불피의 일이라고 제멋대로 생각한 그는 요즘으로 들어서 나의 일거일동, 일테면 뒷간에서 뒤를 보고 나온다든가 하는 쓸데 적은 그런 행동에나마 유난히 주목하여 두는 버릇이 생겨서 가끔 내가 어마어마하게 눈총을 겨누는 것도 무서운 줄 모르고 나중에는 심지어 저놈이 계집을 떼던지려고 지금 저렇게 못살게 구는 거라우, 이혼만 하거든 그저 두말 말고 데꺽 꿰차면 고만 아니오, 하며 그러니 얼마나 좋으냐고 나는 별로 좋을 것이 없는 것 같은데 아주 좋다고 깔깔 웃는 것이다. 이 노파의 말을 들어 보면 저놈이 십삼 년 동안이나 전차 운전수로 있다가 올에야 겨우 감독이 된 것이라는데 그까짓 걸 바로 무슨 정승판서나 한 것같이 곤댓질을 하며 동리로 돌아치는 건 그런대로 봐준다 하더라도 갑작스레 무슨 지랄병이 났는지 여학생 장가 좀 들겠다고 아내보고 너 같은 시골뜨기하고 살면 내 낯이 깎인다, 하며 어서 친정으로 가라고 줄청같이 들볶는 모양이니 이건 짜장 괘씸하다. 제가 시골서 처음 올라와서 전차 운전수가 되어 가지고, 지금 사람이 원체 착실해서 돈도 무던히 모였다고 요 통안서 소문이 자자하게 난 그 저금 팔백 원이라나 얼마나를 모으기 시작할 때 어떻게 생각하면 밤일에서 늦게 돌아오다가 속이 후출하여 다른 동무들은 냉면을 먹고, 설렁탕을 먹고, 하는 것을 놈은 홀로 집으로 돌아와 이불 속에서 언제나 잊지 않고 꼭 대추 두 개로만 요기를 하고는 그대로 자고 자고 한 그 덕도 있거니와 엄동에 목도리, 장갑, 하나 없이 그리고 겹저고리로 떨면서 아침저녁 겨끔내기로 벤또를 부치러 다니던 그 아내의 피땀이 안 들고야 그 칠팔백 원 돈이 어디서 떨어지는가. 그런 공로를 모르고 똥개 떨 거 다 떨고 나니까 놈이 계집을 내차는 것이지만 그렇게 되면 제놈 신세는 볼일 다 볼 게라고 입을 삐쭉하다가 아무튼 이혼만 한다면야 내가 새에서 중신을 서주기라도 할 게니 어디 한번 데리고 살아 보구려, 하며 그 아내의 얼마큼이든가 남편에게 충실할 수 있는 미점을 들기에 야윈 손가락이 부질없이 폈다 접었다, 이리 수선이다. 이 산당리라는 데는 본시가 푼푼치 못한 잡동사니만이 옹기종기 몰킨 곳으로 점잔한 짓이라고는 전에 한 번도 해본 일 없이 오직 저 잘난 놈이 태반일진댄 감독 됐으니까, 여학생 장가 좀 들어 보자고 본처더러 물러서 달라는 것이 별로 이상할 게 없고, 또 한편 거리에서 말똥만 굴러도 동리로 돌아다니며 말을 드는 수다쟁이들이매 밤마다 내가 벽 틈으로 눈을 들여 정코 정신없이 서 있어서 저 남의 계집보고 조갈이 나서 저런다는 것쯤 노해서는 아니 되겠지만 그래도 조금 심한 것 같다. 이놈의 늙은이가 남 곧잘 있는 놈 바람 맞히지 않나, 싶어서 할머니나 그리로 장가가시구려, 하고 소리를 뻑 질렀던 것이나 실상은 밤낮 남편에게 주리경을 치는 그 아내가 가엾은 생각이 들길래 그럴 양이면 애초에 갈라서는 것이 좋지 않을까 보냐. 마는 부부간의 정이란 그 무엔지, 짧지 않은 세월에 찔기둥찔기둥히 맺어진 정은 일조일석에 못 끊는 듯싶어 저러고 있는 것을, 요즘에는 그 동생으로 말미암아 더 매를 맞는다는 소문이었다. 한편에다 여학생 신가정을 꿈꾸는 놈에게 본처라는 것이 눈의 가시만치나 미운데다가 한 열흘 전에는 시골 처가에서 처남이 올라와서 농사 못 짓겠으니 나 월급자리에 좀 넣어 달라고 언내 알라 세 사람을 재우기에도 옹색한 셋방에 깍지똥 같은 커단 몸집이 널찍하게 터를 잡고는 늘큰히 묵새기고 있다면 그야 화도 조금 나겠지. 하지만 놈에게는 그게 아니라 하루에 세 그릇씩 없어지는 그 밥쌀에 필연 겁이 버럭 났을 것이다. 그렇다고 처남을 면대 놓고 밥쌀이 아까우니 너 갈 데로 가라고 내어쫓을 수는 없을 만큼 그만큼쯤은 놈도 소견이 되었던 것이다. 이것은 적실히 놈의 불행이라 안 할 수 없는 것으로 상전에서는, 아 여보게 그만 자시나, 물에 말아서 찬찬히 더 들어 봐, 하고 겉면을 꾸리다가 밤에 들어와서는 이러면 저두 생각이 있으려니, 확신하고 아내를 생트집으로 뚜드려패자니 몇 푼 어치 못 되는 근력에 허덕허덕 그만 지고 마는 것이다. 그러면 처남은 누이 맞는 것이 가엾기는 하나 그렇다고 어쩌는 수는 없는 고로 무색하여 밖으로 비슬비슬 피해 나가는 것이나, 이래도 맞고 저래도 맞는 그 아내의 처지는 실로 딱한 것으로 이대로 내가 두고 보는 것은 인륜에 벗어나는 일이라 생각하고, 그 담날 부리나케 찾아가 놈을 꾸짖었단대도 그리 어쭙잖은 일은 아닐 것이다. 내가 대문간에 가 서서 그 집 아이에게 건넌방에 세든 키 쪼고만 감독 좀 나오래라, 해가지고 그 동안 곁방에서 살았고 또 전자부터 잘났다는 성식은 익히 들었건만 내가 못나서 인사가 이렇게 늦었다고 나의 이름을 대니까 놈도 좋은 낯으로 피차 없노라고 달랑달랑 쏟으며 멋없이 빙긋 웃는 양이 내 무슨 저에게 소청이라도 있어 간 것같이 생각하는 듯하여 불쾌한 마음으로 나는 뭐 전기회사에서 오란대두 안 갈 사람이라고 오해를 풀어 주고는 그 면상판을 이윽히 들여다보며, 오 네가 매밤의 대추 두 개로 돈 팔백 원을 모은 놈이냐, 하고는 그 지극한 정성에 다시금 감탄하지 않을 수가 없었다. 비록 낯짝이 쪼그라들어 코, 눈, 입이 번뜻하게 제자리에 못 뇌고는 넝마전 물건같이 시들번히 게붙고 게붙고 하였을망정 제법 총기 있어 보이는 맑은 두 눈이며 깝신깝신 굴러 나오는 쇠명된 그 음성, 아하 돈은 결국 이런 사람이 갖는 게로구나, 하고 고개를 끄덕거리다 그럼 무슨 일로 오셨습니까? 하는 바람에 그제야 나의 이 심방의 목적을 다시금 깨닫게 되었다. 하나 그대로 네 계집 치지 말라고 할 수는 없는 게니까 아 참 전기회사의 감독 되기가 무척 힘드나 보던데, 하며 그걸 어떻게 그다지도 쉽사리 네가 영예를 얻었느냐고 놈을 한참 구슬리다가, 뭐 그야 노력하면 될 수 있겠지요, 하며 흥청흥청 뻐기는 이때가 좋을 듯싶어서 그렇지만 그런 감독님의 체면으로 부인을 콕콕 쥐어박는 것은 좀 덜된 생각이니까 아예 그러지 마슈, 하니까 놈이 남의 충고는 듣는 법 없이 대번에 낯을 붉히더니 댁이 누굴 교훈하는 거요, 하고 볼멘소리를 치며 나를 얼마간 노리다가 남의 내간사에 웬 참견이요, 하는 데는 그만 어이가 없어서 벙벙히 서 있었던 것이나 암만해도 놈에게 호령을 당한 것은 분한 듯싶어 그럼 계집을 쳐서 개 잡는 소리를 끼익끼익 내게 해가지고 옆집 사람도 못 자게 하는 것이 잘했소, 하고 놈보다 좀더 크게 질렀다. 그랬더니 놈이 삐얀히 쳐다보다가 이건 또 무슨 의민지 잠자코 한옆으로 침을 탁 뱉어 던지기가 무섭게, 이것이 필연 즈 여편네의 신이겠지, 커다란 고무신을 짤짤 끌며 안으로 들어갔으니 놈이 나를 모욕했는가 혹은 내가 무서워서 피했는가, 그걸 알 수가 없으니까 옆에서 구경하고 서 있던 아이에게 다시 한번 그 감독을 나오라고 시키어 보았던 것이나 인젠 안 나온대요, 하고 전갈만 해오는 데야 난들 어떻게 하겠는가 망할 놈, 아주 겁쟁이로구나, 하고 입 속으로 중얼거리며 좀더 행위가 방정토록 꾸짖어 주지 못한 것이 유한이 되는 그대로 별수없이 집으로 돌아왔던 것이나 밤이 이슥하여 잠결에 두 내외의 소곤소곤하는 소리가 벽 너머로 들려 올 적에는 아하 그래도 나의 꾸중이 제법 컸구나, 싶어 맘으로 흡족했던 것이 웬일인가. 차츰차츰 어세가 돋워져서 결국에는 이년, 하는 엄포와 아울러 제꺽, 하고 김치항아리라도 깨지는 소리가 요란히 나는 것이 아닌가. 이놈이 또 무슨 방정이 나 이러나 싶어 성가스레 눈을 비비고 일어나서 벽 틈으로 조사해 보았더니 놈이 방바닥에다 아내를 엎어 놓고 그리고 그 허리를 깡총 타고 올라앉아서 이년아 말해, 바른 대로 말해 이년아 하며 그 팔 한 짝을 뒤로 꺾어 올리는 그런 기술이었으나 어쩌면 제 다리보다도 더 굵은지 모르는 그 팔목이 호락호락히 꺾일 것도 아니거니와, 또 거기에 열을 내가지고 목침으로 뒤통수를 콕콕 쥐어박다가 그것도 힘에 부치어 결국에는 양 옆구리를 두 손으로 꼬집는다 하더라도, 그것쯤에 뭣할 아내가 아닐 텐데 오늘은 목을 놓아 울 수 있었던 만치 남다른 벅찬 설움이 있는 모양이다. 그렇게 들을 만치 타일렀건만 이놈이 또 초라니 방정을 떠는 것이 괘씸도 하고, 일방 뭘 대라 하고 또 울고 하는 것이 심상치 않은 일인 듯도 하고, 이래서 괜스레 언짢은 생각을 하느라고 새로 넉점에서야 눈을 좀 붙인 것이 한나절쯤 일어났을 때에는 얻어맞은 몸같이 휘휘 둘리어 얼떨김에 세수를 하고 있노라니까 쥔노파가 부리나케 다가와서 내 귀에 입을 들이대고는 글쎄 어쩌자고 남 매를 맞히우. 무슨 매를 맞혀요, 하고 고개를 돌리니까 당신이 어제 감독보고 뭐래지 않았소. 그래 저의 아내 역성을 들 때에는 필시 무슨 관계가 있을 게니 이년 서방질한 거 냉큼 대라고 어젯밤은 매로 밝혔다는 것인데, 아까 아침에 그 처남이 와서 몇 번이나 당부하기를 내가 찾아와 그런 짓을 하면 저 누님의 신세는 영영 망쳐 놓는 것이니 앞으론 아예 그러한 일이 없도록 삼가 달라고 하였으니 글쎄 반했으면 속으로나 반했지 제 남편보고 때리지 말라는 법이 어디 있소, 하고 매우 딱하게 눈살을 접는 것이다. 그리고 보니 그 아내를 동정한 것이 도리어 매를 맞기에 똑 알맞도록 만들어 논 폭이라 미안도 하려니와, 한편 모든 걸 그렇게도 알알이 아내에게로만 들씌러 드는 놈의 소행에는 참으로 의분심이 안 일 수 없으니까, 수건으로 낯도 씻을 줄 모르고 두 주먹만 불끈 쥐고는 그냥 뛰어나갔다. 가로지든 세로지든 이놈과 단판 씨름을 하리라고 결심을 하고는 대문간에 가 서서 커다랗게 박감독, 하고 한 서너 번 불렀던 것이나 놈은 아니 나오고, 한 삼십여 세 가량의 가슴이 떡 벌어지고 우람스런 것이 필연 이것이 그 처남일 듯싶은 시골 친구가 나와서 뻔히 쳐다보더니 마침내 말 없이도 제대로 알아차렸는지 어리눅은 어조로, 아 이거 글쎄 왜 이러십니까 하며 답답한 상을 지어 보이는 것이 아닌가. 그리고 넌지시 하는 사정의 말이, 이러시면 우리 누님의 전정은 아주 망쳐 놓으시는 겝니다. 그러니 아무쪼록 생각을 고치라고, 촌뜨기의 분수로는 너무 능숙하게 널찍한 손뼉을 펴들고 안 간다고 뻗디디는 나의 어깨를 왜 이러십니까 하고 골문 밖으로 슬근슬근 밀어 내오는 것이었으나 주춤주춤 밀려 나오며 가만히 생각해 보니 변변히 초면인사도 없는 이놈에게마저 내가 어린애로 대접을 받는 것은 참 너무도 슬픈 일이었다. 나중에는 약이 바짝 올라서 어깨로 그 손을 뿌리치며 홱 돌아선 것만은 썩 잘 된 것 같은데, 시꺼먼 낯판대기와 떡 번 그 엄장에 이건 나하고 맞두드릴 자리가 아님을 깨닫고는, 어째 보는 수 없이 그대로 돌아서고 마는 자신이 너무도 야속할 뿐으로 이렇게 밀려오느니 차라리 내 발로 걷는 것이 나을 듯싶어 집을 향하여 삐잉 오는 것이다. 내가 아내를 갖든지 그렇지 않으면 이놈의 신당리를 떠나든지 이러는 수밖에 별도리가 없으리라고 마음을 먹고는 내 방으로 부루루 들어와 이부자리며 옷가지를 거듬거듬 뭉치고 있는 것을 한옆에서 수상히 보고 서 있던 주인노파가 눈을 찌그시 그 왜 짐을 묶소, 하고 묻는 것까지도 내 맘을 제대로 몰라주는 듯하여 오직 야속한 생각만이 들 뿐이므로 난 오늘 떠납니다 하고 투박한 한마디로 끊어 버렸다.","암만 때렸단대도 내 계집을 내가 쳤는 데야 네가, 하고 덤비면 나는 참으로 할 말 없다. 하지만 아무리 제 계집이기로 개 잡는 소리를 가끔 치게 해가지고 옆집 사람까지 불안스럽게 구는, 이것은 넉넉히 내가 꾸짖을 수 있다는 말이다.",6567
시간 초특급,레이 커밍스,"밤과 어둠을 보고 있는 그 얼굴은 꽃처럼 아름답고 싱싱해 보였다. 숱이 많은 금발 머리는, 몸에 착 달라붙은 은백색의 옷 어깨에 늘어뜨려져 있다.
갑자기 화면이 흔들렸다. 그러자 탑과 소녀와 정원 같아 보이던 풍경이 희미해졌다. 세 사람은 자세히 보려고 눈을 비비며 지켜보았다. 그러나 스크린에는 어느덧 아무 것도 없었다.
""그건 대체 어디였을까? 본 적이 없는 경치였는데?""
세 사람은 그제야 정신을 차리고 무엇에 흘린 듯이 서로 얼굴을 마주보았다.
""어느 외국 방송의 전파가 우연히 뛰어들어온 것이 아닐까요?""
하고 나네트가 말했지만, 앨런은 고개를 저었다.
""아냐, 그런 게 아닐 거야. 어딘지 매우 현실을 떠난 그런 풍경이었는걸. 이를테면 먼 별나라라든가, 아니면 아주 먼 미래의 시대라든가……""
그 말에 에드워드도 고개를 끄덕였다.
""그래, 나도 어쩐지 그런 생각이 들었어. 아무튼 스위치를 끄지 말고, 그대로 두고 좀더 기다려 보기로 하자고. 어쩌면 그 기묘한 광경이 또 나타날지도 모르니까……""
이 에드워드의 예감은 바로 들어맞았다.
그날 밤, 새벽 가까이, 세 사람이 피곤해져서 단념하려고 할 무렵- 다시금 스크린이 7가지 색깔로 빛나기 시작했다. 그러더니 그 이상스럽고 비현실적인 광경이 돌연 나타난 것이다.
세 사람은 일시에 쏟아지던 졸음이 달아났다. 그들의 눈은 스크린에 붙들어맨 듯이 빨려들었다
밤중에 보던 것과 거의 같은 광경이었다. 역시 소리는 전혀 들리지 않았다.
밤하늘, 숲, 별빛이 반짝이는 개울물, 그리고 그 거대한 탑- 다만 이번에는 그 탑의 입구가 열린 채로 나타난 것이다.
그 입구에서 젊은 남자가 나왔다. 화면 밖에 누가 있는지 그 쪽을 향해 자꾸 손을 흔들고 있었다.
이때, 그 뒤에서 소녀가 얼굴을 내밀었다. 젊은 남자와 아주 닳은 얼굴이었다.
""아아, 아까 본 그 소녀다!""
하고 앨런이 소리쳤다
스크린 속의 남녀는 부지런히 돌아다니고 있었다. 입구의 문이 천천히 닫히기 시작했다.
'무슨 일이 일어날까?'
세 사람은 기대와 불안으로 몸을 구부리고 스크린을 지켜보았다.
갑자기 중앙의 탑이 희미해지면서 조금 흔들렸다. 그리고는 유령처럼 반쯤 투명해지며 유난히 푸른빛을 냈다.
그러자 하얀 벽이 사라져 버렸다. 뜰도. 밤하늘의 별도, 모든 배경이 7가지 색깔의 안개 속에 싸여들어 보이지 않게 되어 버렸다. 그러나 그 탑만은 여전히 청백색의 빛을 내면서 화면 중앙에 멈춰 있었다.
그러다가 화면이 갑자기 깜박이면서 환히 밝아졌다. 안개가 걷히고 새로운 광경이 나타났다.




거대한 빛의 탑은 이제는 울창한 숲 속에 솟아 있었다.
환히 빛나는 달빛 아래에 무엇인가 움직이는 것이 있었다.
사람이다. 세 사람, 아니 다섯 사람이다. 그러나 그들의 모습이 이상했다.
""저것 봐, 인디언이 아닌가?""
하고 앨런이 침을 삼켰다.




머리에는 새의 깃털을 꽂고 얼굴에는 물감 칠을 한, 상반신은 맨몸뚱이인 사나이들이었다. 화살을 겨누고, 수풀 뒤에서 거대한 탑을 두려운 듯이 바라보고 있었다.
""지금 세상에 인디언 같은 건 없어. 저건 아무래도 4,5 백년 예전의 모습이야:'
에드워드의 말이 채 끝나기도 전에 숲과 인디언의 모습은 희미해지면서 사라져 버리고, 배경은 다시 7가지 색깔의 소용돌이로 되돌아왔다.
거대한 빛의 탑은 그대로 중앙에 남아 있었다.
잠시 후, 또 다시 화면에 변화가 일어났다. 이번에 나타난 것은 이른 아침의 광경이었다.
어두움 속에 나무들과 수풀이 잠겨 있었다. 꼬불꼬불한 오솔길, 넓은 잔디밭, 희미하게 켜져 있는 가로등- 어디선지 본 적이 있는 것 같은 광경이었다.
돌연 앨런이 큰 소리로 외쳤다.
""앗! 이, 이건 센트랄 파크가 아닌가? 이 뉴욕의!""
""뭐, 뭐라고? 아, 그렇구나. 저 가로등의 모습, 정말 그렇군.""
세 사람은 일제히 소파에서 몸을 앞으로 더욱 구부리고 눈은 스크린에 못 박혀 뗄 줄을 몰랐다.
지금은 그 거대한 탑이, 세 사람이 잘 아는 풍경 속에 당당히 솟아 있는 것이다.
이때, 화면 오른쪽 구석에서 사람의 그림자가 움직였다.
경찰관이다! 그는 입을 벌리고 멍하니 거대한 탑을 올려다보고 있었다.




갑자기 탑의 문이 열렸다. 그 금발의 소녀가 문에서 걸어나오더니, 급히 어두운 쪽으로 자취를 감췄다. 그러자 문은 다시 닫히고, 탑의 윤곽이 흐릿해지며 흔들렸다.
다음 순간, 탑은 어렴풋하게 흐려지더니 갑자기 사라져 버렸다.
""아니?""
""이상해!""




세 사람은 어이가 없다는 듯이 소리쳤다.
어느 새 스크린 속의 하늘은 환히 밝아있었다.
그 아침의 광경 속에 경찰관이 놀라서 실망하는 모습이 보였다. 그 거대한 탑이 눈 깜짝할 사이에 자취를 감춘 것이 그에게 충격을 준 모양이었다.
--여기서 센트랄 파크의 광경은 사라지고 텔레비전의 스크린은 본래의 회색으로 되돌아왔다.
그러고서는 아무 것도 비치지 않았다.
세 사람은 한숨을 내쉬며 서로의 얼굴을 쳐다보았다.
이때, 우연히 밝아져 온 창 밖을 내다본 에드워드가 소리쳤다.




""저 저걸 봐! 저 아침 노을의 구름을 보란 말야. 지금 스크린에서 본 것과 똑같은 구름이야. 그러니까 그 화면은 바로 저 센트랄 파크에서 일어난 일이 비친 거란 말이야.""
하고 에드워드는 흥분에 떨리는 손가락으로 창 밖에 센트랄 파크 쪽을 가리켰다.
""그래. 그러고 보니 알겠네.""
하고 앨런은 손가락을 젖히며 똑 소리를 냈다.
""뭘 알았다는 거지? 어디 말해봐.""
""그 탑은 말야. 틀림없이 타임머신일 것이네. 말하자면 시간을 날아가는 기계란 말야. 우리가 본 여러 가지 광경은 아마도 센트랄 파크의 어떤 장소에 있어서 미래와 과거와 현재의 모습이었을 것이네.""
""그렇다면 그 소녀는 미래에서 온 것이지요. 그렇죠?""
라는 나네트의 말에, 에드워드는 팔짱을 끼고 얼굴을 찌푸렸다.
""미래에서? 음, 그렇다고 하더라도 도대체 무슨 목적으로 현대에 왔을까? 단순히 구경을 하러 온 거라고는 할 수 없을텐데 그래! 경찰에 보고해서 그 소녀를 찾도록 해 볼까?""
하고 전화기를 들려고 하는 에드워드를 앨런이 말렸다.
""그만두라고. 어차피 믿어 주지도 않을 거야. 그보다 지금 당장에라도 무슨 일이 일어날 것 같은 예감이 드는군. 잠시 두고 보기로 하세.""","밤과 어둠을 보고 있는 그 얼굴은 꽃처럼 아름답고 싱싱해 보였다. 숱이 많은 금발 머리는, 몸에 착 달라붙은 은백색의 옷 어깨에 늘어뜨려져 있다.",2252
심청,김유정,"심청


거반 오정이나 바라보도록 요때기를 들쓰고 누었든 그는 불현듯 몸을 일으키어 가지고 대문 밖으로 나섰다. 매캐한 방구석에서 혼자 볶을 만치 볶다가 열벙거지가 벌컥 오르면 종로로 뛰어나오는 것이 그의 버릇이었다.
그러나 종로가 항상 마음에 들어서 그가 거니느냐, 하면 그런 것도 아니다 버릇이 시키는 노릇이라 울분할 때면 마지못하여 건성 싸다닐 뿐 실상은 시끄럽고 더럽고 해서 아무 애착도 없었다. 말하자면 그의 심청이 별난 것이었다. 팔팔한 젊은 친구가 할 일은 없고 그날그날을 번민으로만 지내곤 하니까 나중에는 뱃장이 돌아앉고 따라 심청이 곱지 못하였다. 그는 자기의 불평을 남의 얼굴에다 침 뱉아붙이기가 일쑤요 건듯하면 남의 비위를 긁어놓기로 한 일을 삼는다. 그게 생각하면 좀 잣다르나 무딘 그 생활에 있어서는 단하나의 향락일런지도 모른다.
그가 어슬렁어슬렁 종로로 나오니 그의 양식인 불평은 한두 가지가 아니었다. 자연은 마음의 거울이다. 원체 심뽀가 이 뽄새고 보니 눈에 띠는 것마다 모다 아니꼽고 구역이 날 지경이다.
허나 무엇보다도 그의 비위를 상해주는 건 첫째 거지였다.
대도시를 건설한다는 명색으로 웅장한 건축이 날로 늘어가고 한편에서는 낡은 단층집은 수리조차 허락지 않는다. 서울의 면목을 위하여 얼른 개과천선하고 훌륭한 양옥이 되라는 말이었다. 게다 각 상점을 보라. 객들에게 미관을 주기 위하여 서로 시새워 별의별것을 다해가며 어떠한 노력도 물질도 아끼지 않는 모양 같다. 마는 기름때가 짜르르한 헌 누더기를 두르고 거지가 이런 상점 앞에 버티고 서서 나리! 돈 한 푼 주―, 하고 어줍대는 그 꼴이라니 눈이 시도록 짜증 가관이다. 이것은 그 상점의 치수를 깎을 뿐더러 서울이라는 큰 위신에도 손색이 적다 못할지라. 또는 신사숙녀의 뒤를 따르며 시부렁거리는 깍쟁이의 행세 좀 보라. 좀 심한 놈이면 비단걸이고 단장빠이고 닥치는 대로 그 까마귀발로 움켜잡고는 돈 안 낼 테냐고 제법 훅닥인다. 그런 봉변이라니 보는 눈이 다 붉어질 노릇이 아닌가! 거지를 청결하라. 땅바닥의 쇠똥말똥만 칠 게 아니라 문화 생활의 장애물인 거지를 먼저 치우라. 천당으로 보내든, 산채로 묶어 한강에 띠우든…….
머리가 아프도록 그는 이러한 생각을 하며 어청어청 종로 한복판으로 들어섰다 입으로는 자기도 모를 소리를 괜시리 중얼거리며
“나리! 한 푼 줍쇼―”
언제 어디서 빠졌는지 애송이거지 한 마리(기실 강아지의 문벌이 조금 더 높으나)가 그에게 바짝 붙으며 긴치않게 조른다. 혓바닥을 길게 내뽑아 윗입술에 흘러내린 두 줄기의 노란 코를 연실 훔쳐가며 조르자니 썩 바쁘다.
“왜 이럽쇼, 나리! 한 푼 주세요”
그는 속으로 피익, 하고 선웃음이 터진다. 허기진 놈 보고 설렁탕을 사달라는 게 옳겠지 자기보고 돈을 내랄 적엔 요놈은 거지 중에도 제일 액수 사나운 놈일 게다. 그는 들은 척 않고 그대로 늠름히 걸었다. 그러나 대답 한 번 없는데 골딱지가 났는지 요놈은 기를 복복 쓰며 보채되 정말 돈을 달라는 겐지 혹은 같이 놀자는 겐지, 나리! 웨 이럽쇼, 웨 이럽쇼, 하고 사알살 약을 올려가며 따르니 이거 성이 가셔서라도 걸음 한 번 머무르지 않을 수 없다. 그는 고개만을 모로 돌리어 거지를 흘겨보다가
“이 꼴을 보아라!”
그리고 시선을 안으로 접어 꾀죄죄한 자기의 두루마기를 한번 쭉― 훑어보였다. 하니까 요놈도 속을 차렸는지 됨됨이 저렇고야, 하는 듯싶어 저도 좀 노려보더니 제 물에 떨어져나간다.
전찻길을 건너서 종각 앞으로 오니 졸지에 그는 두 다리가 멈칫하였다 그가 행차하는 길에 다섯 간쯤 앞으로 열댓 살 될락말락한 한 깍쟁이가 벽에 기대여 앉았는데 깜박깜박 졸고 있는 것이다. 얼굴은 노란 게 말라빠진 노루가죽이 되고 화로 전에 눈 녹듯 개개풀린 눈매를 보니 필야 신병이 있는데다가 얼마 굶기까지 하였으리라, 금시로 운명하는 듯싶었다. 거기다 네 살쯤 된 어린 거지는 시르죽은 고양이처럼, 큰놈의 무릎우로 기어오르며, 울 기운조차 없는지 입만 벙긋벙긋, 그리고 낯을 찌푸리며 투정을 부린다. 꼴을 봐한즉 아마 시골서 올라온 지도 불과 며칠 못 되는 모양이다.
이걸 보고 그는 잔뜩 상이 흐렸다. 이 벌레들을 치워주지 않으면 그는 한 걸음도 더 나갈 수가 없었다.
그러자 문득 한 호기심이 그를 긴장시켰다. 저쪽을 바라보니 길을 치고 다니는 나리가 이쪽을 향하여 꺼불적꺼불적 오는 것이 아닌가. 그리고 뜻밖의 나리였다. 고보 때에 같이 뛰고 같이 웃고 같이 즐기던 그리운 동무, 예수를 믿지 않는 자기를 향하여 크리스찬이 되도록 일상 권유하던 선량한 동무이었다. 세월이란 무언지 장래를 화려히 몽상하며 나는 장래 ‘톨스토이’가 되느니 ‘칸트’가 되느니 떠들며 껍적이든 그 일이 어제 같건만 자기는 깍 주체궂은 밥통이 되었고 동무는 나리로―그건 그렇고 하여튼 동무가 이 자리의 나리로 출세한 것만은 놀램과 아울러 아니 기쁠 수도 없었다.
‘오냐, 저게 오면 어떻게 나의 갈 길을 치워주겠지.’
그는 멀찍하니 섰는 채 조바심을 태워가며 그 경과를 기다리었다. 따는 그의 소원이 성취되기까지 시간은 단 일분도 못 걸렸다. 그러나 그는 눈을 감았다.
“아야야 응―, 응 갈 테야요.”
“이 자식! 골목 안에 백여 있으라니깐 왜 또 나왔니, 기름강아지 같이 뻔질뻔질한 망할 자식!”
“아야야, 으―음, 응, 아야야, 갈 텐데 왜 이리 차세요, 응―, 응―”
하며 기름강아지의 울음소리는 차츰차츰 멀리 들리운다.
“이 자식! 어서가라, 쑥 들어가―”
하는 날벽력! 소란하든 희극은 잠잠하였다 그가 비로소 눈을 뜨니 어느덧 동무는 그의 앞에 맞닥뜨렸다 이게 몇 해만이란 듯 자못 반기며 동무는 허둥지둥 그 손을 잡아 흔든다.
“아 이게 누구냐? 너 요새 뭐하니?”
그도 쾌활한 낯에 미소까지 보이며
“참 오래간만이로군!”
하다가
“나야 늘 놀지, 그런대 요새도 예배당에 잘 다니나?”
“음, 틈틈이 가지, 내 사무란 그저 늘 바쁘니까…….”
“대관절 고마우이, 보기 추한 거지를 쫓아주어서 나는 웬일인지 종로깍쟁이라면 이가 북북 갈리는걸!”
“천만에, 그야 내 직책으로 하는 걸 고마울 거야 있나”
하며 동무는 거나하여 흥 있게 웃는다
이 웃음을 보자 돌연히 그는 점잖게 몸을 가지며
“오, 주여! 당신의 사도 베드로를 내리사 거지를 치워주시니 너무나 감사하나이다.”
하고 나직이 기도를 하고 난 뒤에 감사와 우정이 넘치는 탐탁한 작별을 동무에게 남겨놓았다.
자기가 ‘베드로’의 영예에서 치사를 받은 것이 동무는 무척 신이 나서 으쓱이는 어깨로 바람을 치올리며 그와 반대쪽으로 걸어간다.
때는 화창한 봄날이었다. 전신줄에서 물찍똥을 내려깔기며
“비리구 배리구”
지저귀는 제비의 노래는 그 무슨 곡조인지 하나도 알려는 사람이 없었다.


(임신. 6. 15)

",거반 오정이나 바라보도록 요때기를 들쓰고 누었든 그는 불현듯 몸을 일으키어 가지고 대문 밖으로 나섰다. 매캐한 방구석에서 혼자 볶을 만치 볶다가 열벙거지가 벌컥 오르면 종로로 뛰어나오는 것이 그의 버릇이었다.,2451
심해의 우주괴물,존 윈담,"제1부 불덩이의 습격




앗, 불덩이다!




내 이름은 마이크 왓슨. EBC방송국의 방송 기자이다. 신기한 사건이 발생하면 누구보다도 빨리 뛰어가서 자세한 내용을 조사하여 라디오 방송의 뉴스를 만드는 것이 나의 직업이다.
저 잊을 수 없는 7월 15일 밤, 나는 휴가를 받아 아내인 필리스와 함께 실크베일 호라는 배를 타고 아프리카의 바다를 여행하고 있었다.
오후 11시 15분 경이었다. 아조레스 섬을 향하여 나아가는 실크베일 호의 갑판에서 나와 필리스는 다른 선객들과 나란히 난간에 기대어 조용하게 물결치는 검은 바다를 바라보고 있었다. 배가 지나가는 자취만이 하얀 거품을 일으키고 있는 검은 바다의 이곳 저곳에는, 다이아몬드를 뿌려 놓은 듯한 하늘의 별빛이 반사되어 일렁이고 있었다.
""오늘밤의 화성은 어쩐지 화를 내고 있는 것 같네요.""
하고 필리스가 말했으므로 나도 하늘을 쳐다보았다.
""그 말을 듣고 보니까 정말 좀 붉은 것 같군.""
하고 내가 대답하자 필리스는,
""이상해요. 점점 커지는 것 같아요.""
""설마! 기분 탓이겠지.""
그런데 화성은 정말로 점점 커지는 것이었다.
""어머, 이상해요. 화성이 또 하나 있잖아요.""
화성이 둘씩이나 있다니-. 그러나 사실이었다. 지금까지 있었던 화성의 바로 곁에 또 하나의 빨간 점이 보이는 것이었다.
""또 있어요. 왼쪽에도!""
화성이 마침내 세 개가 된 것이다.
""틀림없이 제트기가 불을 켜고 날고 있는 걸 거야.""
내가 말하고 있는 사이에, 더욱 커진 세 개의 빨간 점은 계속 밑으로 내려오고 있었다.
""다섯 개로 늘었어요!""
사실이었다. 벌써 가까이 와 있었다. 유심히 보니까 번쩍이며 타고 있는 둥근 불덩이로, 한가운데가 빨간빛이었다. 이런 불덩이가 다섯 개나 천천히 접근해 오고 있었기 때문에, 갑판에 있던 사람들은 크게 소란을 피우기 시작했다.
""뭐지, 저건?""
""큰일났다! 배와 충돌할 것 같다!“
개중에는 선실로 일부러 뛰어가 사람을 불러내는 사람도 있었다. 손님이나 선원이 모두 함께 갑판의 난간에서 불가사의한 광경에 넋을 잃고 있었다.
모두가 지켜보고 있는 가운데, 이윽고 최초의 불덩이 가 배에서 30미터쯤 떨어진 바닷속으로 뛰어들었다.
지글! 지글!
요란한 소리를 내며 김이 솟아올랐다. 김은 처음엔 핑크 빛이었으나 점점 희끄무레해졌다. 잠시 달빛 아래 둥둥 떠 있는 듯 싶었으나, 이윽고 그것도 사라졌다. 그 곳에 두 번째 불덩이가 떨어졌다. 첫 번째 것과 같은 장소였다. 이전과 마찬가지로 지글지글 김을 내뿜으며 해면이 얼마동안 큰 거품으로 덮였다가 곧 사라지면서 다시 조용해졌다.
잇따라 세 번째 불덩이-.




조용해졌는가 싶더니, 또 네 번째 불덩이-.
이리하여 다섯 개의 불덩이가 전부 낙하해 버리자 바다는 다시 고요해졌다. 마치 지금까지의 일이 모두 거짓말이었던 것처럼.
실크베일 호 안은 크게 소란스러웠다. 비상벨이 울렸고, 선실 안에 있던 손님들도 당황하여 갑판으로 올라왔다. 이곳 저곳의 스피커에서 단호한 선장의 명령이 들려 왔고, 선원들은 진지한 얼굴로 구명 보트를 내리고 고무 튜브를 쌓아올렸다. 배가 침몰했을 때를 대비하고 있는 것이다.
그러나 다섯 개의 불덩이를 삼킨 바다는 아무 말이 없었다. 실크베일 호는 그 위를 네 번이나 왔다 갔다 했으나 거품 하나 보이지 않는 것이다.
""이상한데........“
""그건 도대체 무엇이었을까?""
사람들은 밤늦게까지 고개를 갸우뚱거리며 이야기를 나누었다.
아침이 되자 나는 선장에게 가서 부탁했다.
""어젯저녁 사건을 취재하고 싶은데 항해 일지 좀 보여주실 수 없겠습니까?""
선장은 기분 좋게 내 부탁을 들어주었다. 일지를 보니까 어젯밤의 불덩이는 배의 레이더에도 비쳤다고 적혀있었다.
""선장님, 지금까지 그것과 같은 것을 본 적이 있으십니까?""
나는 물어 보았다. 그러자 선장은,
""본 것은 어젯밤이 처음이지만 불덩이가 나타난다는 말은 두어 번 들은 적이 있어요.""
""모처럼 불덩이가 낙하한 지점도 알고 있으니 바닷속을 한번 조사해 보는 게 어떨까요?""
내가 묻자 선장은 고개를 흔들며,
""아니오, 그 근방은 깊이가 6천 미터나 되기 때문에 조사한다는 건 무리지요.""
이 이상 어쩔 수가 없었으므로 나는 어젯밤 목격한 사실만을 배 위에서 전화로 런던의 EBC방송국으로 송고했다. 내 이야기는 그 날 저녁때 전국에 방송되었다. 그러나 방송국 사람들은 별로 재미있어 하지도 않았던 것이다. 아프리카까지 가다 보면 이따금 희한한 일도-있을 수 있는 거야-더구나 바다 위가 아닌가. 바다에서는 흔히 신기한 일이 일어나게 마련이지 -모두가 이런 식으로 내 뉴스를 무시해 버리고 만 모양이었다.

불덩이 대편대




여기는 핀란드의 레이더 기지이다. 두꺼운 콘크리트로 둘러진 어둑한 방안에 열 두 개의 레이더 반이 즐비하게 놓여 있다. 레이더 반에는 각각 한 사람씩의 감시원이 파랗게 반짝이는 스크린을 지켜보고 있다.
이리하여 레이더는 밤낮을 쉬지 않고 핀란드의 하늘을 경비하고 있는 것이다.
""아니, 이건 뭐지!""
제일 왼쪽 끝의 레이더 반 앞에 앉아 있던 감시원이 외쳤다. 갑자기 이상한 것이 레이더에 비쳐 오며 무서운 속도로 날고 있었던 것이다.
""이대로 가면 금방 이웃 스웨덴으로 들어가겠군.""
감시원은 이렇게 중얼거리고 수화기를 들자 직통 전화로 스웨덴의 레이더 기지에 알려 주었다.
""이상한 것이 그 쪽을 향해서 비행 중이오.""
통보를 받은 스웨덴의 레이더 감시원도 이윽고 그것을 발견했다.
""도대체 무엇일까?""
밖으로 나와 하늘을 쳐다보니 조그맣고 빨간 점이 몇 개나 겹쳐 이웃 노르웨이 쪽으로 날아가는 것이 보였다.
스웨덴으로부터의 통보를 받고 노르웨이 사람들도 하늘을 쳐다보며 기다리고 있었다.




""앗! 왔다!""
""불덩이다!""
""열 세 개나 날고 있다. ""
모두들 웅성거리다가 이웃 스코틀랜드에 알려 주었다.
열 세 개의 불덩이는 거침없이 스코틀랜드를 횡단하여 아일랜드를 지나서 바다 쪽으로 날아갔다. 그 후 그것이 어찌 되었는지는 아무도 몰랐다.
이 무렵부터 내게 부쳐 오는 '불덩이를 보았다.'고 하는 편지가 부쩍 늘었다. 아무리 정리를 해도 정리가 끝나지 않을 만큼 잇따라 날아왔다.
""이렇게 늘어나는 까닭은 무엇일까?""
나는 매일 고개를 갸우뚱하며 중얼거렸다.
어느 날, 서인도 제도의 큐라소 경비대로부터 미국의 군함 태스케기 호에 전화가 걸려 왔다.
""불덩이 여덟 개가 그 쪽으로 접근 중이다.""
전화를 받은 함장이 레이더 실로 들어가 보니까 분명히 무엇인가가 나타나 있고, 점점 이 쪽으로 다가오고 있었다.
""미사일 여섯 발을 6초마다 발사하라. 목표는 저 불덩이다.""
함장은 명령을 내리고 갑판으로 나왔다. 석양 속에서 전과를 지켜보고 있는 함장의 쌍안경에 여섯 개의 붉은 점들이 잇따라 부풀어오르며 크고 하얀 연기 덩어리로 되어 가는 것이 비쳤다. 미사일이 명중한 것이다.
""음, 됐다. 어느 나라에서 시비를 해 올 것인지 빨리 알고 싶군. 그 나라야말로 저 수상한 불덩이로 온 세계를 떠들썩하게 만든 범인일 것이다.""
함장은 흐뭇해하며 이렇게 중얼거리고 남쪽으로 도망치는 두 개의 불덩이를 지켜보았다.
그러나 며칠이 지났는데도 시비를 걸어오는 나라는 없었다.
그뿐 아니라 일주일도 채 되지 않았는데, 남 오스트레일리아의 우메라에 있는 영국의 로켓 시험 사격장에 또다시 두 개의 불덩이가 침입해 왔다. 계속하여 알래스카에도 세 개가 나타났다가, 해상에서 경비정에 의해 명중되어 추락했다.
어느 날 내 앞으로 해군성으로부터 전문이 날아왔다.
'불덩이 사건으로 여러 가지로 귀하의 의견을 듣고자하니 곧 와 주기 바랍니다.'
하는 내용이었다.
해군성에 갔더니 키가 큰 한 군인이 나를 맞이했다.
""와 주셔서 감사합니다. 윈터스 대령입니다.“
대령은 악수를 청하면서 검게 탄 얼굴에 밝은 미소를 띠었다.
윈터스 대령은 먼저 한 장의 세계 지도를 보여 주었다. 가느다란 선이 많이 그어져 있었고, 여기저기에 자잘하게 글씨나 숫자가 적혀 있었다. 더구나 군데군데에 빨간 점들이 찍혀 있었다. 마치 빨간 거미줄과 같았다. 윈터스 대령은 지도 위에 확대경을 갖다 댔다.
""귀하가 처음 불덩이를 목격한 장소는 어디였지요!""
들여다보니까 <5>라는 숫자와 내가 필리스와 함께 배 위에서 불덩이를 본 날짜와 시간이 적혀 있었다. 그 언저리에는 그밖에도 많은 빨간 점들이 찍혀 있었으나, 그것들은 이렇게 지도를 펼쳐 놓고 보니 북동을 향하여 줄지어 있었다.
""여기에 찍혀 있는 빨간 점들은 불덩이가 추락한 장소를 의미하나요?""
내가 묻자 대령은 크게 고개를 끄덕였다.
""그렇습니다. 그리고 그 진로를 알았을 때는 선을 그어 표시해 두었지요.""
""이렇게 놓고 보니까 빨간 점들이 특히 많이 모여 있는 장소가 있군요.“
""예, 다섯 군데 있어요. 그러니까 쿠바의 남서쪽, 코코 제도의 남쪽, 필리핀, 일본, 알류산입니다.“
이렇게 말하며 대령은 다른 지도를 펼쳤다. 바다의 깊이가 적혀 있는 수심측량도였다.
""사실은 빨간 점들이 모여 있는 곳은 다섯 군데 전부가 모두 깊은 바다입니다. 그 밖의 장소에도 깊이가 8천 미터 이하가 되면 낙하하는 불덩이의 수량은 훨씬 적어지고, 4천 미터 이하 되는 얕은 곳에는 전혀 낙하하고 있지 않습니다.“
""어째서 그럴까요!""
""모르겠어요. 게다가 불덩이는 언제나 바다로 떨어져 올뿐이고 바다에서 나갔다는 보고는 아직 없습니다.""
""그런데, 해군에선 어떻게 할 생각인가요?“
""현재로선 어쩔 수도 없지요. 조사한 기록을 정리하고있을 뿐입니다. 실은 그 기록을 작성하는 데 귀하의 힘을 빌자는 겁니다. 이 문제를 상의하기 위해 오늘 와 달라고 한 거지요.“",내 이름은 마이크 왓슨. EBC방송국의 방송 기자이다. 신기한 사건이 발생하면 누구보다도 빨리 뛰어가서 자세한 내용을 조사하여 라디오 방송의 뉴스를 만드는 것이 나의 직업이다.,3519
싸우는 미래인,에드워드 해밀턴,"소행성 광산








소행성은 암흑의 대우주 속을 소리 없이 천천히 돌고 있었다.
공기도 없고, 물도 없다. 중력도 거의 없는 이 소행성의 세계는 생물이라고는 전혀 없다. 그야말로 죽음의 세계이다.
주위의 우주에는 빨강, 노랑, 파랑, 하양의 수많은 별들이 반짝반짝 빛나고 있어 마치 빛의 음악회를 열고 있는 것 같다.
그 중에서도 으뜸으로 크고 적황색으로 보이는 것이 목성이다. 또 그보다 조금 작으며 무섭도록 붉게 빛나고 있는 것이 화성이다.
여기는 화성과 목성의 한가운데가 되는, 소행성 지대의 중앙이다.
이 근처에는 작은 것은 조그만 돌 만한 것에서부터, 큰 것은 지름이 수 십 킬로, 수 백 킬로미터까지 되는 크고 작은 각종의 소행성이 수만 개 허리띠 같이 퍼져 있다.
조용하다. 진공의 우주에는 소리가 없다.
알 수 없는 아득한 옛날부터, 끝없는 미래에 있어서도 여기서는 다만 무서우리만큼 조용한 정적만이 지배하고 있는 것이다…… 문득 별무리 속에서 밝은 빛의 꼬리를 끌면서, 2 개의 흐르는 별이 점점 이 소행성으로 다가오고 있었다.
그러나 이상하다. 이러한 진공의 우주에서 흐르는 별이 빛을 낼 수가 없을 텐데……… 그 흐르는 별과 비슷한 것은 소행성에 가까이 오더니, 급히 방향을 바꾸었다.
빛의 제트기가 소행성의 바깥쪽을 향해 맹렬하게 달렸다. 그런가 했더니 울퉁불퉁한 소행성의 표면에 멋지게 착륙했다.
물론 그것은 흐르는 별은 아니었다.
우주선이었던 것이다.
그런데 아무리 보아도 보통 정기적으로 우주를 날아다니는 우주선과도 다르고, 국제연합 우주경찰의 정찰정도 아니다. 오래 사용했는지 곳곳에 흠이 있는 구식 우주 화물선이었다.
우주 화물선의 문을 열고, 우주복을 입은 5 명의 남자가 나타났다.




""틀림없이 여기인가?""
한 남자가 우주모의 라디오로 물었다.
""틀림없어. 여기가 소행성 마마이다.""
다른 한 사람이 우주와 별지도를 별빛으로 보면서 대답했다.
""그러면 여기에 티타늄과 테르륨의 거대한 광맥이 있을 것이다. 이제 우리들은 부자가 되었다.""
다른 남자가 기쁨을 감추지 못하면서 소리를 질렀다.
그들은 우주 광산가였다.
이 소행성 지대에 있는 많은 소행성 중에는, 때로는 지구에서 좀처럼 얻을 수 없는 대단한 금속자원의 광맥을 발견할 수 있기 때문에, 우주 광산가들이 세계 각처에서 모여든다. 이 남자들은 그런 사람들 중의 하나이다.
대장같아 보이는 남자가 말했다.
""좋아. 그럼 곧 일을 착수하자. 맬턴, 가이거 계수관을 가지고 와라.""




맬턴이라고 불린 남자가 그들 중에서 가장 작았다. 우주모 안에서 보이는 그 얼굴은 아직 18, 19세의 소년 얼굴이었다.
소년은 우주선 안으로 도로 들어갔다. 곧 가이거 계수관을 가지고 왔다.
그러자 남자들은 모두 제각기 소행성의 울퉁불퉁한 바위산으로 흩어졌다.
맬턴 소년은 화성 태생의 한 나이 많은 광산가와 함께 일하기 시작했다.
맬턴은 이 노인을 몹시 좋아했다. 젊은 시절부터 계속 우주의 여러 곳을 여행한 노인은, 아는 것도 많았고 항상 신기한 이야기를 해 주기 때문이다.
""할아버지는 왜 언제까지나 광산 일을 하고 계셔요? 큰 우주 광맥을 발견해서 돈을 많이 번 일도 있었겠죠?"" 하고 맬턴은 가이거 계수관으로 가까운 바위의 방사능을 조사하면서 물었다.
""음, 여러 번 있었지. 그러나 나는 아무래도 지구에 틀어박혀 있지 못하는 성격이지. 우주에 나와있지 않으면 왠지 마음이 잡히지 않고 불안하단다.""
""그러시다면 광맥을 찾아서 돈벌이할 목적이 아니고 모험이 목적인가요?""
""그래, 그렇게 말해도 좋겠지……""
이렇게 주고받으면서 둘은 바위 사이를 걸어가고 있었다.




중력이 거의 없으므로 잘못하면 공중으로 떠오를 것 같아서 걷기가 힘들었다.
문득 맬턴이 걸음을 멈추었다.
""아니?""
""왜, 방사능의 반응이 있었느냐?""
""아니에요. 저걸 좀 보셔요, 바위를 뭔가가 파헤쳐 놓았어요, 건물의 잔해 같아요.""
소년은 눈을 반짝였다.
그러나 늙은 광산가는 그렇게 놀란 것 같지도 않았다.
""아, 이 근처의 소행성에는 조각이 새겨진 오래된 돌과, 정체를 알 수 없는 금속의 동강이 같은 것을 볼 수가 있지.""
""그렇다면…… 옛날 이 소행성에도 사람이 살았겠네요?""
""그렇게 간단히 단정할 수는 없지. 공기도 물도 없는 소행성에 사람이 살 수 없잖니. 그러니 건물 같은 것을 세웠을 리 없지.""
""하지만, 그러면 어째서……""
""모를 일이야, 맬턴. 옛날부터 우주 고고학자나 우주 지질학자들은 여러 가지 설을 내놓았단다. 그들 중에는 이 소행성 지대에 퍼져 있는 소행성이 옛날에는 하나의 큰 -지구 만한 행성이었고 거기에 고도로 발달한 문명이 있었다고 설명하는 사람도 있다. 그러나 아무도 사실은 알 수가 없어요.""
맬턴은 말없이 고개를 끄덕였다.
멀고 먼 아득한 옛날, 아직 지구에도 인간이 생겨나지 않고 공룡들이 기어다니던 시대에 여기에 훌륭한 문명 세계가 있었을지도 모른다.
그것이 어떤 원인으로 해서 행성과 더불어 없어졌을지도 모른다. 지금은 차디찬 암석의 덩어리로 되었을지도 모른다…… 뭐가 뭔지 알 수는 없지만, 머리가 핑 돌 만한 굉장한 이야기다. 잠시 동안 맬턴 소년은 공상에 젖은 채 걷고 있었다.
갑자기 그는 다시 한 번 놀라며 발을 멈추었다.
""왜 그러니?""
늙은 광산가가 물었다.
""이상해요…… 어쩐지 누군가가 나에게 이야기를 걸고 있는 듯한 기분이어요. 열심히 부르고 있는 것처럼……""
늙은 광산가는 귀를 기울였다. 그러나 곧 고개를 옆으로 내저었다.
""내게는 아무 것도 들리지 않는데……""
""아니, 정말이어요. 틀림없이 들렸어요!""
늙은 광산가는 걱정스러운 듯 소년의 우주복 속의 얼굴을 들여다보았다.
""맬턴, 넌 아마도 도깨비에게 홀린 것 같다. 처음으로 우주에 나오니까 없는 것도 보이는 것 같고, 들리지도 않는 소리나 이야기도 들리는 것 같구나. 신경이 피로하면 그럴 수도 있어요.""
""그렇지만……""
맬턴 소년은 뭔가 말하고 싶었으나, 그만 입을 다물고 말았다.
아무리 얘기해 보았자, 믿지 않으리라는 것을 느꼈기 때문이다.


그 날 저녁 -이렇게 말해도 소행성의 밤과 낮은 지구와 달라서 기껏 수 시간마다 되돌아오지만- 우주 광산가들은 밤을 지새워 가며 일을 계속했다.
소행성 마마의 뒤쪽에는 생각한 바와 같이 훌륭한 티타늄 광맥이 발견되었으므로, 맬턴 소년도 열심히 일했다.
조금 쉴 때, 그는 또 화성 태생의 늙은 광산가 곁으로 가서 말을 건넸다.
""할아버지는 여러 가지 일을 잘 알고 계시죠. 혹시 누군가가 시간 여행 방법을 발견한 사람은 없었나요?""
늙은 광산가는 고개를 흔들었다.
""그런 건 왜 묻지? 지난 2 백년 동안 많은 과학자들이 노력해 보았지만, 아직 누구도 성공하지 못했단다.""
""그렇군요……""
맬턴은 실망했다는 듯이 중얼거렸다.
그러나 노인은 이야기를 계속했다.




""하지만 시간 여행의 원리는 이미 오래 전에 발견되어 있지. 너도 알다시피 이 세계는 가로, 세로, 높이, 3 개의 공간의 차원과 시간이라는 네 번째의 차원이 짜여서 '4차원 시공 연속체'라는 형태로 되어 있다. 인류는 처음의 3개의 차원 -공간이면 하늘에도, 땅에도, 바다 속에서도 움직일 수가 있지. 그러므로 4 차원 째의 시간 안에서 움직이는 것도 안 될 리가 없잖은가. 실제로……""
여기까지 말하던 늙은 광산가는 입을 다물었다.
""뭐라고요? 누가 시간 안을 여행한 사람이 있었나요?""
하고 맬턴은 성급히 물었다.
노인은 할 수 없다는 듯 고개를 끄덕였다.
""아니. 이것은 한 낭설에 지나지 않겠지만, 그 캡틴 퓨쳐가 실험에 성공했다는 소문은 들은 일이 있다. 그러나 아마 정말은 아닐게다.""
""그렇지 않아요. 정말인지도 몰라요!“
맬턴은 자기도 모르게 외쳤다.
""캡틴 퓨쳐는 지구가 낳은 위대한 과학자에요. 그래요, 그는 틀림없이 저 달의 연구실에서 시간여행 실험에 성공했을 거에요!""
""만일 성공했다면 발표를 했을 것이 아니냐.""
""그러나 어떤 이유로 아직 숨기고 있는지도 몰라요.""
""그럴까? 아무튼 시간 여행은 어려워요. 아무리 캡틴 퓨쳐라도 그렇게 쉽게 성공할 리는 만무해.""
늙은 광산가는 이렇게 말했으나, 그때 이미 맬턴은 듣고 있지 않았다.
그는 마음속으로 이렇게 외치고 있었다.
(해 보겠다. 내가 해 보겠다. 머리가 돈 것인지도 모르겠다. 환상일지도 모르겠다. 그러나 나는 저 슬픈 소리를 그대로 듣고만 넘겨버릴 수는 없어. 캡틴 퓨쳐에게 이 일을 알리자!)
광산가들은 모두 열심히 일하는 데만 정신을 쏟고 있었으므로, 맬턴이 살짝 작업장을 빠져 나온 걸 아무도 눈치채지 못했다.




그들이 깜짝 놀란 것은, 돌연 소행성의 뒤쪽에서 굉장한 빛과 함께 한 대의 우주선이 날아올랐을 때였다.
달려온 늙은 광산가는 남아 있는 한 대의 우주선 문에, 다음과 같은 편지가 붙어 있는 것을 발견했다.


「허락 없이 제멋대로 우주선을 빌리는 대신에, 나의 몫은 여러분들이 나눠 가지십시오. 저는 캡틴 퓨쳐에게로 가지 않으면 안되겠습니다.
맬턴」
☆☆☆☆☆☆☆☆☆☆☆☆☆☆☆☆☆☆☆☆☆☆☆","소행성은 암흑의 대우주 속을 소리 없이 천천히 돌고 있었다.
공기도 없고, 물도 없다. 중력도 거의 없는 이 소행성의 세계는 생물이라고는 전혀 없다. 그야말로 죽음의 세계이다.
주위의 우주에는 빨강, 노랑, 파랑, 하양의 수많은 별들이 반짝반짝 빛나고 있어 마치 빛의 음악회를 열고 있는 것 같다.",3285
아내,김유정,"아내


우리 마누라는 누가 보던지 뭐 이쁘다고는 안할 것이다. 바로 계집에 환장된 놈이 있다면 모르거니와. 나도 일상 가치 지내긴 하나 아무리 잘 고쳐보아도 요만치도 이쁘지 않다. 허지만 계집이 낯짝이 이뻐 맛이냐. 제기할 황소 같은 아들만 줄대 잘 빠쳐 놓으면 고만이지. 사실 우리 같은 놈은 늙어서 자식까지 없다면 꼭 굶어죽을 밖에 별도리 없다. 가진 땅 없어, 몸 못 써 일 못하여, 이걸 누가 열쳤다고 그냥 먹여줄테냐. 하니까 내말이 이왕 젊어서 되는대로 자꾸 자식이나 쌓두자 하는 것이지.
그리고 에미가 낯짝 글럿다고 그 자식까지 더러운 법은 없으렸다. 아 바루 우리 똘똘이를 보아도 알겠지만 즈 에미년은 쥐였다 논 개떡 같아도 좀 똑똑하고 깨끗이 생겼느냐. 비록 먹고도 재구 또 잘나고 불아귀처럼 덤비기는 할망정. 참 이놈이야 말로 나에게는 아버지보담도 할아버지보담도 아주 말할 수 없이 끔찍한 보물이다.
년이 나에게 되지 않은 큰 체를 하게된 것도 결국 이 자식을 낳았기 때문이다. 전에야 그 상판대길 가지고 어딜 끽소리나 제법 했으랴. 흔히 말하길 계집의 얼굴이란 눈의 안경이라 한다. 마는 제 아무리 물커진 눈깔이라도 이 얼굴만은 어째볼 도리 없을게다.
이마가 훌떡 까지고 양미간이 벌면 소견이 탁 틔었다지 않냐. 그럼 좋기는 하다. 마는 아기자기한 맛이 없고 이조로 둥글넓적이 나러온 하관에 멋없이 쑥 내민 것이 입이다 두툼은 하나 건순입술, 말 좀 하려면 그리 정하지 못한 윗니가 부질없이 뻔질 드러난다 설혹 그렇다 치고 한복판에 달린 코나 좀 똑똑이 생겼다면 얼마 낫겠다. 첫째 눈에 띠는 것이 그 코인데, 이렇게 말하면 년의 숭을 보는 것 같지만, 썩 잘보자 해도 먼 산 바라보는 도야지의 코가 자꾸만 생각이 난다.
꼴이 이러니까 밤이면 내 눈치만 스을슬 살피는 것이 아니냐. 오늘은 구박이나 안할까, 하고 은근히 애를 태우는 맥이렷다. 이게 가여워서 피곤한 몸을 무릅쓰고 대개 내가 먼저 말을 걸게 된다. 온종일 뭘 했느냐는 둥 싸리문을 좀 고쳐놓으라 했더니 어떻게 했느냐는 등, 혹은 오늘 밤에는 웬일인지 코가 훨씬 좋아보인다는 둥 하고. 그러면 년이 금세 헤에 벌어지고 휭 하게 내 곁에 와 앉아서는 어깨를 비겨대고 슬근슬근 부빈다. 그리고 코가 좋아 보인다니 정말 그러냐고 몸이 달아서 묻고 또 묻고 한다. 저로도 믿지 못할 그 사실은 한때의 위안이나마 또 한 번 들어보자는 심정이렷다. 그 속을 알고 짜장 콧날이 서나 보다고 하면 년의 대답이 뒷간엘 갈 적마다 잡아다니고 했더니 혹 나왔을지 모른다나 그리고 아주 좋아한다.
그러나 어느 때에는 한나절 밭고랑에서 시달린 몸이 고만 축 늘어지는구나. 물론 말 한마디 붙일 새 없이 방바닥에 그대로 누어버리지. 허면 년이 제 얼굴 때문에 그런 줄 알고 한구석에 가 시무룩해서 앉았다 얼굴을 모로 돌리어 턱을 삐쭘 쳐들고 있는걸 보면 필연 제 깐엔 옆얼굴이나 한번 봐달라는 속이겠지. 경칠 년. 옆얼굴이라고 뭐 깨묵셍이나 좀 난 줄 알구―
이러던 년이 똘똘이를 내놓고는 갑작이 세도가 당당해젔다. 내가 들어가도 네놈 언제 봤냔 듯이 좀체 들떠보는 법 없지. 눈을 스르르 내리깔고는 잠자코 아이에게 젖만 먹이겠다. 내가 좀 아이에 머리라도 쓰다듬으면
“이 자식, 밤낮 잠만 자나?”
“가만 둬, 왜 깨놓고 싶은감”
하고 사정없이 내 손등을 주먹으로 갈긴다. 나는 처음에 어떻게 되는 셈인지 몰라서 멀거니 천장만 한참 쳐다보았다. 내 자식 내가 만지는데 주먹으로 때리는 건 무슨 경우야. 허지만 잘 따져보니까 조금도 내가 억울할 것은 없다. 년이 나에게 큰 체를 해야 될 권리가 있는 것을 차차 알았다. 그래서 그때부터 내가 이년, 하면 저는 이놈, 하고 대들기로 무언중 계약되었지.
동리에서는 남의 속은 모르고 우리를 각다귀들이라고 별명을 지었다. 훅하면 서루 대들려고 노리고만 있으니까 말이지. 하긴 요즘에 하루라도 조용한 날이 있을까 봐서 만나기만 하면 이놈, 저년, 하고 먼저 대들기로 위주다. 다른 사람들을 밤에 만나면.
“마누라 밥 먹었수?”
“아니요, 당신 오면 같이 먹을랴구―”
하고 일어나 반색을 하겠지만 우리는 안 그러기다. 누가 그렇게 괭이 소리로 달라붙느냐. 방에 떡 들어서는 길로 우선 넓적한 년의 궁둥이를 발길로 퍽 들여지른다.
“이년아! 일어나서 밥 차려!”
“이눔이 웨 이래, 대릴 꺾어놀라”
하고 년이 고개를 겨우 돌리면
“나무 판 돈 뭐했어, 또 술 쳐먹었지?”
이렇게 제법 탕탕 호령하였다. 사실이지 우리는 이래야 정이 보째 쏟아지고 또한 계집을 데리고 사는 멋이 있다. 손자새끼 낯을 해가지고 마누라 어쩌구 하고 어리광으로 덤비는 건 보기만 해도 눈허리가 시질 않겠나. 계집 좋다는 건 욕 하고 치고 차고, 다 이러는 멋에 그렇게 치고 보면 흑 궁한 살림에 쪼들리어 악에 받힌 놈의 말일지는 모른다. 마는 누구나 다 일반이겠지 가다가 속이 맥맥하고 부아가 끓어오를 적이 있지 않냐. 농사는 지어도 남는 것이 없고 빚에는 몰리고 게다가 집에 들어서면 자식놈 킹킹거려, 년은 옷이 없으니 떨고 있어. 이러한 때 그냥 배길 수야 있느냐. 티격태격 꼬집어 가지고 년의 비녀 쪽을 턱 잡고는 한바탕 훌두들겨 대는구나. 한참 그 지랄을 하고 나면 등줄기에 땀이 뿍 흐르고 한숨까지 후 돈다면 웬만치 속이 가라앉을 때였다. 담에는 년을 도로 밀쳐버리고 담배 한 대만 피어물면 된다.
이 멋에 계집이 고마운 물건이라 하는 것이고 내가 또 년을 못 잊어하는 까닭이 거기 있지 않냐. 그렇지 않다면이야 저를 계집이라고 등을 뚜덕여주고 그 못난 코를 좋아보인다고 가끔 추어줄 맛이 뭐야 허지만 년이 훌쩍거리고 앉아서 우는 걸 보면 이건 좀 재미 적다. 제가 주먹심으로든 입심으로든 나에게 덤빌려면 어림도 없다. 쌈의 시초는 누가 먼저 걸었던 간 언제든지 경을 팥다발 같이 치고 나앉는 것은 년의 차지렸다.
“이리와 자빠져 자―”
“곤두어 너나 자빠져 자렴―”
하고 년이 독이 올라서 돌아다도 안보고 비쌘다. 마는 한 서너 번 내려오라고 권하면 나중에는 저절로 내 옆으로 스르르 기어들게 된다. 그리고 눈물 흐르는 장반을 벙긋이 흘겨보이는 것이 아니냐. 하니까 년으로 보면 두들겨 맞고 비쌔는 멋에 나하고 사는지도 모르지.
그러나 우리가 원수같이 늘 싸운다고 정이 없느냐 하면 그건 잘못이다. 말이 났으니 말이지 정분치고 우리 것만치 찰떡처럼 끈끈한 놈은 다시없으리라 미우면 미울수록 싸울수록 잠시를 떨어지기가 아깝도록 정이 착착 붙는다. 부부의 정이란 이런 겐지 모르나 하여튼 영문 모를 찰거머리 정이다. 나뿐 아니라 년도 매를 한참 두들겨 맞고 나서 같이 자리에 누우면
“내 얼굴이 그래두 그렇게 숭 없진 않지?”
하고 정말 잘난 듯이 바짝바짝 대든다. 그러면 나는 이때 뭐라고 대답해야 옳겠느냐. 하 기가 막혀서 천정을 쳐다보고 피익 내어버린다.
“이년아! 그게 얼굴이야?”
“얼굴 아니면 가주 다닐까―”
“내니깐 이년아! 데리구 살지 누가 건디리니 그 낯짝을?”
“뭐, 네 얼굴은 얼굴인 줄 아니? 불밤송이 같은 거, 참 내니깐 데리구 살지―”
이러면 또 일어나서 땀을 한번 흘리고 다시 들어 누을 수밖에 없다. 내 얼굴이 불밤송이 같다니 이래도 우리어머니가 나를 낳고서 나종 땅마지기나 만져볼 놈이라고 좋아하던 이 얼굴인데 하지만 다시 일어나고 손짓 발짓을 하고 하는 게 성이 가셔서 대개는 그대로 눙쳐 둔다.
“그래, 내 너 이뻐할 게 자식이나 대구 내놔라”
“먹이지도 못할 걸 자꾸 나 뭘 하게, 굶겨 죽일랴구?”
“아 이년아! 꿔다 먹이진 못하니?”
하고 소리는 빽 지르나 딴은 뒤가 켕긴다. 더끔더끔 모아 두었다가 먹이지나 못하면 그걸 어떻게 하냐. 죄다 버리지도 못하고 죽이지도 못하고 떼송장이 난다면. 연히 이런 걸 보면 년이 나보담 훨씬 소견이 된 것을 알 수 있겠다 물론 십리만큼 벌어진 양미간을 보아도 나와는 턱이 다르지만―.
우리가 요즘 먹는 것은 내가 나무장사를 해서 벌어드린다 여름 같으면 품이나 판다 하지만 눈이 척척 쌓였으니 얼음을 깨먹느냐 하기야 산골에서 어느 놈 치고 별수 있겠냐 마는 하루는 산에 가서 나무를 해들이고 그 담날엔 읍에 갔다가 판다. 나니깐 참 쌍지게질도 할 근력이 되겠지만. 잔뜩 나무 두 지게를 혼자서 번차례로 이놈 져다 놓고 쉬고 저놈 져다 놓고 쉬고 이렇게 해서 장찬 삼십 리 길을 한나절에 들어가는구나. 그렇지 않으면 언제 한 지게 한 지게씩 팔아서 목구멍을 축일 수 있겠느냐 잘 받으면 두 지게에 팔십 전 운이 나쁘면 육십 전 육십오 전. 그걸로 좁쌀, 콩, 미역, 무엇 사들고 찾아오겠다. 죽을 쑤었으면 좀 느루 가겠지만 우리는 더럽게 그런 것은 안한다. 먹다 못 먹어서 뱃가죽을 움켜쥐고 나설지언정 으레 밥이지. 똘똘이는 네 살짜리 어린애니깐 한 보시기, 나는 제 아버지니까 한 사발에다 또 반 사발을 더 먹고. 그런데 년은 유독이 두 사발을 처먹지 않나. 그리고도 나보다 먼저 홀딱 집어세고는 내 사발의 밥을 한 귀퉁이 더 떠먹는 버릇이 있다. 계집이 좋다 했더니 이게 밥버러지가 아닌가 하고 한때는 가슴이 선뜻할 만치 겁이 났다. 없는 놈이 양이나 좀 먹어야지 이렇게 대구 처먹으면, 너 웬 밥을 이렇게 처먹니, 하고 눈을 크게 뜨니까 년의 대답이, 애 난 배가 그렇지 그럼, 저도 앨 나보지, 하고 샐쭉이 토라진다. 아따 그래, 대구 처먹어라. 나중 밥값은 그 배때기에 다 게 있고 게 있는 거이까. 어떤 때에는 내가 좀 덜 먹고라도 그대로 내주고 말겠다. 경을 칠 년, 하지만 참 너무 처먹는다.
그러나 년이 떡국이 농간을 해서 나보담 한결 의뭉스럽다. 이깐 농사를 지어 뭘 하느냐, 우리 들병이로 나가자, 고. 따는 내 주변으로 생각도 못했던 일이지만 참 훌륭한 생각이다. 밑지는 농사보다는 이밥에, 고기에, 옷 마음대로 입고 좀 호강이냐. 마는 년 얼굴을 이윽히 뜯어보다간 고만 풀이 죽는구나. 들병이에게 술 먹으러 오는 건 계집의 얼굴 보자 하는 걸 어떤 밸 없는 놈이 저 낯짝엔 몸살 날 것 같지 않다. 알고 보니 참 분하다. 년이 좀만 똑똑히 나왔더면 수가 나는 걸. 멀뚱이 쳐다보고 쓴 입맛만 다시니까 년이 그 눈치를 채었는지.
“들병이가 얼굴만 이뻐서 되는 게 아니라던데, 얼굴은 박색이라도 수단이 있어야지―”
“그래 너는 그거 할 수단 있겠니?”
“그럼 하면하지 못할 게 뭐야”
년이 이렇게 아주 번죽 좋게 장담을 하는 것이 아니냐. 들병이로 나가서 식성대로 밥 좀 한바탕 먹어보자는 속이겠지. 몇 번 다 저물어도 제가 꼭 될 수 있다니까 아따 그러면 한번 해보자구나 밑천이 뭐 드는 것도 아니고 소리나 몇 마디 반반히 가르쳐서 데리고 나서면 고만이니까.
내가 밤에 집에 돌아오면 년을 앞에 앉히고 소리를 가르치겠다. 우선 내가 무릎장단을 치며 아리랑타령을 한번 부르는구나. 아리랑 아리랑 아라리요, 춘천아 봄의 산아 잘 있거라, 신연강 배 타면 하직이라. 산골의 계집이면 강원도 아리랑쯤은 곧잘 하련만 년은 그것도 못 배웠다. 그러니 쉬운 아리랑부터 시작할밖에 그러면 년은 도사리고 앉아서 두 손으로 엉덩이를 치며 흉내를 낸다. 목구멍에서 질그릇 물러앉은 소리가 나니까 나중에 목이 티이면 노래는 잘 할게다 마는 가락이 딱딱 들어맞아야 할 텐데 이게 세상에 되먹어야지. 나는 노래를 가르치는데 이 망할 년은 소설책을 읽고 앉았으니 어떡허냐. 이걸 데리고 앉으면 흔히 닭이 울고 때로는 날도 밝는다. 년이 하도 못하니까 본보기로 나만 하고 또 하고 또 하고 그러니 저를 들병이를 가르친다는 게 결국 내가 배우는 폭이 되지 않나. 망할 년 저도 손으로 가리고 하품을 줄대하며 졸려워 죽겠지. 하지만 내가 먼저 자자하기 전에는 제가 차마 졸립다진 못할라. 애초 들병이로 나가자, 말을 낸 것이 누군데 그래. 이렇게 생각하면 울화가 불컥 올라서 주먹이 가끔 들어간다.
“이년아? 정신을 좀 채려, 나만 밤낮 하래니?”
“이놈이! 팔때길 꺾어 놀라”
“이거 잘 배면 너 잘되지 이년아! 날 주는 거냐 큰체게?”
이번엔 손가락으로 이마빼기를 꾹 찍어서 뒤로 넘긴다. 여느 때 같으면 년이 독살이 나서 저리로 내뺄게다. 제가 한 죄가 있으니까 다시 일어나서 소리 가르쳐 주기만 기다리는 게 아니냐. 하니 딱한 일이다. 될지 안될 지도 의문이거니와 서루 하품은 뻔질 터지고 이왕 내친걸음이니 그렇다고 안할 수도 없고, 에라 빌어먹을 거, 너나 내나 얼른 팔자를 고쳐야지 늘 이러다 말테냐. 이렇게 기를 한번 쓰는구나. 그리고 밤의 산천이 울리도록 소리를 빽빽 질러가며 년하고 또 다시 흥타령을 부르겠다.
그래도 하나 기특한 것은 년이 성의는 있단 말이지. 하기는 그나마도 없다면이야 들이커녕 깻묵도 그르지만. 날이라도 틈만 있으면 저 혼자서 노래를 연습하는구나. 빨래를 할 적이면 빨래방추로 가락을 맞추어가며 이팔청춘을 부른다. 혹은 방 한구석에 죽치고 앉아서 어깨짓으로 버선을 꿰어매며 노랫가락도 부른다. 노래 한 장단에 바늘 한 꿰엄씩이니 버선 한 짝 기울려면 열 나절은 걸리지. 하지만 아따 버선으로 먹고 사느냐, 노래만 잘 배워라. 년도 나만치나 이밥에 고기가 얼른 먹고 싶어서 몸살도 나는지 어떤 때에는 바깥 밭둑을 지나가려면 뒷간 속에서 콧노래가 흥이 겨울 적도 있겠다. 그러나 인제 노랫가락에 흥타령쯤 겨우 배웠으니 그 담 건 어느 하가에 배우느냐, 망할 년두 참.
게다가 년이 시큰둥해서 남더러 신식창가를 가르쳐 달라구, 들병이는 구식소리도 잘 해야 하겠지만 첫째 시체 창가를 알아야 불려먹는다 한다. 말은 그럴 법하나 내가 어디 시체 창가를 알 수 있냐, 땅이나 파먹던 놈이 나는 그런 거 모른다, 하고 좀 무색했더니 며칠 후에는 년이 시체 창가 하나를 배워가주 왔다. 화투를 끼고 앉아서 그 전을 두드리며 네 보란 듯이 자랑스럽게 하는 것이 아닌가. 피었네 피었네 연꽃이 피었네 피었다구 하였더니 볼 동안에 옴쳤네. 대체 이걸 어디서 배웠을까, 얘 이년 참 나보담 수단이 좋구나 하고 나는 퍽 감탄하였다. 그랬더니 나중 알고 보니까 년이 어느 틈에 야학에 가서 배우질 않았겠니. 야학이란 요 산 뒤에 있는 조그만 움인데 농군 아이에게 한 겨울 동안 국문을 가르친다. 창가를 할 때쯤 해서 년이 추운 줄도 모르고 거길 찾아간다. 아이를 업고 문밖에 서서 귀를 기울이고 엿듣다가 저도 가만가만히 흉내를 내보고 내보고 하는 것이다. 그래 가지고 집에 와서는 히짜를 뽑고 야단이지. 신식 창가는 며칠만 좀 더 배우면 아주 능통하겠다나
그러나 아무리 생각해봐도 년의 낯짝만은 걱정이다. 소리는 차차 어지간히 돼 들어가는데 이놈의 얼굴이 암만 봐도, 봐도 영 글렀구나. 경칠 년, 좀만 얌전히 나왔다면 이판에 돈 한 몫 크게 잡는 걸. 간혹 가다 제물에 화가 뻗히면 아무 소리 않고 년의 배때기를 한 두어 번 안 쥐어박을 수 없다. 웬 영문인지 몰라서 년도 눈깔을 크게 굴리고 벙벙히 쳐다보지. 땀을 낼 년. 그 낯짝을 하고 나한테로 시집을 온담 뻔뻔하게. 하나 년도 말은 안하지만 제 얼굴 때문에 가끔 성화인지 쪽 떨어진 손거울을 들고 앉아서 이리 뜯어보고 저리 뜯어보고 하지만 눈깔이야 일반이겠지 저라고 나 뵐 리가 있겠니. 하니까 오장 썩는 한숨이 연방 터지고 한풀 죽는구나. 그러나 요행히 내가 방에 있으면 돌아다보고.
“이봐! 내 얼굴이 요즘 좀 나 가지 않어?”
“그래, 좀 난 것 같다” 
“아니 정말 해 봐―”
하고 이년이 팔때기를 꼬집고 바싹바싹 들이덤빈다. 년이 능글차서 나쯤은 좋도록 대답해주려니, 하고 탁 믿고 묻는 게렷다 정말 본 대로 말할 사람이면 제가 겁이 나서 감히 묻지도 못한다. 짐짓 이뻐졌다, 하고 나도 능청을 좀 부리면 년이 좋아서 요새 분때를 자주 밀었으니까 좀 나 졌겠지, 하고 들병이는 뭐 그렇게까지 이쁘지 않어도 된다고 또 구구히 설명을 늘어놓는다. 경을 칠 년, 계집은 얼굴 밉다는 말이 칼로 찌르는 것보다도 더 무서운 모양이다. 별 욕을 다 하고 개잡듯 막 뚜드려도 조금 뒤에는 헤, 하고 앞으로 기어드는 이 년이다. 마는 어쩌나. 제 얼굴의 숭이나 좀 본다면 사흘이고 나흘이고 년이 나를 스을슬 피하며 은근히 골리려고 든다. 망할 년 밉다는 게 그렇게 진저리가 나면 아주 면사포를 쓰고 다니지 그래. 년이 능청스러워서 조금만 예뻤더라면 나는 얼렁얼렁해 내버리고 돈 있는 놈 군서방 해갔으렷다. 계집이 얼굴이 예쁘면 제값 다 하니까. 그렇게 생각하면 년의 낯짝 더러운 것이 나에게는 불행 중 다행이라 안 할 수 없으리라.
계집은 아마 남편을 속여먹는 맛에 깨가 쏟아지나보다. 년이 들병이노릇을 할 수단이 있다고 괜히 장담한 것도 저의 이 행실을 믿고 그랬는지도 모른다. 새벽 일찍이 뒤를 보려니까 어디서 창가를 부른다. 거적 틈으로 내다보니 년이 밥을 끓이면서 연습을 하지 않나. 눈보라는 쌩쌩 소리를 치는데 보강지에 쪼그리고 앉아서 부지깽이로 솥뚜껑 톡톡 두드리겠다. 그리고 거기 맞추어 신식창가를 청승맞게 부르는구나. 그러다 밥이 우르르 끓으니까 뙤를 빗겨놓고 다시 시작한다. 젊어서도 할미꽃 늙어서도 할미꽃 아하하하 우습다 꼬부라진 할미꽃. 망할 년. 창가는 경 치게도 좋아하지 방아타령 좀 부지런히 공부해 두라니까 그건 안하구. 아따 아무 거라두 많이 하니 좋다. 마는 이번엔 저고리섭이 들먹들먹 하더니 아 웬 곰방대가 나오지 않나. 사방을 흘끔흘끔 다시 살피다 아무도 없으니까 보강지에다 들이대고 한 모금 뿌욱 빠는구나. 그리고 냅다 재채기를 줄대 뽑고 코를 풀고 이 지랄이다. 그저께도 들켜서 경을 쳤더니 년이 또 내 담배를 훔쳐가지고 나온 것이다 돈 안 드는 소리나 배웠겠지. 망할 년 아까운 담배를 곧 뛰어나가려다 뒤도 급하거니와 요즘 똘돌이가 감기로 앓는다. 년이 밤낮 들쳐업고 야학으로 돌아다니더니 그예 그 꼴을 만들었다. 오라질 년, 남의 아들을 중한 줄을 모르고 들병이 하다가 이것 행실 버리겠다. 망할 년이 하는 소리가 들병이가 되려면 소리도 소리려니와 담배도 먹을 줄 알고 술도 마실 줄 알고 사람도 주무를 줄 알고 이래야 쓴다나. 이게 다 요전에 동리에 들어왔던 들병이에게 들은 풍월이렷다. 그래서 저도 연습 겸 골고루 다 한번씩 해보고 싶어서 아주 안달이 났다. 방아타령 하나 변변히 못하는 년이 소리는 고걸로 될 듯싶은지!
이런 기맥을 알고 년을 농락해 먹은 놈이 요 아래 사는 뭉태놈이다. 놈도 더러운 놈이다. 우리 마누라의 이 낯짝에 몸이 닳았다면 그만함은 다 알쪼지. 어디 계집이 없어서 그걸 손을 대구, 망할 자식두. 놈이 와서 섣달 대목이니 술 얻어먹으러 가자고 년을 꼬였구나. 조금 있으면 내가 올 테니까 안 된다, 해 지기 전에 잠깐만, 하고 손을 내끌었다. 들병이로 나가려면 우선 술파는 경험도 해봐야 하니까, 하는 바람에 년이 솔깃해서 덜렁덜렁 따라섰겠지. 집안을 망할 년. 남편이 나무를 팔러갔다 늦으면 밥 먹을 준비를 하고 기다려야 옳지 않으냐. 남은 밤길을 삼십 리나 허덕지덕 걸어오는데. 눈이 푹푹 쌓여서 발모가지는 떨어져 나가는 듯이 저리고. 마을에 들어왔을 때에는 짜장 곧 쓰러질 듯이 허기가 졌다. 얼른 가서 밥 한 그릇 때려뉘고 년을 데리고 앉아서 또 소리를 가르쳐야지. 이런 생각을 하고 술집 옆을 지나다가 뜻밖에 깜짝 놀란 것은 그 바깥방에서 년의 너털웃음이 들린다. 얼른 다가서서 문틈으로 들여다보니까 아 이 망할 년이 뭉태하고 술을 먹는구나.
입때까지는 하도 우스워서 꼴들만 보고 있었지만 더는 못 참는다. 지게를 벗어던지고 방문을 홱 열어제치자 우선 놈부터 방바닥에 메다꽂았다. 물론 술상은 발길로 찼으니까 벽에 가 부서졌지. 담에는 년의 비녀 쪽을 지르고 끌고 밖으로 나왔다. 술 취한 년은 정신이 번쩍 들도록 흠뻑 경을 쳐 줘야 할 터이니까 눈에다 틀어박았다. 그리고 깔고 올라앉아서 망할 년 등줄기를 주먹으로 대구 우렸다. 때리면 때릴수록 점점 눈 속으로 들어갈 뿐, 발악을 치기에는 너무 취했다. 때리는 것도 년이 대들어야 멋이 있지 이러면 아주 싱겁다. 년은 그대로 내버리고 방으로 들어가서 놈을 찾으니까 이 빌어먹을 자식이 생쥐새끼처럼 어디로 벌써 내빼지 않았나. 참말이지 이런 자식 때문에 우리 동리는 망한다. 남의 계집을 보았으면 마땅히 남편 앞에 나와서 대강이가 깨져야 옳지 그래 달아난담. 못 생긴 자식도 다 많지. 할 수 없이 척 늘어진 이 년을 등에다 업고 비척비척 집으로 올라오자니까 죽겠구나. 날은 몹시 차지, 배는 쑤시도록 고프지, 좀 노할 래야 더 노할 근력이 없다. 게다 우리 집 앞 언덕을 올라가다 엎어져서 무르팍을 크게 깠지. 그리고 집엘 들어가니까 빈방에는 똘똘이가 혼자 에미를 부르고 울고 된통 법석이다. 망할 잡년두 남의 자식을 그래 이렇게 길러주면 어떡할 작정이람. 년의 꼴 봐하니 행실은 예전에 글렀다. 이년하고 들병이로 나갔다가는 넉넉히 나는 한옆에 재워 놓고 딴 서방 차고 달아날 년이다 너는 들병이로 돈 벌 생각도 말고 그저 집안에 가만히 앉았는 것이 옳겠다. 국으로 주는 밥이나 얻어먹고 몸 성히 있다가 연해 자식이나 쏟아라. 뭐 많이도 말고 굴대 같은 아들로만 한 열다섯이면 족하지. 가만있자, 한 놈이 일 년에 벼 열 섬씩만 번다면 열닷 섬이니까 일백오십 섬. 한 섬에 더도 말고 십 원 한 장씩만 받는다면 죄다 일천오백 원이지. 일천오백 원, 일천오백 원, 사실 일천오백원이면 어이구 이건 참 너무 많구나. 그런 줄 몰랐더니 이년이 배속에 일천오백 원을 지니고 있으니까 아무렇게 따져도 나보담은 났지 않은가.


(을해, 10, 15)",우리 마누라는 누가 보던지 뭐 이쁘다고는 안할 것이다. 바로 계집에 환장된 놈이 있다면 모르거니와. 나도 일상 가치 지내긴 하나 아무리 잘 고쳐보아도 요만치도 이쁘지 않다.,7635
아서왕을 만난 사람,마크 트웨인,"이상한 사나이의 이야기




나는 미국 사람이다. 태어난 곳은 코네티컷 주의 하우트포드. 고상한 것과는 인연이 멀지만 섞인 것이 없는 순수한 양키(미국 사람)이다.
아버지는 대장장이이며 아저씨는 수의사였다. 나는 어릴 때부터 그 양쪽 일을 배웠는데, 그 후 큰 공장에서 일하게 되었다. 거기서 머티와 솜씨를 본격적으로 익히고 닦았다. 총, 대포, 보일러, 엔진, 뭐든지 다 만드는 기술을 배웠다. 이렇게 하여 나는 공장장이 된 것이다.
공장에서 2천 명이나 되는, 말보다 주먹이 빠른 작자들을 시켜먹는 일은 쉬운 일이 아니었다. 나 역시 조심하고 있기는 했으나, 그리스 신화에 나오는 괴력(괴상한 힘)의 인물인 헤라클레스라는 벌명을 가진, 주먹이 빠른 거친 놈과 어느 날 끝내 말다툼을 하고 말았다. 그것이 원인이 되어,
""이 건방진 풋내기야!""
하고, 쇠망치에 머리를 쾅! 얻어맞았다.
아니, 이미 두개골(골통뼈)이 콩가루가 되어 버린 것 같은 느낌이 들었다. 눈앞이 캄캄해지고 나는 뭐가 뭔지 통 알 수 없게 되었다.
문득 정신이 들어 일어서 보니, 이건 놀랐다. 나는 어느 사이에 한 그루의 큰 떡갈나무 그늘에 웅크리고 있는 게 아닌가.
둘러보니, 주위는 아름다운 초록색의 전원이다. 아니 그보다도 바로 눈앞에 이상한 작자가 버티고 서 있지 않는가.
그 이상하고 야릇한 꼬락서니야말로! 마치 그림책에서가 아니면 볼 수 없는 작자였다. 머리 꼭대기에서부터 발끝까지 투구와 갑옷으로 칭칭 감고, 방패와 칼과 터무니없이 긴 창을 가지고, 옛날도 아주 태고(아주 오랜 옛날)적 기사의 차림으로 부끄러운 줄도 모르고 태연하게 말 등에 뒤로 젖히고 앉아 있었다.
그 말이 또 공을 들인 것이었다. 말인 주제에 갑옷을 입고, 머리에는 강철로 만든 뿔을 달고, 몸뚱이에는 빨강과 녹색의 비단 천을 걸치고, 그것을 땅바닥에 끌릴 정도로 내려뜨리고 있었다.
틀림없이 어느 서커스의 단원일 것이다.
그러자 그 작자가 말했다.
""그대는 멀쩡한가 ?""
(그대라고? 자네라고 하면 될 걸 가지고. 그리고 멀쩡한가가 뭐야! 내가 뭐 미친 사람으로 보이는가. 사람을 바보로 취급하고 있다. 제 정신이 아닌 것은 저쪽이다.)
""내가 어쨌다고!""
""그대는 영지 때문인가, 그렇지 않으면 귀부인을 위해서인가? 어느 쪽이라도 좋다. 소생과 승부를 할지어다.""
""뭐라고 하는 거냐. 농담 말고 어서 서커스로 돌아가기나 해.""
그 괴상한 사나이는 긴 창을 들이대며 나를 향해 돌진해 왔다.




내가 이렇게 말하자, 그 사나이는 무엇을 생각했는지 갑자기 2백 미터 정도 뒤로 물러서서 긴 창을 내밀고 기세를 높여 나를 향해 돌진해 왔다.
이건 견딜 수가 없다. 나는 겨우 나무에 기어올라갔다. 정말 이런 미치광이에게 붙잡히다니, 생각지도 못했던 재난이다. 화를 낼 게 아니라 비위를 맞춰주는 게 옳을지 모른다.
""졌어, 졌어! 항복하겠다.""
겨우 그 작자를 속여 달래어서 내가 나무에서 내려오자,
""그렇다면 나를 따라올지어다.""
라고, 기사 모습의 미치광이는 말했다. 나는 할 수 없이 미치광이와 나란히 서서 시골길을 걷기로 했다.
그런데 가도 가도 눈에 익은 장소는 나타나지 않는다. 서커스단 같은 것도 볼 수 없다. 결국은 정신병원까지 모시고 가지 않을 수 없게 되었다. 그런데 병원도 멀리 있는 모양인지 보이지도 않는다. 나는 손을 들고 말았다.
하우트포드는 여기서 어느 정도냐고 물어 보니, 미치광이는 그런 장소는 모른다고 한다. 시치미를 떼는 것에 틀림없다.
한 시간 정도 걷자, 앞쪽에 구불구불한 개천이 있는 계곡이 있고, 거기에 잠들고 있는 듯한 작은 거리가 보였다. 그리고 멀리 저쪽 언덕에 잿빛의 성벽이 나타났다. 이와 같은, 그림에서 밖에 볼 수 없는 것 같은 풍경은 나는 처음이었다
""브리지포트입니까?""
내가 가리키며 코네티컷 주에 있는 거리 이름을 대자,
""카멜롯이라고 여쭙는 곳이야.""
하고, 미치광이는 대답했다.

카멜롯에서




""카멜롯...... 카멜롯........
나는 중얼거렸다. 그런 이름은 들은 일도 없다. 아마 정신병인의 이름일 것이다.
주위는 낮잠의 꿈속에처럼 한가로웠다. 때는 여름. 꽃향기가 풍기고 꿀벌은 부웅부웅 소리를 내고 새들이 지저귀고 있다. 구불구불한 오솔길은 조용하여 사람 하나 보이지 않는다. 다만 길에 말 발자국이 있을 뿐이다.
이윽고 10살 정도의 귀여운 소녀를 만났다. 금발을 치렁치렁 어깨에 드리우고 불길처럼 붉은 개양귀비 꽃관을 쓰고 있었다.
나는 이 귀여운 소녀가 정신이 돈 나의 길동무를 보고 놀라지 않았으면 하고 걱정했다. 그러나 소녀는 태연했으며, 이 서커스 단원에게 놀라지도 않았다. 그리고 서커스의 사나이도 태연하게 지나쳤는데, 소녀는 문득 나를 쳐다보았다. 나는 한껏 상냥하게 미소를 지었다. 그러자 소녀는
""악!""
하고 놀라더니, 눈을 휘둥그렇게 뜨고 무서운 듯이 멈춰 서 버렸다.
이건 또 어찌된 일인가. 기사 모습의 사나이에게는 놀라지 않고 나를 보고 놀라다니, 어쩌면 가엾게도 이 소녀도 머리가 좀 이상할지도 모른다. 나는 서글픈 듯이 머리를 흔들었다. 그렇지 않으면 내가 꿈이라도 꾸고 있는 것이 아닐까?
거리가 가까워 옴에 따라 사람들의 생활의 냄새가 풍기기 시작했다. 초라한 초가 지붕의 집과 작은 밭이 있었다. 밭에는 긴 머리칼이 푸시시한, 새까맣게 더러워진 사나이들이 일하고 있었다. 마치 짐승 같았다.
사나이들은 무릎 밑까지 내려간 조잡(거칠고 잡스러워 품위가 없음)한 베옷을 입고, 발에는 철고리를 끼고 끌고 있었다. 어린아이들은 발가벗고 있었다.
그리고 남자도 여자도 서커스의 사나이에게 정중하게 인사를 한다. 그런데 나를 보고는 멍하니 입을 딱 벌렸다. 그리고 흘끔흘끔 쳐다보면서 와글와글 떠들기 시작했다. 집안으로 뛰어들어가서 식구들을 데리고 나오기까지 하여 하나같이 깜짝 놀란 얼굴들로 나를 바라보고 있었다.
(멋대로 놀아라. 이 미치광이들아!)
한편 서커스의 사나이는 인사를 받고도 당연하다는 듯이 뒤로 떡 몸을 젖히고 아는 체도 하지 않고 유유히 지나가는 것이었다. 거리에 들어서니, 창문이 없는 돌로 만든 집이 초가집 사이에 군데군데 있었다. 구불구불한 길에는 알몸의 어린아이들이 개와 놀고 있었다. 돼지까지 걸어다니며 땅을 여기저기 파헤치고, 그 중에는 길 한가운데의 썩은 물 속에 드러누워 새끼 돼지에게 젖을 먹이고 있었다.
그 때 멀리서 군악 소리가 울리고, 이건 또 친절하게도 기사 모습의 한 대열이 뒤에서 다가왔다. 투구와 갑옷을 햇빛에 반짝거리면서, 토끼의 가죽 털을 바람에 나부끼면서, 야하게 단장한 말을 타고 나타난 것이다. 그 미치광이 행렬의 선두에는 군기가 펄럭펄럭, 금칠을 한 창 끝이 반짝반짝 빛났다.
수고해요! 너무나 정성을 들인 모습이기 때문에 오히려 이쪽이 정신이 이상해지는 것 같다. 우리들은 그 대열의 뒤를 따라갔다. 구불구불한 오솔길을 더듬어 고개에 올라 겨우 미풍이 불어오는 높은 곳에 이르니, 그곳에는 굉장히 큰 성이 솟아있었다.




성벽에는 옛날의 모습으로 분장한 병사들이 창을 들고 오락가락 하고 있었다. 서투른 솜씨로 그린 용의 그림이 그려져 있는 깃발까지 나부끼고 있다.
""돌아오십니다!""
""돌아오십니다!""
소리치는 소리와 함께 성문의 적교(양쪽 언덕에 줄이나 쇠사슬을 건너지르고, 거기에 의지하여 매달아 놓은 다리)가 내려지고 성문이 활짝 열렸다. 기사의 대열은 성벽 안으로 들어갔다.
""놀라게 하지마! 대체 이건 어떻게 된 일이냐?""
나는 몹시 놀라기는 했어도 화가 난 듯이 중얼거리며 뒤를 따라갔다. 안으로 들어가니 푸른 하늘 아래 굉장히 아름다운 궁전이 엄숙하게 솟아 있었다. 사방에는 크고 작은 탑이 솟아 있고, 미치광이들은 말에서 내려 딱딱한 인사를 주고받고 있었다.","나는 미국 사람이다. 태어난 곳은 코네티컷 주의 하우트포드. 고상한 것과는 인연이 멀지만 섞인 것이 없는 순수한 양키(미국 사람)이다.
",2829
안드로메다 성운 (ANDROMEDA NEBULA),이반 예프레모프,"앨그래브 호의 조난




제 37 항성 탐험대에 참가하고 있는 젊은 여성 니자 크리트는 우주선 탠트라 호의 조종석 계기 위에 몸을 구부린 채 커다랗고 붉은 보라색이 나는 문자판을 지켜보고 있었다.
니자의 진지한 옆얼굴에는 불안한 기색이 뚜렷이 스며 나오고 있었다.
뒤에서 문이 열리는 소리가 나더니 체격이 몹시 좋은 사람이 활발한 동작으로 들어왔다.
열려진 문으로 황금색 빛이 들어오자 니자의 짙은 갈색 머리카락은 아름답게 빛났다.
들어온 사람이 대장 엘그 놀이라는 것을 알게 되자 니자의 눈은 밝게 빛났다.
""끝내 주무시지 않았네요? 100시간이나 주무시지 않다니!""
""그런 나쁜 표본을 보여서는 안 되지.""
대장의 얼굴에는 조금도 웃음이 떠오르지 않았으나 말씨만은 밝았다.
""다른 사람들은 모두 잠들어 있어요. 아무 것도 모른 채!""
니자는 조심스럽게 작은 소리로 말한다.
""사양하지 않아도 괜찮아. 확실하게 말해 봐. 대원들은 모두 잠들었다. 지금 이 우주에서 잠들지 않고 있는 것은 너와 나 두 사람 뿐이야. 지구까지의 거리는 앞으로 50조 킬로미터, 즉 5광년 가까이 남아있어.........""
""애너메존 연료는 이제 한 번 가속할 수 있을 정도밖에는 남아 있지 않은데.........""
비장한 목소리로 니자가 말했다.
놀 대장은 거침없이 문자판에 다가섰다.
""다섯 바퀴 째로군!""
""예, 다섯 바퀴 째에 들어서고 있습니다. 그러나 여전히 수신기에는 아무 것도 들어오지 않습니다.""
니자는 자동 수신기의 스피커 쪽을 지켜보고 있었다.
""그러니까 안심하고 잠들 수가 없는 거야. 여러 가지 경우, 최악의 경우를 생각해 두지 않고서는......... 그리고 다섯 바퀴 째가 끝날 때까지는 결정을 끝내야 한다.""
""그러나, 그때까지는 아직 110시간이 남아 있어요.""
""좋아. 그렇다면 잠시 이 의자에 앉아 한잠 자기로 하자.""
니자는 무엇인가 골똘히 생각하더니 이윽고 결심한 듯이 말했다.
""대장님, 궤도의 반경을 작게 해 보면 어떨까요? 어쩌면 앨그래브 호의 송신기에 어떤 고장이 일어났을 지도 모르잖아요?""
""아니, 그럴 순 없어. 속도를 줄이지 않고 궤도 반경을 좁히거나 하면 어떤 일이 일어난다고 생각해?
이 탠트라 호는 즉시 가루가 되어버리는 거야! 그렇다고 한 번 속도를 낮춰 버리면 애너메존 연료가 떨어지니까 아주 옛날의 달세계 여행용의 로켓과 같은 속도로 5광년의 거리를 날지 않으면 안 되게 되는 거야. 그렇게 되면 우리들이 다시 태양계에 돌아가자면 10만 년이나 걸리게 되는 거지.""
""그건 그렇겠지만......... 그러나 앨그래브 호는 코스에서 벗어나서 역시 우리들을 찾고 있는 것이 아닐까요?""
""아니, 그렇게 엄청나게 코스를 벗어날 이유가 없어. 게다가 앨그래브 호가 정확하게 계산하여 결정한 시간에 출발하지 않았을 리도 없고. 예를 들어 어떤 믿을 수 없는 사고가 일어나서 송신기가 두 개 모두 고장이 났다고 해도 앨그래브 호는 이 탠트라 호의 궤도를 가로질렀을 거야. 그렇다면 이쪽의 수신기가 앨그래브 호를 잡았을 거다. 그렇다면......?""
놀 대장은 한참 동안 망설이다가 결심한 듯이 말했다.
""앨그래브 호는 조난 당한 것이 틀림없어!""
""그런데 조난 당한 것이 아니라 운석군 때문에 파손되어 가속할 수 없게 되었는지도 몰라요.""
""가속을 못하게 됐다? 그것도 조난과 마찬가지가 되지. 목적지에 도착하기까지는 수 만 년이 걸리게 되니까 말야. 그렇게 되면 더욱 안타깝게 죽음을 기다리는 전망 상태가 계속되는 거야.""
놀 대장은 소형 전자 계산기의 테이블 밑에서 접는 의자를 꺼내어 앉았다.
즉시로 대장의 두 손은 피아니스트처럼 재빨리 전자 계산기의 핸들이며 버튼 위에서 움직이기 시작했다.
처음으로 항성 탐험대에 참가한 니자는 어떤 싸움에 맞서듯이 계산기를 마주하고 있는 놀 대장의 모습을 숨을 죽이고 지켜보고 있었다.
어떻게 되어서 그는 이렇게 침착하고 믿음직한 사람일까? 어떤 일이 있더라도 이 사람의 옆에 있으면 안심할 수 있다. 이미 5년 동안이나 놀 대장과 함께 지냈다.
이러한 불행한 사태가 일어나고 있는 지금도 놀 대장과 함께 당직을 하고 있다. 그것만으로도 니자는 기뻤던 것이다.
다른 대원들이 최면 작용에 의해 깊은 잠에 들어간 3개월 동안 깨어 있는 사람은 오직 니자와 놀 대장 두 사람뿐이었다.
아직 13일이 남아 있다. 13일이 지나면 두 사람은 반 년 동안 잠자게 되어 있었다.
그 동안은 항행사, 천문학자, 기계기사 등이 교대로 당직을 맡아 왔다.
<생물학자나 지질학자는 어느 행성이든 착륙하기까지는 일이 없기 때문에 더 오래 잘 수가 있겠지만 천문학자는 가장 큰일이야.........>
이때에 놀 대장이 의자에서 일어났기 때문에 니자는 정신을 차렸다.
""난 잠깐 항성도실에 갔다 오겠어. 니자의 휴식시간까지 이제 9시간이 있군. 그때까지 한잠 자는 게 어떨까?""
놀 대장은 시계를 보면서 니자에게 말했다.




""어서 가셔요. 저는 피로하지 않으니까 계속 여기 있어도 괜찮습니다. 대장님은 마음놓고 주무셔요.""
놀 대장은 자기를 쳐다보는 니자의 상냥한 눈동자에 그만 싱긋 웃고 나서 아무 말도 하지 않고 그대로 나갔다.
대장이 나가자 니자는 의자에 앉아 익숙해진 눈으로 계기들을 들여다보았다.
니자의 머리 위에는 어두운 영사막이 있었다. 그것은 탠트라 호 주위의 우주 모습을 중앙 사령실에 전하는 영사막이었다. 지금 여러 가지 색깔의 별이 빛나고 있으며 마치 밤거리의 휘황찬란한 네온사인 같았다.
행성 K2․2N․88, 그것은 태양계에서 멀리 떨어진 생물이 없는 완전히 식어버린 별이다.
이 행성은 항성을 목표로 하여 지구를 떠난 우주선끼리, 우주에서 서로 만나는데 매우 좋은 장소로 알려져 있었다.
그런데 그 만나는 것도 상대방 앨그래브 호가 조난이라도 당했는지 끝내 실현될 것 같지 않다.
지금 다섯 바퀴 째......... 그래도 안 된다면 그 다음에는 어떻게 하면 좋을까?
지금 놀 대장은 어떻게 좋은 방법을 발견하려고 온갖 지혜를 다 짜내고 있는 것이다.
탐험 대장에게 착오가 있어서는 안 된다.
만약에 착오가 있으면 이 제일급 우주선 탠트라 호는 우수한 학자들로 편성된 탐험대와 함께 이 무섭고 무한히 넓은 우주 공간에서 지구로 돌아가는 것을 영원히 단념하지 않으면 안 된다.
그러나 저 놀 대장이 착오를 범할 걱정은 조금도 없다.
갑자기 니자는 머리가 아찔해졌다. 탠트라 호가 아주 작은 각도였으나 코스를 벗어난 것이었다.
현기증이 겨우 없어졌다고 생각하자, 또다시 눈이 잿빛 안개에 뒤덮인 것처럼 되었다.
탠트라 호는 곧 바른 코스로 되돌아 온 것이다.
우주선에 실은 몹시 강도가 높은 레이더가 전방의 깊은 어두움 속에서 우주선의 최대의 적이 되고 있는 운석군이 있는 것을 찾아낸 것이었다. 그리고 우주선을 조종하고 있는 전자 기계가 수백만 분의 1초 사이에 탠트라 호의 진로를 바꾸어 위험이 지나간 다음에 곧 본래의 진로로 되돌려 놓은 것이었다.
<앨그래브 호에도 이와 같은 전자 기계가 있을 텐데 왜 구출할 수 없었을까?>
하고 니자는 생각했다.
정말로 앨그래브 호는 운석에 충돌하여 산산조각이 났을까? 놀 대장이 언젠가 말한 일이 있다. 감도가 높은 레이더가 발명된 현재에도 우주선은 10대에 1대 비율로 조난 당하고 있다고.
앨그래브 호의 조난으로 탠트라 호도 위험한 입장에 놓여 있는 셈이다.
니자는 지구를 출발한 후의 여러 가지 일을 생각하기 시작했다.

행성 질다의 생물




제 37 항성 탐험대는 뱀주인 자리에 있는 행성 질다를 목표로 하여 지구를 출발한 것이었다.
질다는 그 행성계 중에서 고등 생물이 사는 단 하나의 행성이며 대 우주 통신망을 통하여 오래 전부터 지구나 다른 행성 세계와 연락을 취하고 있었던 것이다.
그런데 그 통신 연락이 갑자기 끊어진 것이었다. 그리고 질다에서부터 통신 연락이 끊어진 것이 벌써 70년 이상이나 된다.
대체 질다에 어떤 변화가 일어난 것일까?
그것을 밝혀내는 것이 지구의 의무였다. 대 우주 통신망에 속하는 행성 중에서 질다에 가장 가까운 행성이 바로 지구였기 때문이었다.
탐험대의 우주선 탠트라 호에는 많은 관측 기계가 실려 있었다. 이것에 탄 대원은 우수한 과학자와 기술자를 합쳐 14명으로 모두가 여러 가지 시험을 치르고 오랜 세월 우주선 안에서의 생활에 충분히 견딜 수 있는 강한 사람들이었다.
로켓 엔진의 연료로 사용되는 애너메존은 중간자(메존)에 의한 결합을 파괴한 핵물질로서 광속과 같은 속도를 낼 수 있는 것이다.
그런데 이 애너메존 연료는 우주선 탠트라 호가 행성 질다까지 가는 데에 필요한 최소의 양 밖에는 싣지 못했다.
돌아올 때에 필요한 연료는 그 질다에서 보급 받기로 되어 있었다. 그리고 질다에서 어떤 중대한 변화가 일어나 연료 보급이 되지 않을 때에는 제 2급 우주선 앨그래브 호가 K2․2N․88 행성의 궤도 가까이에서 탠트라 호와 서로 만나 애너메존 연료를 받기로 되어 있었던 것이다.


니자는 또다시 깊은 생각에 잠기기 시작했다.
니자의 머리에 찰싹 달라붙어 떨어지지 않는 것은 피와 같이 붉은 색을 한 음침한 항성이다. 그것은 행성 질다의 태양이었다.
이 항성은 지구를 떠나서 4년째가 끝나는 수개월 사이에 탠트라 호의 영사막 속에서 점차로 크게 보이기 시작했다.
4년째라고 하는 것은 광속에 가까운 속력으로 날고 있는 우주선의 승무원들에게 있어서의 시간으로, 그 동안 지구에서는 이미 7년이라는 세월이 흐르고 있었다.
행성 질다에서 그 피와 같이 붉은 항성까지는 지구에서 태양까지의 거리보다 훨씬 가깝다.
탠트라 호가 질다에 가까워짐에 따라 새빨간 원반과 같은 그 태양은 점점 커지고 있었다. 그것이 내뿜는 높은 열을 흠뻑 받은 탠트라 호는 많은 에너지를 사용하여 선체를 식히지 않으면 안 되었다.
질다에 가까워지는 2개월 전부터 탠트라 호는 이 행성의 우주 통신 스테이션과 연락을 취하려고 했다.
질다의 단 하나인 우주 통신 스테이션은 대기가 없는 작은 질다의 위성에 있었다. 그 거리는 지구와 달과의 거리보다 가까웠다.
탠트라 호는 질다에서 3,000만 킬로미터 정도 가까워져서 속도를 초속 3,000 킬로미터로 떨어뜨리기까지의 사이에 계속 호출 신호를 보냈다.
니자가 당직 차례였으나 승무원 전원이 일어나서 중앙 사령실의 영사막 앞에 모였다.
니자는 송신기의 출력을 증가시키고 강력한 서치라이트로 전방을 비치면서 호출을 계속했다.
이윽고 단 한 점 빛나는 행성을 발견했다. 끝내 질다가 보인 것이다.
탠트라 호는 행성 질다의 주위를 돌면서 나선을 그리며 점점 질다에 가까이 가면서 위성의 속도와 우주선의 속도를 맞추기 시작했다.
이윽고 탠트라 호는 마치 질다의 위성과 한 가닥의 줄로 매달아 놓은 것처럼 그 위성의 상공에 조용히 멈췄다. 탠트라 호의 전자 입체 망원경이 쓰다듬는 듯이 위성의 표면을 조사하기 시작했다.
그러자 단 한 번만 봐도 절대로 잊혀지지 않을 것 같은 광경이 갑자기 모든 사람의 눈앞에 나타났다.
거대하고 납작한 유리 건물이 태양의 빛을 받고 선명하게 빛나고 있었다.
지붕 바로 밑은 집회장과 같은 큰 홀로 되어 있어서 거기 많은 생물들이 움직이지 않고 모두 한 덩어리가 되어 있었다.
지구의 인간과는 다르지만 인간과 같은 종류에는 틀림이 없어 보였다.
천문학자인 폴 히스는 흥분한 채로 망원경의 초점을 맞추고 있었다.
유리 지붕 아래에 희미하게 보이는 생물들은 언제까지라도 움직이려 하지 않았다.
히스는 망원경의 배율을 높였다.
그러자 긴 테이블을 놓은 연단 같은 것이 보였다. 그 주위에 큰 계기판이 있었다.
테이블 위에는 많은 생물을 정면으로 바라보며 하나의 생물이 다리를 틀고 앉아 있었다. 공포에 떠는 얼빠진 눈이 먼 하늘의 한 점을 지켜보고 있었다.




""죽어 있어. 얼어붙었어!""
놀은 엉겁결에 외쳤다.","제 37 항성 탐험대에 참가하고 있는 젊은 여성 니자 크리트는 우주선 탠트라 호의 조종석 계기 위에 몸을 구부린 채 커다랗고 붉은 보라색이 나는 문자판을 지켜보고 있었다.
니자의 진지한 옆얼굴에는 불안한 기색이 뚜렷이 스며 나오고 있었다.
",4281
애국부인전,장지연,"제일회


화설. 오백여 년 전에 구라파주 법란서국 아리안 성 지방에 한 마을이 있으니 이름은 동이미라. 그 땅이 궁벽하여 인가가 드물고 농사만 힘쓰는 집뿐이라. 그 중에 한 농부가 있으니 다만 부처 두 식구가 일간 초옥에 있어 가세가 빈한하므로 양을 쳐서 생업하더니 서력 일천사백십이 년 정월에 마침 한 딸을 낳으니 용모가 단아하고 천성이 총명하여 영민함이 비할 데 없으니 부모가 사랑하여 이름을 약안아이격이라 하더니 약안이 점점 자라매 부모에게 효순하며 한번 가르치면 모르는 것이 없으며 또한 상제를 믿어 성경을 항상 읽으며 학문에 능통한지라. 나이 십삼 세에 이르러 능히 부모의 양치는 생업을 도우니 부모가 이 여아의 극히 영리함을 보고 십분 기뻐하더라. 그 동네 사람들이 약안의 총민함을 칭찬 아니 할 이 없어 특별히 이름을 정덕이라 부르며 가로되,
“아깝도다. 정덕이 만약 남자로 생겼다면 반드시 나라를 위하여 큰 사업을 이룰 것이거늘 불행히 여자가 되었다.”
하매 약안이 이렇듯이 칭찬함을 듣고 마음에 불평이 여겨 하는 말이
“어찌 남자만 나라를 위하여 사업하고 여자는 능히 나라를 위하여 사업하지 못할까? 하늘이 남녀를 내시매 이목구비와 사지 백태는 다 일반이니 남녀가 평등이거늘 어찌 이같이 등분이 다를진대 여자는 무엇 하려 내시리오.”
하니 이런 말로만 보아도 약안이 타일에 능히 법국을 회복하고 이름이 천추 역사상에 혁혁히 빛날 여장부가 아닐쏜가.
각설. 약안이 하루는 일기가 몹시 더워 불 속 같은지라 양을 먹이다가 더위를 피하려고 양을 몰고 나무 수풀과 시냇물 가에 배회하더니 이 때 마침 영국 군병이 법국을 침범하여 향촌으로 다니면서 불을 놓아 인민을 겁략하고 재물을 탈취하거늘 약안이 속히 피하여 수풀 사이로 들어가니 인적이 고요하고 다만 옛 절이 있거늘 그 절 가운데 숨어서 상제께 가만히 빌어 가로되,
‘원컨대 신력을 빌어 나라의 환란을 구원하고 적국의 원수를 갚게 하옵소서.’
하며 무수히 축원하더니 이 때 영국 군병은 벌써 가고 촌려가 안정하거늘 약안이 그 절로 나와 길을 찾더니 그 절 뒤에 한 화원이 있는데 화류는 꽃다움을 다투고, 꾀꼬리는 풍경을 희롱하는지라. 약안이 경개를 사랑하여 화원중에 들어가 이리 저리 구경하더니 홀연 어디서 약안을 불러 가로되,
“약안아, 네가 너무 한 흥을 타 방탕히 놀지 마라.”
하거늘 약안이 깜짝 놀라 사면을 살펴보았으나 사람의 그림자도 없는지라. 정히 의심하여 머리를 들어 보니 홀연 공중에 황금빛이 찬란하며 채색 기운이 영롱한데 구름 속에 무수한 천신이 공중에 둘러서고 그 중에 세 분 천신이 서서 옥관 홍포로 기상이 엄숙한데 약안을 크게 불러 가로되,
“법국에 장차 큰 난이 있을지라. 네가 마땅히 구원하라.”
약안이 다시 천신의 앞에 엎드려 고하되,
“소녀는 본래 촌가 여자라. 어찌 하여야 군사를 얻어 전장에 나아가게 되오며 또한 법국의 난이 어느 날 평정하오리까? 소녀의 지원이 백성을 위하여 재앙을 구제하고 나라의 원수를 갚아 주권을 회복하고자 하오니 바라건대 상제께서 일일이 지시하여 도와주옵소서.”
천신이 이르되,
“너는 근심치 말라. 이 다음 자연 알 날이 있을 것이니 그 때 되거든 라비로 장군의 휘하로 들어가면 좋은 기회가 생기리라.”
하고 말을 마치매 별안간에 금광이 얼른하며 곧 보이지 아니하는지라. 대저 법국이 영국과 해마다 싸움을 쉬지 아니하므로 궁촌 농부라도 영국의 원수 됨을 다 아는지라. 약안이 어려서부터 부모의 항상 일컫는 말을 듣고 심중으로 또한 나라의 부끄럼을 씻고자 하여 날마다 상제께 가만히 축원하기를,
‘장래 나라를 위하여 원수를 설치하고 백성을 구제하게 하옵소서.’
하여 칠팔 년을 일심으로 비는 고로 그 정성이 맺혀 하늘이 감동하여 약안의 눈에 천신이 나타나심이라. 약안이 황홀하여 마음속에 생각하되,
‘이것이 혹 꿈인가’
하더니 그 후에도 누차 천신이 눈에 완연히 보이고 이같이 부탁이 정령한지라. 약안이 생각하되,
‘천신께서 저렇게 누누이 분부하시니 필연 나라에 큰 난이 있을지니 내 마땅히 구하리라’ 하고 일로 부터 나라 원수 갚기를 스스로 책임 삼아 혹 군기도 전습하며 혹 목장에 나아가 말도 달리며 총과 활도 배우니 부모는 여아의 이러한 거동을 보고 심히 근심하며 염려하여 매양 금지하되 이미 뜻이 굳어 암만 권하여도 듣지 아니할 줄 짐작하고 어찌할 수 없어 그대로 두더라. 그 동리 사람은 모두 약안더러 미친 여자라 지목하되, 약안은 추호도 뜻을 변치 않고 동리 사람더러 이르되,
“내 이미 상제의 명을 받았노라.”
하매 듣는 이가 해연히 웃고 이상히 알더라.
오늘 문무재주를 배움은 정히 다른 때 국민의 난을 구제코자 함이로다.

제이회


차설. 이 때 법국과 좁은 바닷물 하나를 격하여 이웃한 나라는 곧 영국이라. 이 두 나라가 백년 이래로 원수가 되어 날마다 싸움을 일삼는지라. 서력 일천삼백삼십팔 년부터 영국 왕 의덕화 제 삼세가 법국왕 비립 제 육으로 더불어 격렬서의 싸움이 있고 그 후 일천삼백오십육 년에 영국 흑태자가 법국과 파이다에서 크게 싸워 법국 왕 사이 제 사 악한을 사로잡고 기후 사오 년에 법국 사이왕 제 오가 영국과 싸우다가 패하여 땅을 베어 주고 배상을 물어 준 후에 화친하였더니 이 때 법국은 정부에 두 당파가 있는데 하나는 애만랍 당이니 왕실을 붙들고자 하고 또 하나는 불이간 당이니 영국과 잠통하여 법국을 해롭게 하니 이 두 당패가 서로 내란을 일으킴으로 영국 현리 왕 제 오가 이 기회를 타서 법국과 싸워 법병이 대패하더니 일천사백십칠 년에 또 영국 왕이 법국을 대패하고 약조를 정하되 법국 왕의 딸 가타린으로 영국 현리 왕 제 오의 왕비를 삼아 법국 왕을 겸하게 하고 파리성에 들어가 법국 사이 왕 제 육을 폐하고 법국을 통할할 새 이 때 법국 북방의 모든 고을은 다 영국에 복종하되 오직 남방의 제성이 영국에 항복치 않고 법국 태자 사이 제 칠을 세워 영국을 항거하더니 일천사백이십팔 년에 영국이 또 대병을 일으켜 법국 남방을 소탕코자 하여 영국 해협 지방으로부터 법국 지경까지 수백 리를 정기가 공중에 덮이고 칼과 창은 일월을 희롱하는지라. 수륙으로 일시에 지쳐 들어오며 라아로하를 건너 남방 지경을 침범하나 이 때 법국의 왕은 남방으로 도망하고 법국 서울 파리성과 그 남은 성은 다 영국의 땅이 된지라. 법국이 아무리 누만 정병을 조발하여 영국과 싸우나 군사의 용맹과 무예의 날램이 영국을 당치 못하고 장수도 영국 같이 지용이 겸비한 자가 없을 뿐더러 또한 법국의 정부 대관은 다 영국의 지휘를 받음으로 법국 왕이 남방에 파천하여 몸을 용납할 땅이 없으니 이러므로 법국 병이 싸울 뜻이 없고 각자 도생하여 전국이 거의 영국 영토가 될 지경이요, 전국 인민은 다 외국의 노예와 개와 돼지 됨을 부끄러운 욕이 되는 줄 모르고 하루라도 구차히 목숨 보전한 것만 다행으로 아니 만약 남방만 아니라면 법국의 성명이 어찌 오늘까지 전하리오. 이 때 오직 남방의 몇몇 고을이 남아 법국 왕을 보호하니 그 곳에 유명한 성 이름은 아리안 성이라. 그 성은 라아로하의 북편에 지경하여 남방 인후가 되고 제일 험요한 성이니 하수 북편 언덕에 있어 남편 언덕과 중간에 큰 다리를 놓고 서로 항상 왕래하는데 그 다리 남편은 허다한 성곽과 포대를 쌓고 다리를 막아 적병을 방비하니 그 다리 이름은 교두보요, 그 다리 위에 두 낱 석탑이 있으니 이름은 지미로니 북편으로부터 탑까지 이르는데 전혀 흙과 돌로 쌓아 극히 견고하고 험하며 또 탑의 남편에 나무다리를 놓아 각처에 왕래하니 교두보와 지미로 두 곳에 엄중한 군사를 두어 적병을 방비하므로 아리안 성은 이러한 험요 성책을 믿고 죽을힘을 다하여 지키더니 이 때 영국 대장 사비리가 아리안 성의 험함을 보고 한 계책을 생각하되,
‘이 성은 급히 파할 수 없으니 우리 각처 군졸을 모두 모아 힘을 합하여 먼저 지미로 성을 파함만 같지 못하다.’
하고 제장을 불러 일제히 지미로를 에우고 이 해 시월 이십삼 일에 계교를 내어 밤중에 지미로 성을 파하매 그 탑 위에 대포를 걸고 성 아래에 있는 인민의 집을 몰수이 소화하며 험한 곳을 영병이 점령하여 아리안을 치나 성 중에 있는 법국 장졸은 죽기로 지키매 아무리 쳐도 성을 깨치지 못하고 영국 대장 사비리가 화살에 맞아 죽는지라. 영국이 다시 새가로 장군으로 원수를 삼아 주야로 공격하여 수월을 지내되 파하지 못하고 장구히 에워 구원을 끊고 성중 장졸이 먹지 못하면 자연 항복하리라 하고 성 밖에 흙을 쌓아 높은 산을 성과 같이 하고 여섯 곳 돈대 위에 대포를 걸고 날마다 치니 이때는 서력 일천사백이십구 년 정월이라. 아리안 성 중에 물샐 틈이 없게 에워싸고 비조라도 통치 못하게 하니 다른 곳 법국 군사가 와서 구원코자 하나 어찌 능히 들어오리오. 이 때 아리안 근처에 사는 용맹 있는 장사들이 수천 명 용사를 뽑아 아리안 성을 구원코자 하다가 영국 군병에게 패한 바가 되어 여간 양초와 창포 등속만 다 적국에게 빼앗기고 아무 효험이 없으니 이른바 계란으로 돌을 때림이라. 어찌 영국의 병졸을 당하리오. 성 중에 있는 장졸들이 모두 의기가 저상하고 형세가 날로 축하니 그 곤란한 정형을 이루 다 측량하리오. 혹은 말하되 ‘차라리 일찍 항복하여 온 성 중에 있는 생명이나 구하는 것이 가하다’ 하고 혹은 ‘차라리 죽을지언정 어찌 차마 항복하리오’ 하되 항복코자 하는 편이 많은지라. 그러나 성 중에 있는 법국 대장 비호로 공작은 원래 성명이 있는 사람이라 항복코자 하는 말을 크게 논박하므로 감히 발설치 못하고 죽기로 지키자 하니 슬프다. 이 때 아리안 성은 도마 위에 살점이요, 가마 안에 고기라 어찌 위태하지 않으리오. 옛적 우리나라 고구려 시대에 당 태종의 백만 군병을 안시성 태수 양만춘이 능히 항거하여 백여 일을 굳게 지키다가 마침내 당병을 물리치고 평양성을 보전하였으며 수양제의 백만 병은 을지문덕의 한 계책으로 전군이 함몰케 하였으며 고려 강감찬은 수천 병으로 거란 소손녕의 삼십만 병을 물리치고 송경을 보전하였으니 알지 못할지라. 법국은 이때에 양만춘, 을지문덕, 강감찬 같은 충의 영웅이 뉘 있는고. 정히 이 처량한 빛만 눈에 가득하거늘 중류지주에 의기인이 뉘 있는가.",화설. 오백여 년 전에 구라파주 법란서국 아리안 성 지방에 한 마을이 있으니 이름은 동이미라. 그 땅이 궁벽하여 인가가 드물고 농사만 힘쓰는 집뿐이라. 그 중에 한 농부가 있으니 다만 부처 두 식구가 일간 초옥에 있어 가세가 빈한하므로 양을 쳐서 생업하더니 서력 일천사백십이 년 정월에 마침 한 딸을 낳으니 용모가 단아하고 천성이 총명하여 영민함이 비할 데 없으니 부모가 사랑하여 이름을 약안아이격이라 하더니 약안이 점점 자라매 부모에게 효순하며 한번 가르치면 모르는 것이 없으며 또한 상제를 믿어 성경을 항상 읽으며 학문에 능통한지라. ,3622
야앵(夜櫻),김유정,"야앵(夜櫻)


향기를 품은 보드라운 바람이 이따금씩 볼을 스쳐 간다. 그럴 적마다 꽃잎새는 하나 둘, 팔라당팔라당 공중을 날며 혹은 머리 위로 혹은 옷고름에 사뿐 얹히기도 한다. 가지가지 나무들 새에 낀 전등도 밝거니와 그 광선에 아련히 비치어 연분홍 막이나 벌여논 듯, 활짝 피어 벌어진 꽃들도 곱기도 하다.
‘아이구! 꽃도 너무 피니까 어지럽군!’
경자는 여러 사람들 틈에 끼여 사쿠라나무 밑을 거닐다가 우연히도 콧등에 스치려는 꽃 한 송이를 똑 따들고 한번 느긋하도록 맡아 본다. 맡으면 맡을수록 가슴속은 후련하면서도 저도 모르게 취하는 듯싶다. 둬서너 번 더 코에 들이대다가 이번에는,
“얘! 이 꽃 좀 맡아 봐.”
하고 옆에 따르는 영애의 코밑에다 들이대고,
“어지럽지?”
“어지럽긴 뭬가 어지러워, 이까짓 꽃 냄새 좀 맡고!”
“그럴 테지!”
경자는 호박같이 뚱뚱한 영애의 몸짓을 한번 훔쳐보고 속으로 저렇게 디룩디룩하니까 코청도 아마, 하고는,
“너는 꽃두 볼 줄 모르는구나!”
혼자말로 탄식하지 않을 수 없었다.
“그래 내사 꽃 볼 줄 몰라, 얘두 그럼 왜 이렇게 창경원엘 찾아왔드람?”
하고 눈을 똑바로 뜨니까,
“얘! 눈 무섭다, 저리 치워라.”
하고 경자는 고개를 저리 돌리어 웃음을 날려 놓고,
“눈만 있으면 꽃 보는 거냐, 코루 냄새를 맡을 줄 알아야지.”
“보자는 꽃이지 그럼, 누가 애들같이 꺾어 들고 그러디.”
“넌 아주 모르는구나. 아마 교양이 없어서 그런가 부다. 꽃은 이렇게 맡아 보고야 비로소 좋은 줄 아는 거야!”
하면서 경자는 짓궂게 아까의 그 꽃송이를 두 손바닥으로 으깨어 가지고는 다시 맡아 보고,
“아! 취한다, 아주 어지럽구나!”
그러나 영애는 거기에는 아무 대답도 아니 하고,
“얘! 쥔놈이 또 지랄을 하면 어떡허니?”
하고 그 왁살스러운 대머리를 생각하며 은근히 조를 비빈다.
“얘! 듣기 싫다. 별소릴 다 하는구나, 그까짓 자식 지랄 좀 하거나 말거나.”
“그래도 아홉 점 안으로 다녀온댔으니까 약속은 지켜야 할 텐데…….”
하고 팔을 들어 보고는 깜짝 놀라며,
“벌써 아홉 점 칠분인데!”
“열점이면 어때? 카페 여급이면 뭐 즈 집서 기르는 개돼진 줄 아니? 구경헐 거나 허구 가면 그만이지.”
경자는 이렇게 애꿎은 영애만 쏘아박고는 새삼스레 생각난 듯이 같이 왔던 정숙이를 찾아보았다.
정숙이는 어느 틈엔가 저만치 떨어져서 홀로 걸어가고 있었다. 어른의 손에 매달리어 오고 가는 어린아이들을 일일이 살펴보며 귀여운 듯이 어떤 아이는 머리까지 쓰다듬어 본다. 마는, 바른손에 꾸겨 든 손수건을 가끔 얼굴로 가져가며 시름없이 걷고 있는 그 모양이 심상치 않고,‘저게 눈물을 짓는 것이 아닌가? 정숙이가 왜 또 저렇게 풀이 죽었을까? 아마도 아까 주인녀석에게 말대답하다가 패랑패랑한 여자라구 사설을 당한 것이 분해 저러는 게 아닐까? 그러나 정숙이는 그렇게 맘 좁은 사람은 아닐 텐데…….’ 
하고 경자는 아리송한 생각을 하다가 떼로 몰리는 어른 틈에 끼여 좋다고 방싯거리는 알숭달숭한, 어린애들을 가만히 바라보고야 아하, 하고 저도 비로소 깨달은 듯싶었다.
계집아이의 등에 업히어 밤톨만한 두 주먹을 내흔들며 낄낄거리는 어린애도 귀엽고 어머니 품에 안기어 장난감을 흔드는 어린애도 또한 귀엽다.
한 손으로 입에다 빵을 꾸겨 넣으며 부지런히 따라가는 양복 입은 어린애…….
아버지 어깨에 두 다리를 걸치고 걸터앉아 ‘말 탄 양반 끄떡!’ 하는 상고머리 어린애…….
이런 번화로운 구경은 처음 나왔는지 어머니의 치마 속으로 기어들려는 노랑 저고리에 쪼그만 분홍 몽당치마…….
“쟤! 영애야! 아마 정숙이가 잃어버린 딸 생각이 또 나나 보지? 저것 좀 봐라, 자꾸 눈물을 씻지 않니?”
“글쎄.”
영애는 이렇게 엉거주춤히 받고는 언짢은 표정으로 정숙이의 뒷모양을 이윽히 바라보다가,
“요새론 더 버쩍 생각이 나나 보더라. 집에서도 가끔 저래.”
“애 좀 잃어버리고 뭘 저런담, 나 같으면 도리어 몸이 가뜬해서 좋아하겠다.”
“어째서 제가 난 아이가 보고 싶지 않으냐? 넌 아직 애를 못 나봐서 그래.”
하고 영애는 바로 제 일같이 펄쩍 뛰었으나 앞뒤 좌우에 삑삑히 사람들이매 혹시 누가 듣지나 않았나, 하고 좀 무안스러웠다. 그는 제 주위를 흘끔흘끔 둘러본 다음 경자의 곁으로 바싹 다가서며,
“네 살이나 먹여 놓고 잃어버렸으니 왜 보고 싶지 않으냐? 그것도 아주 죽었다면 모르지만 극장 광고 돌리느라고 뿡빵대는 바람에 쫓아 나간 것을 누가 집어갔어, 그러니 애통을 안 하겠니?”
“오, 그래! 난 잃어버렸다게 아주 죽은 줄 알았구나, 그러면 수색원을 내지 그래 왜?”
“수색원 낸 진 벌써 이태나 된다나.”
“그래두 못 찾았단 말이지? 가만있자.”
하고 눈을 깜박거리며 무엇을 한참 궁리해 본 뒤에,
“그럼 걔 아버지가 누군질 정숙이두 모르겠구먼?”
“넌 줄 아니, 모르게?”
영애가 이렇게 바삭스리 단마디로 쏘아붙이는 통에 경자는 암말 못 하고 그만 얼굴이 빨개졌다.
‘애두! 누긴 갠 줄 아나? 아이 망할 년 같으니! 이년 떼 내던지고 혼자 다닐까 부다.’
하고 경자는 골김에 도끼눈을 한번 떠봤으나 그렇다고 저까지 노하긴 좀 어색하고 해서 타이르는 어조로,
“별 애두 다 본다, 네 대답이나 했으면 고만이지 고렇게 톡 쏠 건 뭐 있니?”
그리고 고개를 숙이고 한 대여섯 발 옮겨 놓다가 다시 영애 쪽을 돌아보며,
“지금 정숙이는 혼자 살지 않어? 그럼 걔 아버지는 가끔 만나 보긴 허나?”
“난 몰라.”
“좀 알면 큰일 나니, 모른다게? 너 한집에 같이 있고 그리고 정숙이허구 의형제까지 한 애가 그걸 모르겠니?”
경자는 발을 딱 멈추고 업신여기는 눈초리로 영애를 쏘아본다. 빙충맞은 이년하고는 같이 다니지 않아도 좋다고 생각한 때문이었다.
하나 영애가 먼점에는 좀 비쌨으나 불리한 저의 처지를 다시 깨닫고,
“헤어진 걸 뭘 또 만나니? 말하자면 언니가 이혼해서 내던진걸.”
하고 고분히 숙어드니까,
“그럼 말이야, 가만있자.”
하고 경자는 눈을 째긋이 감아 보며 아까부터 해오던 저의 궁리에 다시 취하다가,
“그럼 말이야, 그 애를 걔 아버지가 집어가지 않았을까?”
이렇게 아주 큰 의견이나 틘 듯이 우좌스레 눈을 희번덕인다.
“그건 모르는 소리야, 걔 아버지란 작자는 자식이 귀여운지 어떤지도 모르는 사람이란다. 아내를 사랑할 줄 알아야 자식이 귀여운 줄도 알지.”
“그럼 아주 못된 놈을 얻었었구나?”
“못되구 말구 여부 있니. 난 직접 보질 못해 모르지만 정숙이 언니 얘기를 들어 보면 고생두 요만조만 안 했나 보더라. 집에서 아내는 먹을 것이 없어서 굶고 앉았는데 이건 젊은 놈이 밤낮 술이래. 저두 가난하니까 어디 술 먹을 돈이 있겠니. 아마 친구들 집을 찾아가서 이래저래 얻어먹구는 밤중이 돼서야 비틀거리고 들어오나 보더라. 그런데 집에 들어와서는 아내가 뭐래두 이렇다 대답 한마디 없고 벙어리처럼 그냥 쓰러져 잠만 자. 그뿐이냐, 집에 붙어 있기가 왜 그렇게 싫은지 아침 훤해서 나가면 밤중에나 들어오고 또 담날도 훤해 나가곤 헌대. 그러니까 아내는 그걸 붙들고 앉아서 조용히 말 한마디 해볼 겨를이 없지. 살림두 그렇지, 안팎이 손이 맞아야 되지 혼자 애쓴다구 되니? 그래 오죽해야 정숙이 언니가…….”
하다가 가만히 생각해 보니 남의 신변에 관한 일을 너무 지껄여 논 듯싶다. 이런 소리가 또 잘못해서 그 귀에 들어가면 어쩌나 하고 좀 좌지가 들렸으나 그렇다고 이왕 꺼낸 이야기, 도중에서 말기도 입이 가렵고 해서,
“너 괜히 이런 소리 입 밖에 내지 마라.”
“내 왜 미쳤니, 그런 소릴 허게.”
하고 철석같이 맹세를 하니까,
“그래 오죽해야 정숙이 언니가 아주 멀미를 내다시피 해서 떼 내던졌어요. 방세는 내라구 조르고 먹을 건 없고 어린애는 보채고 허니 어떻게 사니. 나 같으면 분통이 터져서 죽을 노릇이지. 그래서 하루는 잔뜩 취해 들어온 걸 붙들고 앉아서 이래선 당신하구 못 살겠수, 난 내대로 빌어먹을 터이니 당신은 당신대로 어떡헐 셈 대구 내일은 민적을 갈라 주. 조금도 화도 안 내고 좋은 소리루 그랬대. 뭐 화두 낼 자리가 따루 있지 그건 화를 낸댔자 아무 소용이 없으니까. 그리고 어린애는 아직 젖먹이니까 에미 품을 떨어져서는 못 살 게니 내가 데리구 있겠소, 그랬더니 그날은 암말 않고 그대로 자고는 그 담날부터는 들어오질 않더래. 별것두 다 많지? 그리고 나달 후에는 엽서 한 장이 왔는데 읽어 보니까 당신 원대로 인제는 이혼 수속이 다 되었으니 당신은 당신 갈 데로 가시오, 하고 아주 뱃심 좋은 편지래지. 그러니 이 따위가 자식새끼를 생각하겠니? 아내 떼버리는 게 좋아서 얼른 이혼해 주고 이렇게 편지까지 헌 놈이…….”
“그렇지 그래, 그런데 사내들은 제 자식이라면 눈깔을 까뒤집고 들이덤비나 보던데…… 그럼 이건 미환 게로구나?”
“미화다마다! 그래 정숙이 언니도 매일같이 바가질 긁다가도 그래도 들은 둥 만 둥하니까 나중에는 기가 막혀서 말 한마디 안 나온다지. 그런데 처음에는 그렇지도 않았대. 순사 다닐 때에는 아주 뙤롱뙤롱하고 점잖은 것이 그걸 내떨리고 나서 술을 먹고 그렇게 바보가 됐대요. 왜 첨에야 의두 좋았지. 아내가 병이 나면 제 손으로 약을 대려다 바치고 대리미도 붙들어 주고 이러던 것이 그만 바보가…… 그 후로 삼 년이나 되건만 어디 가 죽었는지 살았는지 소식도 들어 보질 못하겠대.”
“아주 바본 게로군? 허긴 얘! 바볼수록 더 기집에게 받치나 보더라, 왜 저 우린 쥔녀석 좀 봐, 얼병이같이 어릿어릿하는 자식이 그래도 기집애 꽁무니만 노리고 있지 않아?”
“글쎄 아마 그런가 봐. 그런 것한테 걸렸다간 아주 신세 조질걸? 정숙이 언니 좀 봐. 좀 가여운가. 게다 그 후 일 년두 채 못 돼서 딸까지 마저 잃었으니. 넌 모르지만 카페로 돌아다니며 벌어다가 모녀가 먹고 살기에 고생 묵찐히 했다. 나갈 때마다 쥔여편네에게 어린애 어디 가나 좀 봐달라구 신신부탁은 허나 어디 애들 노는 걸 일일이 쫓아다니며 볼 수 있니?”
“그건 또 있어 뭘 하니? 외려 잘 됐지.”
“그러나 애 어머니야 어디 그러냐?”
하고 툭 찼으나 남의 일이고 밑천 드는 것이 아닌 걸 좀더 지껄이지 않고는 속이 안심치 않다. 그는 경자 귀에다 입을 들이대고 몇만 냥짜리 이야기나 되는 듯이 넌지시,
“그래서 우리 집 주인 마나님이 어디 다른 데 중매를 해줄 터이니 다시 시집을 가보라구 날마다 쑹쑹거려두 언니가 말을 안 들어. 한번 혼이 나서 서방이라면 진절머리가 난다구…….”
하고 안 해도 좋을 소리를 마저 쏟아 놓았다.
“그럴 거 뭐 있어? 얻었다가 싫으면 또 차 내던지면 고만이지.”
“말이 쉽지 어디 그러냐? 사내가 한번 달라붙으면 진드기 모양으로 어디 잘 떨어지니. 너 같으면 혹…….”
하고 은연히 너와 정숙이 언니와는 번히 사람이 다르단 듯이 입을 삐쭉했으나 경자가 이 눈치를 선뜻 채고 저도 뒤둥그러지며,
“암 그럴 테지! 넌 술 취한 손님이 앞에서 소리만 뻑 질러도 눈물이 글썽글썽하는 바보가 아니냐? 그러니 남편한테 겁도 나겠지. 허지만 그게 다 교양이 없어서 그래.”
이렇게 밸을 긁는 데는 큰 무안이나 당한 듯싶어 얼굴이 빨개지며 짜장 눈에 눈물이 핑 돌지 않을 수가 없다.
‘망할 년, 그래 내가 바보야? 남의 이야기는 다 듣고 고맙단 소리 한마디 없이, 망할 년! 학교는 얼마나 다녔다구 밤낮 저만 안다지. 그리고 그 교양인가 빌어먹을 건 어서 들은 문자인지 건듯하면, 넌 교양이 없어서 그래? 말대가리같이 생긴 년이 저만 잘났대.’
영애는 속으로 약이 바짝 올랐으나 그렇다고 겉으로 내대기에는 말솜씨로든 그 위풍으로든 어느 모로든 경자한테 달린다. 입문을 곧 열었으나 그러나 주저주저하다가,
“남편이 무서워서 그러니? 애두! 왜 고렇게 소견이 없니? 하루라도 같이 살던 남편을 암만 싫더라두 무슨 체모에 너 나가라고 그러니?”
“체모? 흥! 어서 목말라 죽은 것이 체모야?”
하고 콧등을 흥흥 하고 울리니까,
“너는 체모도 모르는구나! 아이 별 아이두! 그게 교양이 없어서 그래.”
하고 때는 이때라고 얼른 그 ‘교양’을 돌려대고 써먹어 보았다.
경자는 저의 ‘교양’을 제법 무난히 써먹는 데 자존심이 약간 꺾이면서,
‘이년 보레! 내가 쓰는 걸 배워 가지고 그래 내게 도루 써먹는 거야? 시큰둥헌 년! 제가 교양이 뭔지나 알고 그러나?’
하고 모로 슬며시 눈을 흘겼으나 그걸 가지고 다투긴 유치하고,
“체모는 다 뭐야, 배고파도 체모에 몰려서 굶겠구나? 애두! 배우지 못헌 건 참 헐 수 없어!”
“넌 요렇게 잘 뱄니? 그래서 요전에 주정꾼에게 비루(맥주) 세례를 받았구나?”
“뭐? 내가 비루 세례를 받건 말건 네가 알 게 뭐야? 건방지게 이년이 누길.”
하고 그 팔을 뒤로 홱 잡아채고 그리고 색색거리며 독이 한창 오르려 하였을 때, 예기치 않고 그들은 얼김에 서로 폭 얼싸안고 말았다. 인적이 드문 외진 이 구석, 게다가 그게 무슨 놈의 짐승인지 바로 언덕 위에서 이히히히, 하고 기괴하게 울리는 그 울음소리에 그만 온 전신에 소름이 쪽 끼치는 것이다.
그들은 정숙이에게로 힁허케 따라가며,
“아 무서워! 얘 그게 무어냐?”
“글쎄 뭘까…… 아주 징그럽지?”
이렇게 서로 주고받으며 어린애같이 마주 대고 웃어 보인다.
경자는 정숙이 곁으로 바짝 붙으며,
“정숙이! 다리 아프지 않어? 우리 저 식당에 가서 좀 앉았다가 돌아서 나가지?”
“그럴까!”
정숙이는 아까부터 그만 나가고 싶었으나 경자가 같이 가자고 굳이 붙잡는 바람에 건성 따라만 다녔다. 이번에는 경자가 하자는 대로 붐비는 식당으로 들어가 자리를 잡았을 때 골머리가 아찔하고 아무 생각도 없었으나,
“우리 사이다나 먹어 볼까?”
하고 묻는 그대로,
“아무거나 먹지.”
하고 좋도록 대답하였다.
그들은 사이다 세 병과 설고 세 개를 시켜 놓았다.
경자는 사이다 한 컵을 쭉 들이켜고 나서,
“영애야! 너 아까 보자는 꽃이라고 그랬지? 그럼 말이야, 그림 한 장을 사다 걸구 보지 애써 여기까지 올 게 뭐냐?”
하고 아까부터 미결로 온 그 문제를 다시 건드린다. 마는 영애는 저 먹을 것만 천천히 먹고 있을 뿐으로 숫제 받아 주질 않는다. 억설쟁이 경자를 데리고 말을 주고받다간 결국엔 제가 곱는 것을 여러 번 경험하고 있다. 나중에는 하 비위를 긁어 놓으니까 할 수 없이 정숙이 쪽으로 고개를 돌리며,
“언니는 어떻게 생각허우? 그래 보자는 꽃이지 꺾어 들구 냄새를 맡자는 꽃이우? 바루 그럴 양이면 향수를 사다 뿌려 놓고 들엎디었지 왜 예까지 온담?”
하고 응원을 청할 수밖에 없었다.
그러나 정숙이는 처음엔 무슨 소린지 몰라서 얼떨하다가,
“난 그런 거 모르겠어.”
하고 울가망으로 씀씀이 받고 만다.
영애는 잇속없이 경자에게 가끔 쪼여 지내는 자신을 생각할 때 여간 야속하지 않다. 연못가로 돌아 나오다 경자가 굳이 유원지에 들어가 썰매 한번 타보고 가겠다 하므로 따라서 들어가긴 하였으나 그때까지 말 한마디 건네지 않았다. 뿐만 아니라 경자가 마치 망아지 모양으로 껑충거리며 노는 걸 가만히 바라보고는,
‘에이 망할 계집애두! 저것두 그래 계집애년이람?’
하고 속으로 손가락질을 않을 수 없다.
유원지 안에는 여러 아이들이 이리 몰리고 저리 몰리고 하였다. 부랑코(그네)에 매어달렸다가 그네로 옮겨 오고 그네에서 흥이 지면 썰매 위로 올라온다.
그 틈에 끼여 경자는 호기 있게 썰매를 한번 쭈욱 타고 나서는 깔깔 웃었다. 그리고 다시 기어 올라가서 또 찌익 미끄러져 내릴 때 저편 구석에서,
“저 궁뎅이 해진다!”
하고 손뼉을 치며 껄껄거리고 웃는 것이다.
경자는 치마를 털며 일어서서 그쪽을 바라보니 열칠팔밖에 안 돼 보이는 중학생이 셋이 서서 이쪽을 향하여 웃고 있다. 분명히 그 학생들이 히야까시를 하였음에 틀림없었다.
경자는 날카로운 음성으로 대뜸,
“어떤 놈이냐? 내 궁덩이 해진다는 놈이…….”
하고 쏘아붙이며 영애가 말림에도 듣지 않고 달려들었다.
철없는 학생들은 놀리면 달아날 줄 알았지 이렇게까지 독수리처럼 대들 줄은 아주 꿈밖이었다. 모두 얼떨떨해서 암말 못 하고 허옇게 닦이다가,
“우리가 뭐랬다고 그러세요?”
혹은,
“우리끼리 이야기하고 웃었는데요.”
이렇게 밑빠진 구멍에 물을 채우려고 땀이 빠진다. 마는 경자는 좀체로 그만두려지 않고,
“학생이 공부는 안 하구 남의 여자 히야까시하러 다니는 게 일이야.”
하고 그중 나이 찬 학생의 얼굴을 벌겋게 달궈 놓는다. 이 서슬에 한사람 두사람 구경꾼이 모이더니 나중에는 삑 둘리어 성이 되고 말았다.
어떤 이는 너무 신이 나서,
“암, 그렇지 그래 잘한다!”
하고 소리를 내지르기도 하고, 또는,
“나이 어려 그렇지요, 그쯤 하고 그만두십시오.”
하고 뜯어말리는 사람…….
그러나 정숙이는 이편에 따로 떨어져 우두커니 서서는 제 앞만 바라보고 있었다.
거기에는 대여섯 살 될지 말지 한 어린아이 둘이 걸상에 마주 걸터앉아서 그네질을 하며 놀고 있다. 눈을 뚝 부릅뜨고 심술궂게 생긴 그 사내아이도 귀엽고 스스러워서 눈치만 할금할금 보는 조선옷에 단발한 그 계집애도 또한 귀엽다. 바람이 불 적마다 단발머리가 보르르 날리다가는 사뿟 주저앉는 그 모양은 보면 볼수록 한번 담싹 껴안아 보고 싶은 생각이 간절하였다.
‘우리 모정이두 그대루 컸다면 조만은 하겠지!’
그리고 정숙이는 여태껏, 어딘가 알 수 없이 모정이와 비슷비슷한 어린 계집애를 벌써 여남은이나 넘어 보아 오던 기억이 난다. 요 계집애두 어쩌면 그 눈매며 입모습이 모정이같이 고렇게 닮았는지. 비록 살은 포들포들히 오르고 단발은 했을망정 하관만 좀 길다 하고 그리고 어디 가 엎어져서 상처를 얻은 듯싶은 이마와 그 흠집만 없었더라면 어지간히 같을 뻔도 하였다, 하고 쓸쓸히 웃어 보다가,
‘남이 우리 모정이를 집어간 것 마찬가지로 고런 계집애 하나 훔쳐다가 기르면 고만 아닌가?’
이렇게 요즈음 가끔 하여 보던 그 무서운 생각을 다시 하여 본다.
정숙이는 갖은 열성과 애교를 쏟아 가며 허리를 구부리어,
“얘! 아가야! 너 몇 살이지?”
하고 손으로 단발머리를 쓸어 본다.
계집애는 낯선 사람의 손을 두려워함인지 두 눈을 말똥히 뜨고 쳐다만 볼 뿐으로 아무 대답도 없었다. 그러다 손이 다시 들어와,
“아이 참! 우리 애기 이뻐요! 이름이 뭐지?”
하고 또 머리를 쓰다듬으면 이번에는 마치 모욕이나 당한 사람같이 어색하게도 비슬비슬 일어서더니 저리로 곧장 달아난다.
정숙이는 낙심하여 쌀쌀한 애도 다 많군, 하고 속으로 탄식을 하며 시선이 그 뒤를 쫓다가 이상도 하다고 생각하였다. 거리가 좀 있어 똑똑히는 보이지 않으나마 병객인 듯싶은 흰 두루마기에 중절모를 눌러 쓴 한 사나이가 괴로운 듯이 쿨룩거리고 서서 앞으로 다가오는 계집애와 이쪽을 번갈아 가며 노려보고 있었다. 얼뜬 보기에 후리후리한 키며 구부정한 그 어깨가, 정숙이는 사람의 일이라 혹시 하면서도 그러나 결코 그럴 리는 천만 없으리라고 혼자 이렇게 또 우기면서도 저도 모르게 앞으로 몇 걸음 걸어나간다. 시나브로 거리를 접어 가며 댓 걸음 사이를 두고까지 아무리 고쳐서 뜯어보아도 그는 비록 병에 얼굴은 꺼졌을망정, 그리고 몸은 반쪽이 되도록 시들었을 망정 확실히 전일 제가 떼어 버리려고 민줄대던 그 남편임에 틀림없고…….
“아이, 당신이?”
정숙이는 무슨 말을 하려는지 저도 모르고 이렇게 입을 벌렸으나 그 다음 말이 나오지를 않았다. 원수같이 진저리를 치던 그 사람도 오랜만에 뜻없이 만나고 보니까 이상스레도 더한층 반가웠다. 한참 멍하니 바라만 보다가 더 참을 수가 없어서,
“그 동안 서울 계셨어요?”
하고 간신히 입을 열었다.
사나이는 고개를 저리 돌리고 외면한 그대로,
“이리저리 돌아다녔습니다.”
하고 활하게 대답하였다. 그리고는 반갑다는 기색도 혹은 놀랍다는 기색도 그 얼굴에는 아무 표정도 찾아볼 수가 없었다.
정숙이는 무엇보다도 먼저 그 앞에 푹 안긴 그 단발한 계집애가 모정이인지 아닌지 그것이 퍽도 궁거웠다. 쭈뼛쭈뼛 손을 들어 계집애를 가리키며,
“얘가 우리 모정인가요?”
하고 물어 보았으나 그는 못 들은 듯이 잠자코 있더니 대답 대신 주먹으로 입을 막고는 쿨룩거린다.
그러나 정숙이는 속으로,
‘저것이 모정이겠지! 입 눈을 보더라도 정녕코 모정이겠지?’
하면서 이 년 동안이란 참으로 긴 세월임을 다시 깨달을 만치 이렇게까지 몰라보도록 될 줄은 아주 꿈밖이었다. 마는 그보다도 더욱 놀라운 것은 자식도 모르는 폐인인 줄 알았더니 그래도 제 자식이라고 몰래 훔쳐다가 이렇게 데리고 다니는 것을 생각하면 그 속은 암만해도 하늘 땅이나 알 듯싶다. 뿐만 아니라 갈릴 때에는 그렇다 소리 한마디 없더니 일년 후에야 슬며시 집어 간 그 속도 또한 알 수 없고…….
‘저것이 정말 귀여운 줄 알까?’
“얘가 모정이지요?”
정숙이는 묻지 않아도 좋을 소리를 다시 물어 보았다. 여전히 사나이는 못 들은 척하고 묵묵히 섰는 양이 쭐기고 맛장수이던 그 버릇을 아직도 못 버린 듯싶었다. 그러나 저는 구지레하게 걸쳤을망정 계집애만은 깨끗하게 옷을 입혀 논 걸 보더라도, 그리고 어미한테서 고생을 할 때보다 토실토실히 살이 오른 그 볼따귀를 보더라도, 정숙이는 어느 편으로든 어미에게 있었던 것보다는 그 아버지가 데려간 것이 애를 위하여는 오히려 천행인 듯싶었다.
정숙이는 사나이에게 암만 물어야 대답 한마디 없을 것을 알고 이번엔 계집애를 향하여,
“얘! 모정아!”
하고 불러 보니 어른 두루마기에 파묻혔던 계집애가 고개를 반짝 든다. 이태 동안이 길다 하더라도 저를 기르던 즈 어미를 이렇게 몰라볼까, 하고 생각해 보니 곧 두 눈에서 눈물이 확 쏟아지며 그대로 꼭 껴안아 보고 싶은 생각이 간절은 하나 그러나 서름히 구는 아이를 그러다간 울릴 것도 같고 해서 엉거주춤히 손만 내밀어 머리를 쓰다듬어 주며,
“얘! 모정아, 너 올해 몇 살이지?”
또는,
“얘! 모정아! 너 나 모르겠니?”
이렇게 대답 없는 질문을 하고 있을 때 저만큼 등 뒤에서,
“정숙이 안 가?”
하고 경자가 달려드는 모양이었다.
“그럼 요즘엔 어디 계세요?”
정숙이는 조급히 그러나 눈물을 머금은 음성으로 애원하다시피 묻다가 의외에도 사나이가 사직동 몇 번지라고 순순히 대답하므로 그제야 안심하고,
“모정이 잘 가거라!”
하고 다시 한 번 쓰다듬어 보고는 경자가 이쪽으로 다가오기 전에 그쪽을 향하여 힘차게 떨어져 간다.
경자는 활갯짓을 하고 걸어가며 신이야 넋이야 오른 어조로,
“내 그 자식들 납작하게 눌러 줬지. 아 내 궁둥이가 해진다는구먼, 망할 자식들이, 내 좀더 닦아셀래다…….”
“넌 너무 그래, 철모르는 애들이 그렇지 그럼 말두 못 하니? 그걸 가지고 온통 사람을 모아 놓고 이 야단이니!”
영애는 경자 때문에 창피스러운 욕을 당한 것이 생각하면 할수록 썩 분하였다.
그런데도 경자는 저 잘났다고 시퉁그러진 소리로,
“너는 그럴 테지! 왜 너는 체모 먹구 사는 사람이냐?”
하고 또 비위를 거슬러 놓다가 저리 향하여,
“정숙이! 아까 그 궐자가 누구?”
“응, 그 사내 말이지? 그전에 나 세들어 있든 집 주인이야.”
정숙이는 이렇게 선선히 대답하고 다시 얼굴로 손수건을 가져간다.
‘자식이 그렇게 귀엽다면 그걸 낳아 놓은 아내두 좀 귀여울 텐데?’
하고 지내 온 일의 갈피를 찾아오다가 그래도 비록 말은 없었다 하더라도 아내도 속으로는 사랑하리라고 굳이 이렇게 믿어 보고 싶었다. 어쩌다 그렇게 되었는지 병까지 든 걸 보면 그 동안 고생은 무던히 한 듯싶고, 그렇다면 전일에 밤늦게 돌아와 쓰러진 사람을 멱살잡이를 하여 일으켜서는 들볶던 그것도 잘못하였고, 술 먹었으니 아침은 그만두라고 하며 마악 먹으려 드는 콩나물죽을 땅으로 내던진 그것도 잘못하였고, 일일이 후회가 날 뿐이었다. 제 아버지를 그토록 푸대접을 하였으니 계집애만 하더라도 어미를 탐탁히 여겨 주지 않는 것이 당연하지 않을까 생각하니 더욱 큰 설움이 복받쳐 오른다. 그러나 내일 아침에는 일찍 찾아가서 전사 일은 모조리 잘못하였다고 정성껏 사과하고, 그리고 앞으로는 암만 굶더라도 찍소리 안 하리라고 다짐까지 둔다면 혹시 사람의 일이니 다시 같이 살아 줄는지 모르리라고 이렇게 조금 안심하였을 때 영애가 팔을 흔들며,
“언니! 오늘 꽃구경 잘 했지?”
“참 잘 했어!”
“꽃은 멀리서 봐야 존 걸 알아, 가찹게 가면 그놈의 냄새 때문에 골치가 아프지 않아. 그렇지만 오늘 꽃구경은 참 잘 했어!”
영애가 경자에게 무수히 쪼이고 게다가 욕까지 당한 것이 분해서 되도록 갚으려고 애를 쓰니까 경자는 코로 흥, 하고는,
‘느들이 무슨 꽃구경을 잘 했니? 참말은 내가 혼자 잘 했다!’
“꽃은 냄샐 맡을 줄 알아야 꽃구경이야! 보는 게 다 무슨 소용이 있어?”
하고 히짜를 뽑다가 정숙이 편을 돌아보니 아까보다 더 뻔질 손수건이 올라간다. 보기에 하도 딱하여 그 옆으로 바싹 붙어 서며 친절히 위로하여 가로되,
“그까짓 딸 하나 잃어버리고는 뭘 그래? 없어지면 몸이 가뜬하고 더 편하지 않어?”
그때 눈 같은 꽃이파리를 포르르 날리며 쌀쌀한 꽃샘이 목덜미로 스며든다.
문간 쪽에서는 고만 나가라고 종소리가 댕그렁댕그렁 울리기 시작하였다.

","향기를 품은 보드라운 바람이 이따금씩 볼을 스쳐 간다. 그럴 적마다 꽃잎새는 하나 둘, 팔라당팔라당 공중을 날며 혹은 머리 위로 혹은 옷고름에 사뿐 얹히기도 한다. ",9030
약한자의 슬픔,김동인,"약한자의 슬픔




가정교사 강 엘리자베트는 가르침을 끝낸 다음에 자기 방으로 돌아왔다. 돌아오기는 하였지만 이제껏 쾌활한 아이들과 마주 유쾌히 지낸 그는 찜찜하고 갑갑한 자기 방에 돌아와서는 무한한 적막을 깨달았다.
‘오늘은 왜 이리 갑갑한고? 마음이 왜 이리 두근거리는고? 마치 이 세상에 나 혼자 남아 있는 것 같군. 어찌할꼬. 어디 갈까. 말까, 아. 혜숙이한테나 가보자. 이즈음 며칠 가보지도 못하였는데.’
그의 머리에 이 생각이 나자, 그는 갑자기 갑갑하던 것이 더 심하여지고 아무래도 혜숙이한테 가보여야 될 것같이 생각된다.
“아무래도 가보여야겠다.”
그는 중얼거리고 외출의를 갈아입었다.
‘갈까? 그만둘까?’
그는 생각이 정키 전에 문 밖에 나섰다. 여학생간에 유행하는 보법(步法)으로 팔과 궁둥이를 전후좌우로 저으면서 엘리자베트는 길로 나섰다.
그는 파라솔을 받은 후에 손수건을 코에 대어서 쏘는 듯한 콜타르 내음새를 막으면서 N통, K정 등을 지나서 혜숙의 집에 이르렀다.
그리 부자라 할 수는 없지마는, 그래도 경성 중류민의 열에는 드는 혜숙의 집은 굉대(宏大)하지는 못하지만 쑬쑬하고 정하기는 하였다.
그 집의 방의 배치를 익히 아는 엘리자베트는 들어서면서 파라솔을 접어서 마루 한편 끝에 놓은 후에,
“너무 갑갑해서 놀러 왔다 얘.”
하면서 혜숙의 방으로 뛰어들어갔다. 그는 들어서면서, 혜숙이가 동모(同某) S와 무슨 이야기를 열심으로 하다가 자기 온 것을 알고 뚝 그치는 것을 알았다.
‘S는 원, 무엇 하러 왔노.’
그는 이유 없는 질투가 마음에서 끓어 나오는 것을 깨달았다.
‘흥, 혜숙이는 S로 인하여 나한테 놀러도 안 오는구만. 너희끼리만 잘들 놀아라.’
혜숙이가 한 번도 자기게 놀러 와 본 때가 없으되 엘리자베트는 이렇게 생각하였다.
“아, 엘리자베트 왔니. 우린 이제껏 네 이야기 하댔지. 그새 왜 안 왔니?”
혜숙이와 S는 동시에 일어나면서, 혜숙이는 엘리자베트의 왼손, S는 바른손을 잡고 주좌(主座)에 끌어다 앉히었다.
엘리자베트는, 아직 십구 세의 소녀이지만 재주와 용자(容姿)로 모든 동창들에게 존경과 일종의 시기를 받고 있었다. 그는 재주로 인하여 아직 통학중이지만 K남작의 집에 유(留)하면서 오후에는 그 집 아이들에게 학과의 복습을 시키고 있었다.
“내 이야기라니 무슨? 내 숭들만 실컷 보고 있었니?”
엘리자베트는, 앉히는 자리에 앉으면서 억지로 성난 것을 감추고 농담 비슷하니 물었다.
혜숙과 S는 의논하였던 것같이 잠깐 서로 낯을 향하였다가 웃음을 억지로 참느라 입을 비죽하니 하고 머리를 돌이켰다.
“내 이야기라니 무슨?”
“네 이야기라니. 저― 그만두자.”
혜숙이가 감춰 두자 엘리자베트는 더 듣고 싶었다. 그는 차차 노기를 외면에 나타내게 되었다.
“내 이야기라니 무엇이야 얘? 안 가르쳐 주면 난 가겠다.”
“네 이야기라니. 저―”
혜숙이는 아까와 같은 말을 한 후에 S와 또 한번 마주 향하여 보았다.
“그럼 난 간다.”
하고 엘리자베트는 일어서려 하였다.
“얘, 가르쳐 줄라. 참말은 네 이야기가 아니고 저─―── 이환(利煥) 씨 이야기.”
말이 끝난 뒤에 혜숙이는 또 한번 S와 낯을 향하였다.
혜숙의 말을 들은 엘리자베트는 노기와 부끄러움과 모욕을 당했다는 감을 함께 머금고 낯을 붉히고 머리를 숙였다.
엘리자베트가 매일 통학할 때에 N통 꺾어진 길에서 H의숙(義塾) 제모를 쓴 어떤 청년과 만나게 되었다. 만나기 시작한 지 닷새에 좀 정답게 생각되고, 열흘에 그를 만나지 못하면 섭섭하게 생각되고, 이십 일에 연애라 하는 것을 자각하고, 일 삭 만에 그 청년의 이름을 탐지하였다. '그도 나를 생각하겠지' 하는 생각과 '웬걸, 내게는 주의도 안 하더라' 하는 생각이 그 후부터는 항상 그의 마음속에서 쟁투하고 있었다. 연애를 하는 사람은 아무도 그렇거니와 엘리자베트도 연애―─── 짝사랑〔片戀〕이던─―──를 안 후부터는 벗들과 함께 있을 때는 아뭏지도 않지만, 혼자 있을 때는 염세의 생각과 희열의 생각이 함께 마음속에서 발하여 공연히 심장을 뛰놀리며 일어섰다, 앉았다, 밖에 나갔다, 들어왔다, 일도 없는데 이환이와 만나게 되는 길에 가보았다, 이와 같이 날을 보내게 되었다. 그러다가 아무게도 통사정할 사람이 없는 엘리자베트는 혜숙에게 이 말을 다 고백하였다.
이와 같은, 사람의 비밀을 혜숙이는 S에게 알게 하였다 할 때는 그는 성이 났다.
처녀가 학생에게 사랑을 한다 하는 것이 그에게는 부끄러웠다.
둘―───혜숙과 S―───이서 내 숭을 실컷 보았겠거니 할 때에 그는 모욕을 당했다 생각하였다. 혜숙과 S가 서로 낯을 보고 웃을 때에 이 생각이 더 심하였다.
그리고, 이와 같은 비밀을 혜숙에게 고백하였다 할 때에, 엘리자베트는 자기에게 대하여서도 성을 안 낼 수가 없었다.
‘이껀 자기를 믿고 통사정을 하였더니 이런 말을 광고같이 떠들춘단 말인가. 이 세상에 믿을 만한 사람이 누구인고? 아, 부모가 살아 계시면…….’
살아 있을 때는, 자기를 압박하는 것으로 유일의 오락을 삼던 부모를 빨리 죽기를 기다리던 그도, 부모에게 대하여, 지금은 유일의 믿을 만한 사람이고 유일의 의뢰할 만한 사람이라는 생각이 났다. 그리고 혜숙에게 대하여서는 무한한 증오의 염이 난다.
그러면서도, 그는 한 바람을 품고 있었다. 이것―───이환과 자기의 새─―──이것이 이제 화제가 되는 것을 그는 무서워하고 피하려 하면서도 그것이 화제가 되기를 열심으로 바라고 있다. 좀더 상세히 알고 싶었다.
자기 말을 듣고 엘리자베트가 성을 낸 것을 빨리 알아챈 혜숙이는, 화제를 바꾸려고 학과 이야기를 시작하였다.
“너 기하 숙제 해보았니? 난 암만해두 모르겠두나.”
‘아차!’
엘리자베트는 속으로 고함을 쳤다. 그의 희망은 끊어졌다.
‘내가 성을 낸 것을 알고 혜숙이는 이렇게 돌려다 대누나.’
하면서도 성을 억지로 감추고 낯에 화기를 나타내고 대답하였다.
“기하? 해보지는 않았어도 해보면 되겠지.”
“그럼 좀 가르쳐 주렴.”
기하책을 갖다 놓고 셋은 둘러앉아서 기하를 토론하기 시작하였다. 한 이십 분 동안 기하를 푸는 새에 엘리자베트의 머리에는 혜숙과 S의 우교(友交)에 대한 시기도 없어지고, 혜숙에게 대한 증오도 없어지고, 동창생에 대한 애정과 동성에 대한 친밀한 생각만 나게 되었다.
복습을 필한 후에 셋은 잠깐 무언으로 있었다. 그 동안 혜숙은 무슨 말을 할 듯 할 듯하면서도 다만 빙긋 웃기만 하고 말은 못 발하고 있었다.
‘무슨 말이든 빨리 하렴.’
엘리자베트는 또 갑자기 희망을 품고 심장을 뛰놀리면서 속으로 명령하였다.
엘리자베트가 듣고 싶어하는 것을 보고 혜숙이는 안심한 듯이 말을 시작한다.
“얘― 얘―”
이 말만 하고 좀 말하기가 별(別)한 듯이 잠깐 말을 멈추었다가 또 시작한다.
“이환 씨느으으은 S의 외사촌 오빠란다.”
이 말을 들은 엘리자베트는 갑자기 마음이 무거워지는 것을 깨달았다. 그 가운데는 부끄러움도 섞여 있었다. 갑자기 이환이와 직접 대면한 것같이 형용할 수 없는 별한 부끄러움이 엘리자베트의 마음을 지나갔다. 그러면서도 그는 좀더 똑똑히 알려고,
“거짓말!”
하고 혜숙이를 쳐다보았다.
“거짓말은 왜 거짓말이야. S한테 물어 보렴. 이 애 S야, 그렇지?”
엘리자베트는 머리를 S 편으로 돌려서 S의 대답을 기다렸다. 이환이가 S의 외사촌이라는 것은 팔구분은 믿으면서도…….
S는 다만 웃고 있었다.
‘모욕당했다. 집으로 가고 말아야지.’
엘리자베트는 이렇게 속으로 고함을 치고도 일어나지는 않았다. 그는 S에게서 이환의 소식을 듣고 싶었다. 그리고 '오빠도 너를 사랑한다더라'란 말까지 듣고 싶었다.
“응, 그렇지 얘?”
하는 혜숙의 소리에 S는 그렇단 대답만 하였다. 그리고 의미 있는 듯한 웃음을 머금고 엘리자베트를 들여다보았다.
‘S의 웃음. 의미 있는 듯한 웃음. 무슨 웃음일꼬? 거짓말? 이환 씨가 S의 오빠라는 것이 거짓말이 아닐까? 아니! 그것은 참말이다. 그러면 무슨 웃음일꼬? 이환 씨는 나 같은 것은 알아도 안 보나? 아! 무엇? 아니다. 그도 나를 사랑한다. 그리고 S에게 고백하였다. 아, 이환 씨는 날 사랑한다. 결혼! 행복!’
그는 자기게 이익한 데로만 생각을 끌어가다가 대담하게 되어서 머리를 들면서, 결심한 구조(口調)로 말을 걸었다.
“얘, S야.”
“엉?”
경멸하는 듯이 S는 대답하였다. 이 소리에, 엘리자베트의 용기가 대부분은 꺾어졌다.
“너…….”
그는 차마 그 뒤는 말을 발하지 못하여 우물우물하다가 예상도 안한 딴말을 묻고 말았다.
“기하 다 했니?”
“기하라니? 무슨?”
S는 대답 겸 물어 보았다.
“내일 숙제.”
“이 애 미쳤나 부다.”
엘리자베트는 왜인지 가슴에서 똑 하는 소리를 들었다. S는 말을 연속하여 한다.
“이제 우리 하지 않았니?”
“응?…… 참…… 다 했지…….”
S는 '다 알았소이다' 하는 듯이 교활한 웃음을 머금고 엘리자베트의 그리스 조각을 연상시키는 뺨과 목의 윤곽을 들여다보았다.
‘모욕을 당했다.’
엘리자베트는 또 이렇게 생각지 않을 수 없었다.
‘집으로 가고 말아야지.’
이 생각을 할 때에 그는 아까 집에서 혜숙의 집에 가야겠다 생각할 때에, 참지 못하게 가고 싶던 그와 동 정도로 집으로 돌아가고 싶었다.
그는, 어쩔 수 없이 가고 싶은 고로,
“난 간다.”
소리만 지르고, 동무들이 '왜 가니?' '더 놀다 가렴' 등 소리는 귓등으로도 듣지 않고 팔과 궁둥이를 저으면서 나섰다.","가정교사 강 엘리자베트는 가르침을 끝낸 다음에 자기 방으로 돌아왔다. 돌아오기는 하였지만 이제껏 쾌활한 아이들과 마주 유쾌히 지낸 그는 찜찜하고 갑갑한 자기 방에 돌아와서는 무한한 적막을 깨달았다.
‘오늘은 왜 이리 갑갑한고?’
",3462
양서인간,베리야에프,"바다의 악마




아르헨티나의 여름밤은 상당히 무더웠다. 맑게 개인 하늘은 헤아릴 수 없을 정도로 많은 별들로 빛나고 있었다.
메두사 호는 닻을 내린 채 파도에 흔들리고 있었다. 바다는 조용하고 파도 소리 이외에는 아무런 소리도 들리지 않았다.
갑판에는 진주를 캐는 사나이들이 여기저기 흩어져서 자고 있었다. 모두가 낮의 고된 일과 뜨거운 태양에 지쳐서 세상 모르고 깊은 잠에 빠져 있었다.
얼마 후 그들은 힘없이 겨우 일어나서 비틀비틀 물통으로 걸어가서 물을 퍼마셨다. 목이 무척 마른 모양이었다.
물 속에는 수압이 강하기 때문에 물 속에서 일하고 있는 동안에는 아무 것도 먹지 않는다. 식사는 해가 진 후에 먹기로 되어 있었다. 그 식사라는 것도 소금에 절인 물고기가 고작이었다.
메두사 호의 선주이며 선장인 브르고스 스리다는 스페인 계통의 대단히 인색한 부자였다.
밤에는 대개 그 스리다의 조수인 아루바가 숙직을 한다.
아루바는 인디오(남아메리카의 원주민)로서 젊었던 시절에는 유명한 진주잡이였으며 보통 사람보다 두 배 정도나 오래 물 속에 들어가 있을 수 있었다고 젊은 진주 캐는 사람들에게 큰 소리를 치곤 하는 것이었다.
""왜냐하면 그거야 어릴 때부터 엄한 훈련을 받았기 때문이지. 나는 열 살 때부터 메세타라는 사람한테 진주 캐는 견습생으로 들어가게 됐었다. 그에게는 나처럼 어린 견습생들이 12명이나 있었다. 그는 굉장히 엄한 사람이었다. 하얗고 작은 돌을 물 속에 던져놓고는 찾아오라고 명령한다. 찾아오면 이번에는 좀더 깊은 곳에 돌을 던져 넣는다. 만약에 돌을 줍지 않고 그냥 올라오기라도 하면 사정없이 두들겨 맞고 다시 물 속에 처박혀 버린다. 하여간 이렇게 하여 우리들은 물 속에 들어가는 것을 익혔다. 다음에는 물 속에서 오래 견디는 훈련을 받게 되는데, 그것도 역시 무척 고통스러웠다. 어른들이 바다 밑으로 들어가서 닻에다가 바구니를 단단히 묶어놓는다. 그리고 우리들은 그걸 풀어서 배로 가져와야 하는 것이다. 역시 그냥 올라왔다가는 말도 못하게 두들겨 맞게 된다. 결국 견딜 수가 없어서 도망친 아이들도 많았다. 그래도 나는 그걸 끝내 견디어 내어 결국 이 근처에서는 제일 가는 진주잡이가 되었지.""
그러면서 상어에게 깨물려 굽혀지지 않는 왼쪽 발과 닻의 쇠사슬에 걸려 다쳤다는 옆구리의 흉터를 자랑스럽게 보여주는 것이었다.
아루바는 나이가 많아져서 바다 속에 들어가 진주조개를 캐는 위험한 일을 계속할 수 없게 되자, 부에노스아이레스에 진주와 산호와 조개 껍질 등을 파는 작은 상점을 마련했다. 그러나 바다에서 자란 아루바는 육지에서의 생활은 여간해서는 견디기 어려운 노릇이었다. 그래서 때때로 가게를 딸에게 맡겨 놓고 진주잡이 배에 타곤 하는 것이었다.
진주 업자들은 누구나 아루바를 무척 잘 대해 주었다. 왜냐하면 이 지방의 해저 상태와 진주조개가 있는 장소를 아루바 만큼 잘 알고 있는 사람도 없었고 진주의 품질도 그만큼 한눈에 알아보는 사람도 없었기 때문이었다. 아루바는 통에 걸터앉아 눈을 감은 채 천천히 담배를 피우고 있었다.
사방은 조용하고 파도 소리와 잠자는 사나이들의 코고는 소리밖에 들리지 않았다.
갑자기 먼바다 쪽에서 이상한 소리가 들려왔다. 아루바는 눈을 떴다. 누군가 소라 껍질로 만든 피리를 불었다. 이어서 '아, 아!'하는 기운찬 고함 소리가 들려오는 것 같았다.
그것은 배의 고동 소리와도 다르고, 물에 빠진 사람의 비명 소리와도 달랐다.
아루바는 뱃전으로 가서 사방을 살펴보았으나 어두워서 그런지 아무 것도 보이지 않았다.
아루바는 갑판에 누워 자고 있는 한 사나이를 걷어찼다.
""야, 부르짖고 있다. 틀림없이 그 놈이다.""
""예? 아무 것도 들리지 않는데요.""
사나이는 눈을 비비면서 일어서더니 귀를 기울였다.
그때, 또 피리 소리와 이어서 '아, 아!'하는 고함 소리가 들려왔다.
""정말이다. 틀림없이 그놈이다.""
다른 선원들도 일어나 우르르 마스트에 켜 있는 등불 밑으로 모여들었다.
그 소리는 한번 더 들리고는 다시는 들리지 않게 되었다.




""바다의 악마다!""
선원들은 중얼거렸다.
""이런 곳에서 우물쭈물하고 있을 때가 아니다.""
""저놈은 상어보다 더 무섭다!""
""빨리 선장에게 알려라!""
그러자, 선장인 스리다가 털이 시커멓게 돋은 가슴을 쓰다듬으며 갑판 위로 올라왔다.
꼭 옛날 해적선의 선장과 같은 느낌을 주었고 혁대에는 항상 권총을 차고 있었다.
""웬 소란이냐?""
스리다의 걸직한 목소리와 관록이 붙은 몸집은 선원들을 조용하게 만들었다.
""저, 바다의 악마가 외치는 소리가 조금 전에 들려왔습니다.""
""잘못 들었겠지.""
""아닙니다. 모두가 들었습니다.""
""빨리 여기서 떠나도록 합시다.""
하고 모두가 입을 모아 떠들기 시작했다.
""알았다. 그럼 날이 밝으면 떠나도록 하자.""
스리다는 하는 수 없이 승낙하고 자기 선실로 돌아갔다.
잠이 달아난 스리다는 담배를 피며 방안을 왔다갔다하면서 가끔 이 근처 바다에 나타나 어부들을 놀라게 하는 이상한 괴물에 대해 곰곰이 생각해 보았다.
아직 똑똑히 본 사람은 없는 것 같은데 무엇이 있는 것은 분명한 모양이었다.
하여튼 꽤 오래 전부터 어부나 선원들 사이에 그 소문이 퍼져 있었다. 그들은 마치 괴물이 들을까 조심하는 것처럼 조그맣게 속삭이고 있었다.
그 이야기 중에서 공통적인 것은 나쁜 짓을 하기도 하지만 사람을 구해주기도 한다는 것이었다.
나이 많은 사람들은,
""그것은 바다의 귀신이다. 천년에 한번씩 나타나서 나쁜 짓을 하는 사람들을 혼내주는 것이다.""
라고 말하기도 했다.
""그것은 바다의 악마다. 성당에 나오지 않는 사람들이 점점 늘어나고 있기 때문에 나타난 것이다. 모두가 기도를 올리면 자연히 사라질 것이다.""
라고 성당의 신부들은 말했다.
이런 소문은 결국 부에노스아이레스 시내 전체까지 퍼져갔고 신문도 바다의 악마에 대한 기사를 자주 실었다. 원인을 알 수 없는 사고로 어선이 침몰되거나, 그물이 찢어지거나, 애써 잡은 물고기가 없어지거나 하는 것은 모두 바다의 악마가 한 짓이라고 하며, 익사 직전의 사람들을 구해주고 어선에 몰래 큰 물고기를 던져 넣기도 한다고 했다.
그런데 더욱 이상한 것은 바다의 악마를 봤다는 사람들의 말이 서로 너무나 달라서 도대체 어떻게 생긴 괴물인지 종잡을 수가 없었다.
뿔이 났다고 하는 사람이 있는가 하면 염소처럼 수염이 있다고 하는 사람도 있었고, 발은 사자 같다거나 개구리 같다는 둥 너무나 엉뚱한 소문이었다.
경찰은 처음에는 이런 소문을 누가 장난 삼아 지어내서 퍼뜨린 것이라고 코웃음만 치고 있었다.
그러나, 소문이 너무 퍼져 불안해하는 사람들이 늘어나게 되자 경찰은 조사하지 않을 수가 없었다.
해안 경비 모터보트가 사방으로 흩어져 가까운 바다와 해안을 2주일간이나 수색을 계속했다. 그러나 소문을 퍼뜨린 몇 사람의 어부를 붙들었을 뿐이고 바다의 악마는 잡을 수가 없었다.
그래서 경찰서장은,
""경찰 당국은 그 동안 총력을 기울여 바다의 악마 수색 작전을 벌여온 바, 할일 없는 사람들이 지껄인 뜬소문이라는 것을 밝혀냈습니다. 소문을 지어낸 사람들은 모조리 체포해서 엄중하고 처벌하기로 했습니다. 어부 여러분은 뜬소문에 현혹되지 마시고 바다로 나가주시기 바랍니다.""
라고 성명을 발표했다. 그러나 바다의 악마는 경찰서장의 성명을 조롱이라고 하는 듯 또 그 모습을 나타냈다.
어부들이 경찰서장의 성명을 믿고 바다로 나갔는데 또 바다 속에 내린 그물이 고기를 잡을 수 없을 정도로 찢겨져 있었다.
또 다른 어선 한 척에는 양 한 마리를 언제 누가 데려다 놓았는지 양이 우는 소리에 깜짝 놀래서 허둥지둥 항구로 되돌아오고 말았다.
신문들은 바다의 악마가 또다시 모습을 나타낸 것을 크게 보도하면서 과학자들에게 그 정체를 알아내라고 촉구했다.
그러나 과학자들은 누구나 바다의 악마를 믿으려 하지 않았다. 대부분의 과학자들은 누군가가 조작한 장난에 지나지 않는 것이라고 믿고 있었다.
그런데 몇 명의 과학자들은 반대 의견을 발표했다.
""과학은 지구의 생물 전체에 대해 샅샅이 연구를 한 것이 아니며, 더구나 바다의 생물에 대해서는 아직 초보적인 단계를 벗어나지 못하고 있는 형편이다. 따라서 어떤 상상도 못할 생물이 있을지도 모른다.""
이 의견은 너무나 막연하여 설득력은 없었지만, 논쟁을 불러일으키기에는 충분했다.
결국 이 논쟁을 결말짓기 위해서는 학술 조사단을 보내서 과학적으로 조사해보기로 했다.
그러나 그 조사단도 바다의 악마를 만날 수가 없었다. 단지 몇 가지의 새로운 사실을 발견했지만 그것 역시 바다의 악마에 대한 결정적인 것은 되지 못했다.
조사단의 보고는 다음과 같았다.


첫째, 바닷가 몇몇 장소에는 인간의 발자국이 흐릿하게 나 있었다. 그 발자국은 이상하게도 모두가 바다 쪽에서 육지로 나와 다시 바다로 되돌아간 것이었다.
그러나 보트를 타고 바닷가에 가까이 온 사람들이 그런 발자국을 남길 수도 있다.
둘째, 그물을 끌어올릴 때 예리한 칼 같은 것으로 그물이 끊겼다고 하는 몇 개의 그물을 조사해 보았으나 수중의 바위나 쇳조각에 걸렸을 때에도 그렇게 끊겨질 수가 있다고 생각된다.
셋째, 어부들의 이야기에 의하면 폭풍우가 있던 날 돌고래 한 마리가 모래밭으로 밀려 올라와 다 죽어가고 있었는데 그 돌고래는 밤 사이에 누군가에 의해서 다시 바다 속으로 끌려 들어가고 말았다. 모래밭에는 발자국과 긴 손톱 같은 갈퀴의 흔적이 남아 있었다. 그러나 이것도 누군가의 장난이라고 생각된다.
넷째, 양에 대해서는 장난기가 있는 사람이 아무도 모르게 살짝 보트로 운반해 와서 어선에 던져 넣은 것으로 생각된다.


그러나 이 보고서를 읽고 의문이 풀렸다고 생각하는 사람은 아무도 없었다.
누군가가 장난으로 저지른 것이라고 한다면 그 사람은 어째서 이렇게 오랫동안 아무에게도 발견되지 않고 있는 것일까 하고 생각하는 사람이 많았다.
더욱이 과학자들의 보고서에 나타나 있지는 않지만 사건은 짧은 시간에 상당히 먼 두 곳에서 일어났다. 그게 사실이라면 바다의 악마는 굉장한 속도로 헤엄칠 수 있거나 적어도 둘 이상이어야 한다. 그렇다면 더욱 무서운 일이다.
스리다가 그러한 생각을 하고 있을 동안에 날이 밝고 창가에는 햇빛이 비치기 시작했다. 스리다는 등불을 끄고 얼굴을 씻기 시작했다.
그때 갑판에서 돌연 비명 소리가 들려왔다. 스리다는 얼굴을 씻다말고 급히 트랩(배나 비행기의 오르고 내리는 층계)을 뛰어올라가 갑판으로 나갔다.
벌거숭이 사나이들이 뱃전에서 아우성을 치고 있었다. 로프로 달아매어 놓은 보트가 모두 풀어져서 벌써 멀리 떠내려가고 있었다.
스리다는 바다에 뛰어들어가 보트를 붙들어 오라고 명령했다. 그러나 어느 누구도 주춤주춤하면서 뛰어내리려고 하는 사람은 없었다.
스리다는 명령을 되풀이했다.
그러자 누군가가,
""바다의 악마에 잡혀 먹히려면 선장 자신이 뛰어들어가면 되잖소!""
하고 떠들었다.




스리다는 허리에 찬 권총에 손을 댔다. 사나이들은 뒷걸음질을 치면서 마스트 주위에 모여들어 스리다를 원망스럽다는 듯이 노려보고 있었다. 드디어 충돌은 피할 수 없게 되었다. 그러나 아루바가 중간을 가로막고 나섰다.
""나는 상어나 바다의 악마 같은 걸 무서워하지 않는다.""
하고 바다로 뛰어들어가더니 가까운 보트를 향해서 헤엄쳐 가는 것이었다.
모두 떨면서 아루바를 지켜보고 있었다. 아루바는 늙었고 발 한쪽은 잘 못 쓰지만 헤엄치는 것은 빨랐다. 이윽고 가까운 보트에 도착하자 재빨리 기어올라갔다.
""로프는 칼로 끊겨 있다. 이 끊긴 자리는 면도칼같이 날카로운 칼로 잘린 것이 틀림없다.""
아루바가 외쳤다. 아루바에게 아무런 일도 일어나지 않은 것을 보고 다른 어부들도 차례차례 바다로 뛰어들어갔다.","아르헨티나의 여름밤은 상당히 무더웠다. 맑게 개인 하늘은 헤아릴 수 없을 정도로 많은 별들로 빛나고 있었다.
",4264
연기,김유정,"연기


눈 뜨곤 없드니 이불을 쓰면 가끔씩 잘두 횡재한다.
공동변소에서 일을 마치고 엉거주춤이 나오다 나는 벽께로 와서 눈이 휘둥그랬다. 아 이게 무에냐. 누리끼한 놈이 바로 눈이 부시게 번쩍버언쩍. 손가락을 펴들고 가만히 꼬옥 찔러보니 마치 갓 굳은 엿조각처럼 쫀드쫀득이다. 얘 이눔 참으로 수상하구나. 설마 뒷간 기둥을 엿으로 빚어놨을 리는 없을 텐데. 주머니칼을 꺼내들고 한번 시험조로 쭈욱 내리어 깎아보았다. 누런 덩어리 한쪽이 어렵지 않게 뚝 떨어진다. 그놈을 한데 뭉쳐가지고 그 앞 댓돌에다 쓱 문대보니까, 아 아 이게 황금이 아닌가. 엉뚱한 누명으로 끌려가 욕을 보던 이 황금. 어리다는 이유로 연홍이에게 고랑땡을 먹던 이 황금. 누님에게 그 구박을 다 받아가며 그래도 얻어먹고 있는 이 황금―
다시 한 번 댓돌 위에 쓱 그어보고는 그대로 들고 거리로 튀어나온다. 물론 양쪽 주머니에는 묵직한 황금으로 하나 뿌듯하였다. 황금! 황금! 아, 황금이다.
피언한 거리에는 커다랗게 살찐 도야지를 타고서 장꾼들이 오르내린다. 때는 좋아 봄이라고 향명한 아침이었다. 길 양쪽 버드나무에는 그 가지가지에 주먹 같은 붉은 꽃이 달리었다.
알쭝달쭝한 꽃이파리를 날리며 엷은 바람이 부웅 하더니 허공으로 내 몸이 둥실. 얘 이놈 좋구나. 허나 황금이 날아가선 큰일이다. 두 손으로 양쪽 주머니를 잔뜩 움켜잡고 있자노라니 별안간 꿍 하고 떨어진다. 이눔이 어따 이건 함부루 내던졌느냐. 정신이 아찔하여 똑똑히 살펴보니 이것이 바루 우리 집 대문 앞이 아니냐.
대문짝을 박차고 나는 허둥지둥 안으로 뛰어 들어갔다. 돈이라면 한 푼에 목이 말라 하는 누님이었다. 이 누런 금덩어리를 내보이면 필연코 그는 헉하고 놀라겠지.
“누님! 수가 터졌우!”
나는 이렇게 외마디 소리를 질렀으나 그는 아무 대답도 없다. 매우 마뜩치 않게 알로 눈을 깔아 붙이고는 팥죽만 풍풍 퍼먹고 있는 것이다. 그러나 뭐처럼 입을 연다는 것이
“오늘은 어떻게 취직자리 좀 얻어 봤니?”
대문밖에 좀 나갔다 들어만 오면 변치 않고 노냥 물어보는 그 소리. 인제는 짜장 귓등이 가렵다. 마는 아무래도 좋다. 오늘부터는 그까짓 밥 얻어먹지 않아도 좋으니까―
“그까짓 취직”
하고 콧등으로 웃어버리고는
“자 이게 금덩어리유. 똑똑이 보우―”
나는 두 손을 다 그 코밑에다 들이댔다. 이래두 침이 아니 넘어갈 터인가. 그는 가늘게 실눈을 떠가지고 그걸 이윽히 들여다보다 종내는 나의얼굴마저 치어다보지 않을 수 없는 모양이었다. 금덩어리와 나의 얼굴을 이렇게 번차레로 몇 번 훑어가더니
“이거 너 어서 났니?”
하고 두 눈에서 눈물이 확 쏟아지질 않느냐. 그리고 나의 짐작대로 날랜 두 손이 들어와 덥썩 훔켜잡고―
“아이구 황금이야!”
평소에도 툭하면 잘 짜는 누님. 이건 황금을 보구두 여전히 눈물이냐. 이걸 가만히 바라보니 나는 이만만 해도 황금 얻은 보람이 큼을 느낄 수 있다. 번둥번둥 놀고 자빠져 먹는다 하여 일상 들볶든 이 누님. 이왕이면 나두 이판에 잔뜩 갚아야 한다. 누님이 붙잡고 우는 황금을 나는 앞으로 탁 채여가며
“이거 왜 이래? 닳으려구”
하고 네 보란듯이 호령을 냅따 질렀다. 내가 황금을 얻어 좋은 건 참으로 누님의 이 꼴을 보기 위하여서다. 이런 황금을 막 섣불리 만져보이느냐 어림없다. 호기 있게 그 황금을 도루 주머니에 집어넣고는―
“오늘부터 난 따루 나가겠우 누님 밥은 맛이 없어서―”
나의 재조가 자라는 데까지 한껏 뽐을 내였다. 이만큼 하면 그는 저쯤 알아채이겠지. 인젠 누님이 화를 내건 말건 내 받고 섰을 배 아니다. 버듬직하게 건넛방으로 들어가 내가 쓰던 잔세간과 이부자리를 포갬포갬 싸 놓았다. 이것만 들고 나서면 고만이다. 택시 하나 부를 생각조차 못하고 그걸 그대로 들고 일어서자니까 이때까지 웬 영문을 몰라 떨떠름히 서 있든 누님이
“얘 너 왜 이러니?”
하고 나의 팔을 잡아들인다.
“난 오늘부터 내 밥을 먹구 살겠우―”
“얘, 그러지 말아 내 인젠 안 그럴게”
“아니, 내 뭐 누님이 공밥 먹는다고 야단을 쳤대서 그걸 가지고 노했다거나 혹은 어린애같이 삐졌젔대거나…….”
하고 아주 좋도록 속 좀 쓰리게 해놓고 나서니까
“얘, 내가 다 잘못했다 인젠 네 맘대로 낮잠두 가구 그래 응?”
취직 못한다고 야단도 안 치고 그럴 께니 제발 의좋게 같이 살자고 그 파리한 얼굴에 가엾은 눈물까지 보이며 손이 발이 되게 빌붙는다. 이것이 어디 놀고 먹는다구 눈물로 밤낮 찡찡대던 그 누님인가 싶으냐.
“이거 왜 이래? 남 싫다는데―”
누님을 떼다 던지고 나는 신바람이 나게 뜰아래로 내려섰다. 다시 누님이 맨발로 뛰어내려와 나를 붙잡고 울 수 있을만큼 그만큼 동안을 떼어놓고는 대문께로 나오려니까 뜰 앞에서 쌀을 주어먹고 있든 참새 한마리가 포르릉 날아온다. 이놈이 나의 턱밑으로 넌지시 들어오더니 이건 어디다 쓰는 버릇인지 나의 목줄띠를 콱 물어채는 것이 아니냐. 그리고 그대로 대룽대룽 매달려 바들짝바들짝 아 아 아이구 죽겠다 아픈 건 둘째치고 우선 숨이 막히어 죽겠다. 보퉁이를 들었던 두 손으로 참새란 놈을 부리나케 붙잡고 떼어볼려니까 아, 아, 나 죽는다. 잡아당기면 당길수록 참새는 거머리같이 점점 달라붙고 숨쉬기만 더욱더욱 괴로워진다 요놈이 버릇없이 요런. 젖 먹던 힘을 다 들여 내 목이 달아나냐 네 목이 달아나냐고 홱 한번 잡아채이니 후유 코 밑의 연기로다―
공교로이도 나의 코끝이 뚫어진 굽도지 구녕에가 파수를 보고 있는 것이다. 그 구녕으로 아침 짓는 매캐한 연기가 모락모락 올라오고 있었다. 그 연기만도 숨이 막히기에 넉넉할 텐데 이건 뭐라고 제 손으로 제 목을 잔뜩 움켜잡고 누었느냐
“그게 온 무슨 잠이냐?”
언제쯤 거기 와 있었는지 누님은 미닫이를 열어 제치고서서는 눈이 칼날이다. 어젯밤 내일은 일찍부터 돌아다니며 만날 사람들을 좀 만나보라던 그 말을 내가 이행치 못하였으니 몹시도 미울 것이다. 야윈 목에가 핏대가 불끈 내솟았다.
“취직인가 뭔가 헐랴면 남보다 좀 성심껏 돌아다녀야지―”
바로 가시를 집어삼킨 따끔한 호령이었다. 아무리 찾아보아야 고대 같이살자고 눈물로 빌붙든 그 누님은 그림자도 비치지 않았다. 한 사람이 이렇게도 변할 수 있는가 나도 둥그렇게 눈을 뜨고서 너머도 허망한 일인 양하여 얼뚤한 시선으로 한참 누님을 치어다보았다. 암만해도 사람의 일 같지 않다. 그렇다고 무슨 연근도 아닐 텐데. 낮에는 누님이 히짜를 뽑고 밤에는 내가 히짜를 뽑고. 이마의 땀을 씻을려고 손이 올라가다 갑자기 붉어오는 안색을 깨닫고 도로 이불을 푹 뒤집어쓴다.
이불 속에는 아직도 아까의 그 연기가 남아 있는 것이다.","눈 뜨곤 없드니 이불을 쓰면 가끔씩 잘두 횡재한다.
공동변소에서 일을 마치고 엉거주춤이 나오다 나는 벽께로 와서 눈이 휘둥그랬다. 아 이게 무에냐. 누리끼한 놈이 바로 눈이 부시게 번쩍버언쩍. ",2390
우주 대작전 (STAR TREK),제임스 블리시,"찰리 소년을 데리고 온 안타레스 호의 사관들은 저마다 한 마디씩 했다.
""마음이 착한 소년입니다.""
라든지,
""머리도 좋고 공부도 열심히 하고.......""
라든지,
""혼자서 안타레스 호를 날게 할 수도 있을만한 실력이 있습니다.""
라는 등등의 칭찬만 잔뜩 늘어놓았는데, 칭찬할 대로 칭찬을 하고 나더니 브랜디 한 병 내놓으라고 조르지도 않고 급히 떠나가 버렸다. 커크 선장은 이것이 우선 마음에 꺼림칙했다.
찰리 소년이 쉴새 없이 눈을 두리번거리며 불안해하는 것은 오랫동안 혼자 외롭게 살아온 것을 생각하면 조금도 이상할 것은 없었다. 또 여성 승무원인 자니스 랜드가 거주 구역으로 데리고 가려 할 때,
""이게 여자애입니까?""
하고 큰 소리로 선장에게 물은 것도 깜짝 놀랄 일은 아니었다.
다음 날 의사인 레트 맥코이 박사가 찰리 소년의 신체 검사를 한 보고에 의하면 어리나 상처도 없고 건강하며 영양 상태도 무척 좋았다.
이것이 또한 커크 선장에게 이상하지 않을 수 없었다.
""참 이상해. 세 살 때부터 그 별에서 혼자 고생해왔을 게 아닌가? 본인은 뭐라고 하지? 맥코이.""
""불시착할 때 부모는 돌아가셨고......, 영어는 난파선의 기억 뱅크와 이야기를 하여 알게 되었으며, 먹는 것은 난파선의 저장 식량도 있었고, 또 근처에도 먹을 것이 좀 있었다고 하더군요. 아무의 도움도 없이 살아온 모양입니다.""
""으음.""
""우주선의 규칙을 가르쳐 달라고 하는 걸 보면 안타레스 호에서 몇 번이나 잘못을 저질렀기에 이번에는 잘해 보려는 모양입니다. '뭘, 너무 조급하게 할 필요는 없어. 언제나 상대를 주의하여 보고 그래도 모를 때에는 웃는 얼굴로 얌전히 묻는 것이 좋아'라고 말해 주었더니 자기는 꽤 성질이 급하다고 하더군요. 아무 것도 모르는 아이여서 '신체 검사가 끝났어'라는 뜻에서 엉덩이를 툭 치자 대들려고 했어요. 이해시키는데 무척 애를 먹었습니다.""
맥코이의 이야기는 커크 선장만이 아니라 그때 브리지(우주선 조타 사령실)에 있던 발칸이라는 별나라 사람인 일등 항해사 스팍과 당직인 여성 승무원 제니(자니스 랜드의 애칭)도 듣고 있었다.
""지구의 역사며 전설은 나도 좀 읽은 일이 있는데 어린아이가 황야에서 혼자 살아온 이야기는 많이 있었다고 생각해요.""
일등 항해사 스팍이 말했다.
""그런데 언제나 어린아이를 보살펴주는 이리가 있게 되어 있어요.""
제니가 말했다.
""그럼, 저 애가 거짓말을 하고 있다고 말씀하시는 겁니까? 이리의 역할을 한 것은 세이스스별의 주민일까요? 스팍 씨.""
""글쎄, 모르겠어.""
맥코이가 말했다.
""하여튼 찰리가 세이스스에는 사람 같은 건 없다고 몇 번이나 말했어.""
""세이스스에는 사람 같은 고등생물이 없다고 해. 그런데 조사대는 세이스스별에서 굉장히 진보된 인공물을 발견하기도 하고, 이 우주선의 라이브러리 테이프(책 대신 테이프를 저장해 둔 도서관. 현재의 컴퓨터보다 더 소형임)로 조사해 보았는데 식용이 될만한 식물은 존재하지 않는다고 되어 있더군.""
네 사람 모두 말이 없었다.
찰리 소년은 왜 거짓말을 하는 것일까? 무엇을 숨기고 있는 것일까?
커크 선장이 말했다.
""어쨌든 우리로서는 그 아이를 다음에 잠시 머물러 보급을 받을 제 5 식민성으로 보낸다. 이 선내에 있는 동안은 선내에서 하는 일을 분담시켜 일과를 지키게 하자. 보내진 다음에는 경험이 풍부한 교육 전문가가 맡아 주겠지. 미스 제니, 어떻게 생각하지?""
""글쎄요......?""
제니는 좀 망설이고 나더니 말했다.
""이런 것은 말하지 않아도 좋겠지만 그 애가 어제 내 뒤를 쫓아와서 복도에서 향수병을 주었어요. 우주선의 창고에는 없는 것이었어요.""
""허어.""
맥코이 의사가 눈을 크게 떴다.
""대체 어디서 얻었느냐고 물으려 하는데 갑자기 저의 엉덩이를 툭 치지 않겠어요. 좋아한다는 표현이라나요.""
와아 하고 웃음소리가 일어났다. 커크 선장이 조용히 하라고 손을 들고 물었다.
""제니, 다른 것은?""
""별로....... 그 애는 트럼프 게임을 잘 해요. 카드를 다루는 솜씨가 굉장했어요. 제가 오락실에 있는데 그 애가 들어왔어요. 마침 우라 통신사가 '사랑스러운 찰리'라는 노래를 불렀지요. 놀려 주는 줄로 알고 부루퉁하고 있었는데, 그렇지 않다는 것을 알고선 저의 옆에 앉아서 게임을 구경하고 있었어요. 그러는 동안에 저만 자꾸 이기게 했어요. 맹세해도 좋아요. 카드에 손도 대지 않고 그랬어요. 깜짝 놀라자, 척 손을 내밀고 어이없을 만큼 멋지게 요술을 해 보였어요.""
""안타레스 호의 승무원에게서 배웠겠지.""
커크 선장이 말하자 맥코이 의사가 덧붙였다.
""엉덩이를 두들기는 것은 내가 가르쳐 준 것 같애.""
""이건 골칫거리인데....... 어쨌든 찰리와는 잘 지내도록 조심하지 않으면 야단나겠는걸.......""


   안타레스 호 폭발


커크 선장이 거주 구역의 선실에 들어가자 찰리 소년은 벌떡 일어섰다. 손가락, 팔꿈치, 무릎 등 관절(뼈마디)이라는 모든 관절은 반대 방향으로 팽팽하게 뒤로 젖혀진 것 같았다.
""나는 아무 것도 나쁜 짓을 하지 않았어요!""
커크 선장은 상냥하게 말했다.
""좋아 좋아, 찰리. 좀 들여다봤을 뿐이야. 어떻게 지내고 있나 해서 말야.""
""난 잘 알고 있어요. 나는...... 저 물어 보고 싶은 것이 있어요.""
""으응, 뭐지? 뭐든지 물어 봐.""
""예, 저어 나 복도에서 미스 제니의 엉덩이를 툭 쳤어요. 그러자 그 여자는 싫어했어요.  ‘왜 싫어하는지 선장이 설명해 줄 거야'라고 하던데요. 왜 싫어하지요?""
""아, 그건 말야.""
커크 선장은 억지로 웃음을 참았다.
""미스 제니는 여자니까. 여자를 상대할 때에는 해서 좋은 일과 하지 않아야 하는 일이 남자와 달라지는 거야. 이번 경우는, 어떻게 라도 여자를 쳐선 안 되는데 쳤기 때문이야.""
""그런 겁니까?""
""그런 거야. 그런데 찰리, 나는 너에게 여러 가지를 가르쳐 주려고 생각하여 그에 대한 일과표를 만들었어.""
""감사합니다. 선장님, 나를 좋아하나요?""
솔직한 질문이었다. 커크 선장도 솔직하게 대답했다.
""아직 몰라. 사람을 좋아하는 데는 시간이 걸리지. 우선 잘 관찰하고 이해하려고 노력해야 하겠지. 사람이란 그렇게 쉽게 좋아지거나 싫어지거나 하는 것이 아니란다. 알겠니?""
""예.""
그때 선내 통화기에서 우라 통신사의 소리가 요란스럽게 들려왔다.
""커크 선장님!""
선장은 찰리 소년에게 말했다.
""좀 실례하겠어, 찰리.""
그리고 나서 선내 통화기로 향했다.
""여기는 커크. 말하라.""
""안타레스 호의 라마트 선장이 채널 D에 나와 계십니다. 선장님께 직접 말하고 싶답니다.""
""알았어. 곧 브리지에 가겠다.""
커크가 스위치를 끊자 동시에 찰리 소년이 말했다.
""나도 같이 가도 좋습니까?""
""응, 이건 우주선의 일이니까, 허용되지 않는 일이야. 알겠니?""
""난, 누구에게도 괴로움은 끼치지 않겠습니다. 또 방해가 되지 않도록 하겠습니다.""
찰리 소년은 사람을 잘 따랐다. 오랫동안 홀로 살아 왔기 때문에 사람을 그리워한다는 것을 알고 커크 선장은 측은하게 생각했다.
""응, 좋아. 그러나 브리지에 오는 것은 내가 허락했을 때 만이다. 알았지?""
""예.""
찰리 소년은 강아지처럼 커크 선장의 뒤를 따라 선실을 나왔다.
브리지에서는 우라 통신사가 반스 족(아프리카에 사는 흑색 인종의 부족. 곱슬곱슬한 머리칼, 넓은 코, 말려 올라간 두터운 입술을 가졌다.) 특유의 특징을 가진 얼굴에, 부족의 용사와 같은 늠름한 표정을 하고 마이크로폰을 향해 말하고 있었다.
""좀 더 전압을 높여 주십시오. 안타레스 호, 그쪽 전파가 약한 것 같습니다.""
""이것이 최대 출력입니다.""
잡음에 섞이어 라마트 선장의 소리가 희미하게 들려왔다.
""이제 곧 커크 선장님과 이야기하지 않으면 안 된다. 이대로 좋아.""
커크 선장은 마이크로폰을 손에 들고 말했다.
""여기는 커크, 라마트 선장!""
""아아, 됐어! 전파의 유효 한계가 다 되어 가고 있어요. 빨리 경고를 하지 않으면 안 될 일이.......""
소리는 도중에서 뚝 끊어졌다. 스피커에서는 성운의 공전(별들의 집단에서 공간으로 파생되는 전파) 소리만 들려올 뿐이었다.
""통신사, 다시 한 번 물어 봐 주게.""
""예.""
우라 통신사는 허둥대며 말했다.
""선장님, 이젠 송신은 하지 않는 모양인데요.""
""그래? 채널 D는 수신 상태 그대로 두게.""
""예.""
커크 선장의 뒤에서 찰리 소년이 조용히 말했다.
""그건 낡은 우주선이었어요. 그다지 특징이 있는 구조의 우주선은 아니었어요.""
""………….""
커크 선장은 흘끔 찰리 소년을 보고, 그리고 스팍 일등 항해사 쪽으로 돌아섰다.
""스팍, 탐지 장치로 안타레스 호를 확인해 주게.""
""이미 해 봤습니다. 그러나 흐려져 있습니다. 멀다고는 하지만 이렇게 보이지 않을 정도로 희미하다는 건 보통 일이 아닙니다.""
""음…….""
커크 선장은 찰리 소년을 뒤돌아보았다.
""너, 무슨 일이 일어났는지 알만 해?""
찰리 소년은 생각지도 않는 물음에 당황한 모양이었다.
""모르겠습니다.""
탐지 장치를 다루면서 스팍이 말했다.
""희미해진 구역이 점점 넓어져 갑니다. 가장자리를 따라 여기저기 점이 있습니다. 아마 파편일 겁니다.""
""음, 그러니까 안타레스 호는 확인되지 않는다는 거지?""
""커크 선장님, 이 파편이 안타레스 호입니다.""
스팍의 소리는 조용했다.
""달리 생각할 수가 없습니다. 확실히 그 우주선은 폭발을 했습니다.""
커크 선장은 스팍의 보고를 듣는 동안 계속 찰리 소년의 눈을 곧바로 지켜보고 있었다.
찰리 소년은 말했다.
""가엾은 일이라고 생각합니다.""
거북스러운 얼굴을 하고 있으나 그뿐이었다.
""그러나, 그 우주선의 사람들은 죽어도 조금도 불쌍하지 않아요. 별로 친절하지 않은 사람들이었으니까요. 그 사람들은 나를 조금도 좋아해 주지 않았어요. 정말 그랬어요.""
누구나 아무 말도 하지 않았다.
커크 선장은 주먹을 불끈 쥐고 있었는데, 한참 후에야 겨우 힘을 빼고 말했다.
""찰리, 너는 우선 인간답지 못한 차디찬 마음을 고치지 않으면 안 되겠다. 자기 중심적이라고 할까? 제멋대로 라고 할까? 좋지 않은 성격이다. 나쁜 성질을 고치지 않고서는 너는 짐승 밖에는 되지 않는다.""
라고 말하고 커크 선장은 입을 다물었다.
찰리 소년은 그만 울음을 터뜨리고 말았다.

","찰리 소년을 데리고 온 안타레스 호의 사관들은 저마다 한 마디씩 했다.
""마음이 착한 소년입니다.""
라든지,
""머리도 좋고 공부도 열심히 하고.......""
라든지,
""혼자서 안타레스 호를 날게 할 수도 있을만한 실력이 있습니다.""
라는 등등의 칭찬만 잔뜩 늘어놓았는데, 칭찬할 대로 칭찬을 하고 나더니 브랜디 한 병 내놓으라고 조르지도 않고 급히 떠나가 버렸다. ",3778
우주 스테이션,아서 클라크,"항공 퀴즈




방송국의 큰 텔레비전 스테이지에 나서니 관람석에 꽉 들어 찬 사람들이 일제히 박수를 쳤다.
나는 같이 나와 있는 다섯 사람의 출전자를 힐끔 돌아보았다. 그리고 조금 마음이 얼떨떨해졌다.
다섯 사람 모두 '우승하는 자는 나다' 라고 자신에 넘치는 얼굴을 하고 있었다. 그때 나는 갑자기 짐 아저씨가 말씀해 주신 것이 머리에 떠올랐다.
""어떠한 때도 걱정 같은 것은 하지 마라.""
<아, 그렇다. 조바심을 내도 별 수가 없다. 지거나 이기거나 이것은 게임이 아닌가!>
그렇게 생각했을 때 관람석에서 요란한 박수 소리가 일어났다. 사회자인 엘마 슈미트가 무대에 나타났다.
나는 지난 번 예선에서 저 슈미트 씨를 만났었다. 그래서인지 오래 전부터 아는 사람 같은 기분이 들었다. 텔레비전에 자주 출연하는 사람이라서 모두들 잘 알고 있을 것이다.
붉은 불이 켜지고 대회장 전체가 조용해졌다.
""텔레비전을 시청하시는 여러분들, 그 동안 안녕하셨습니까? 그리고 방청하러 오신 손님 여러분! 정말 감사합니다. 사회를 맡고 있는 엘마 슈미트입니다. 지금부터 세계 항공 회사 제공의 항공 퀴즈 결승전을 시작하겠습니다.""
관람석에서는 요란한 박수 소리가 일어났다.
그리고 무대의 사방에서는 눈부신 조명이 의자에 앉아 있는 출전자들을 비추기 시작했다.
""오늘 저녁 여기에 출전하여 주신 6명의 소년은 이 퀴즈 콘테스트에 응모한 5,000명의 소년 로켓 클럽 회원 중에서 승리한 가장 우수한 소년들입니다. 이 소년들은 비행기와 로켓에 대해서는 소년 박사들인 것입니다. 그리고 오늘 저녁 최종 결승전을 시작하겠습니다. 그러므로 오늘 저녁은 우승자가 결정되는 것입니다.""
드디어 퀴즈가 시작되었다.
슈미트가 한 사람 한 사람에게 문제를 내었다. 우리들은 20초 이내에 대답을 해야 되는 것이었다. 처음으로 나에게 돌아온 문제는 쉬운 것이었다.
제트기의 최고 상승 기록이 얼마냐 하는 문제였다.
""21,000미터입니다.""
라고 나는 곧 대답했다.
딴 소년들도 모두가 쉬운 듯 곧 대답하고 있었다. 맞는 대답을 하면 뒤에 있는 득점판에 불이 들어온다. 그런데, 문제는 점점 더 어려워져 갔다. 골똘히 생각하지 않으면 안 되기 때문에 자신이 몇 점을 득점했는지 득점판을 보고 있을 겨를도 없게 되었다. 그러던 중 기어이 나는 하나 틀려서 한 점 감점이 되고 말았다. 나 외에도 틀리는 소년이 있었으나 뉴워싱턴 대표는 한 문제도 틀리지 않은 것 같았다. 나는 침착해야겠다, 침착해야겠다고 생각하면서도 점점 얼떨떨해지는 것 같았다.
정신없이 대답하고 있는 동안에 이제 몇 문제 남지 않았다.
""자, 이제는 최종 문제입니다. 일 초 동안에 비행기 또는 로켓의 사진을 스크린에 비출 겁니다. 여러분들은 그 동안에 어떤 형의 비행기인지 또는 로켓인지를 맞춰 주시면 됩니다. 준비되셨습니까?""
라이트가 스르르 꺼졌다. 우리들의 뒤쪽의 스크린에 계속 사진이 비치기 시작했다. 1초라면 대단히 짧다고 생각하겠지만 실제로는 그렇지 않았다. 잘 알고 있는 사람에게는 1초라도 충분히 생각할 수 있는 시간인 것이다. 긴장되어 스크린을 보고 있었다. 그리고 됐다 라고 생각했다.
비친 사진은 100년 전의 아직 프로펠러를 사용하지 않던 시대의 비행기가 많았다. 나는 그전부터 역사를 대단히 좋아했다. 비행기의 역사도 상당히 공부해 놓았다. 그래서 구식 비행기에 대해서도 꽤 자세히 알고 있는 편이었다.
이 문제에 대해서 거의 딴 소년들은 실패하였다. 뉴워싱턴 대표도 대답하지 못했다.
이 소년은 처음으로 하늘을 날았던 비행기의 선조 라이트 형제의 복엽 비행기를 몰랐다. 이윽고 내 차례가 되었다. 사진이 비쳤다.
""독일의 비행정입니다. 세계 최초의 대형 비행기입니다.""
나는 쉽게 대답할 수 있었다.
""좋습니다. 이것은?""
사진이 바뀌어졌다. 그것도 아는 것이었다.
""B-52형 폭격기입니다.""
""잘 알았습니다!""
슈미트가 큰 소리로 말했다.
순간 대회장의 조명등이 일제히 켜졌다. 나는 눈이 부셔서 눈을 뜰 수가 없었다.
""반갑습니다. 로이 마샬 군! 당신은 세계 항공회사 퀴즈에 우승하였습니다. 이리 나와 주십시오.""
나는 꿈을 꾸고 있는 것 같은 기분으로 슈미트 앞으로 걸어 나갔다.
텔레비전의 카메라는 일제히 나를 따르고 있었다.
슈미트가 내 손을 잡아 번쩍 드니 대회장에서는 우레 같은 박수 소리가 일어났다.
""거의 만점에 가까운 좋은 성적이었습니다. 그래서 로이 군은 본 퀴즈에서 우승을 했으므로 세계 어디든지 무료로 여행을 할 수 있게 되었습니다.""
나는 너무나 뜻밖의 일에 입안이 바싹 마르고 얼떨떨했다. 정말로 우승한 것이다. 꿈같이 생각했던 것이 실재로 이루어진 것이었다.
그렇게 생각하니 아무 말도 할 수가 없었다.
""로이 군, 어디에 가고 싶은가요? 남극에서 북극 사이라면 어디든지 갈 수 있습니다. 자, 희망을 말해 보십시오.""
대회장은 또다시 조용해졌다.
나는 용감하게 말했다.
""우주 스테이션에 가고 싶습니다.""
그 순간 슈미트의 얼굴은 깜짝 놀라는 표정이더니 곧 곤란하다는 표정을 짓고 나를 보았다.
대회장의 사람들 중에서 소란스러운 소리가 들려 왔다. 누군가는 웃고 있었다. 내가 장난기로 그렇게 말하고 있는 줄 아는 모양이었다.
슈미트는 웃었다.
""하하하....... 재미있는 소리를 하는군요. 그러나 로이 군, 이 여행은 특별한 상으로 지구상에 한한 것입니다. 규칙을 지켜 주십시오.""
모두가 와아 하고 웃었다.
그러자 도리어 용기가 났다. 나는 큰 소리로 짐 아저씨가 가르쳐 주신대로 말했다.
""나는 규칙을 잘 읽어보았습니다. 규칙에는 어디에라도 '지구의 표면'이라고는 쓰여 있지 않았습니다. '지구의 어디라도'라고 쓰여 있었습니다. 그렇다면 우주 스테이션에도 갈 수 있을 것입니다.""
슈미트는 웃음을 그치고 진지한 얼굴로 되돌아왔다. 대회장의 모든 사람들도 나를 주시하고 있었다.
""그것은 왜 그렇습니까?""
""2054년에 미국은 세계 각국과 협정을 체결했습니다. 지구의 영공 1,000 킬로미터 이내에 있는 우주 스테이션은 지구에 속한다고 협정서에 쓰여 있습니다. 그렇다면 제 1 우주 스테이션은 지구의 일부라고 말할 수 있습니다.""
슈미트는 뭐라고 말할 수 없는 기묘한 얼굴을 했다.
""로이 군! 아버님이 혹시 법률가가 아니십니까?""
""아닙니다.""
나는 고개를 흔들었다.




사실 슈미트가 그런 질문을 하게 된 것은 당연한 일이었다. 법률가가 아니면 우주법이라는 것이 있다는 것조차 모르기 때문이다. 그런 것을 나이 어린 내가 알고 있다는 것은 누군가가 분명히 가르쳐 주었다고 생각하는 것은 당연한 일이었다. 그러나 그것을 밝히게 되면 짐 아저씨에게 폐를 끼치게 될 것 같아 가만히 있었다.
슈미트는 이러쿵저러쿵 말하면서 나를 설득시키려고 하였다. 세계 항공 회사에서는 우주 스테이션에 간다는 것은 전연 생각하지 않았던 까닭이었다.
그래도, 나의 결심은 변하지 않았다. 그러는 동안 시간은 점점 흐르고 있었다.
더욱이 대회장에 모인 사람들은 나의 편이 되어서,
""로이 군, 잘 한다!""
""세계 항공 회사는 약속을 지켜라!""
라고 떠들기 시작했다.
만약 나의 희망을 들어주지 않는다면 세계 항공 회사는 완전히 신용을 잃고 말 것 같았다. 드디어 슈미트는 굴복하고 말았다.
""로이 군은 정말로 머리가 좋은 소년이군! 좋습니다. 로이 군이 말한 대로 제 1 우주 스테이션까지 여행하도록 해 드리겠습니다!""
대회장에서는 요란한 박수 소리와 환성이 뒤범벅이 되어 오랫동안 아무 소리도 들을 수가 없게 되었다.
나는 그 시끄러운 소리를 들으면서 마음속으로 여러 번 되풀이해서 오직 한 가지 생각만 계속했다.
<드디어 우주 스테이션에 가게 되었구나! 오랫동안 꿈꾸어 오던 우주 스테이션에!>

부모님은 반대




집에 돌아오니 아버지와 어머니는 거실에서 나를 기다리고 계셨다. 그 얼굴을 본 순간 오늘 일을 이미 텔레비전을 보시고 알고 계시는구나 하고 느꼈다.
""로이, 이리 좀 온.""
아버지께서 말씀하셨다.
나는 마음을 가다듬고 아버지 앞으로 나아갔다.
""우리에게 한 마디도 의논을 하지 않고 그런 경솔한 행동을 하는 것은 찬성할 수 없다. 로이!""
""용서하십시오. 그러나 저는 무리한 짓이라고 생각하지 않습니다. 우주 여행은 지금은 이미 절대 안전합니다. 우주 스테이션까지 가는 것쯤은 아무렇지도 않은 일입니다.""
""어른으로서는 그러하다. 그러나 너는 아직 어린애가 아니냐?""
""저는 이미 16세입니다. 어린애가 아닙니다.""
어머니께서 옆에서 말씀했다.
""그러나, 그렇게 먼 곳에.......""
""그렇게 멀지 않습니다. 어머니, 아프리카에 가도 5,000이나 6,000킬로미터가 되고, 남아메리카의 혼 곶(바다 쪽으로 부리 모양으로 길게 쑥 내민 육지)과 오스트레일리아까지는 1만 킬로미터 이상이 됩니다. 그런데 제 1 우주 스테이션은 단 800킬로미터 하늘에 오르는 것뿐이니 생각보다 훨씬 가깝습니다.""
나는 열심히 설명하고 부탁도 드렸다.
우주 여행이 시작된 지가 벌써 수십 년이 지났는데도 아직 지구를 떠나는 것을 대단한 일이라고 생각하는 사람이 많았다. 나의 부모님도 역시 그러한 생각을 가지고 계셨다.
""정말 너의 우주열에는 손을 번쩍 들었다. 어릴 때부터 그러길래 그러나 좀 자라면 달라지리라 생각했더니 점점 더 적극적이구나.""
아버지는 곤란하다는 듯이 말씀하셨다.
그리고 어머니도 말씀하셨다.
""정말로, 어째서 하늘에 올라가는 것을 그렇게 재미있어 할까? 지구에 있는 것이 더 즐겁다고 엄마는 생각하는데......?""
""어머니는 모르셔요. 지구는 우리들이 태어난 고향입니다. 그래서 제일 좋은 것은 틀림없지만 인류는 언제까지나 지구에만 눌러앉아 있을 수는 없습니다. 신천지를 찾아서 지구를 떠나가지 않으면 안 됩니다. 우리 미국 사람의 조상들도 그러셨죠. 먼 유럽에서 새로운 대륙을 찾아서 아메리카를 개척했으니까요.""
""로이, 너는 아무래도 완전히 짐에게 걸려들고 말았구나,""
아버지는 쓴웃음을 지으시며 말씀하셨다.
짐 아저씨는 아버지의 동생이었다.
나는 짐 아저씨에게 염려를 끼쳐서는 안 된다고 생각해서 얼른 말했다.
""그런 일은 없습니다. 짐 아저씨는 단 내게 지혜를 빌려 주셨을 뿐입니다.""
""봐라. 그렇지 않니? 정말 곤란한 분이시군.""
어머니께서 말씀하셨다.
""자, 오늘 저녁은 늦었으니까 자거라. 이 문제는 좀 더 침착하게 생각하기로 하자. 알겠느냐, 로이?""
그래서, 그 날 저녁의 꾸중은 그것으로 끝났다.
나는 '안녕히 주무세요' 하고 인사 드리고 내 방으로 돌아왔다. 내 방은 로켓 발사 광경의 사진과 행성의 사진들로 가득 차 있다.
내가 만든 로켓과 우주 스테이션의 모형도 있다.
나는 보통 때와 같이 책 옆에 두었던 천체 망원경이 있는 곳으로 갔다. 이 망원경은 푼돈을 저축하여 부품을 사서 나 혼자 조립한 자랑거리의 하나다. 나는 별이 총총한 하늘에 망원경을 조정하였다.




밤하늘에 총총 빛나고 있는 별들을 보고 있는 동안 아름다운 테를 쓴 토성의 모습이 눈에 들어왔다. 토성은 언제 보아도 굉장했다.
희미한 별들 중에 좀 다른 것이 하나 보였다. 극히 작고 계란형의 별이다. 잘 보고 있으니 그것이 천천히 지구의 둘레를 돌고 있었다.
그것은......그렇다! 우주 중계 스테이션 제 2호다.
8개의 우주 스테이션 중의 하나로, 하루에 지구를 네 바퀴 도는 것이다. 내가 갈 수 있을는지 모른다. 제 1 우주스테이션보다 더 멀리에 있다.
<지금 저 우주 스테이션에 가 있는 과학자도 틀림없이 이 지구상을 내려다보고 있을 것이다.......>
그렇게 생각하자 나는 또 마음이 울렁거렸다.
<과학자들은 도대체 어떤 생활을 하고 있을까? 거기서 보는 지구와 우주는 어떨까?>
한참 동안 나는 시간이 가는 줄도 모르고 우주 스테이션을 보고 있는데 갑자기 우주 스테이션은 오렌지색으로 빛나고 있었다. 잠깐 보고 있는 사이에 빨갛게 변화하는가 하면, 점점 빛이 희미해져 갔다. 몇 초 동안에 우주 스테이션의 모습은 캄캄한 우주의 어둠 속으로 사라지고 말았다. 지구의 그늘로 들어간 것이다. 즉, 우주 기지는 밤이 된 것이다.
거기에 과연 내가 갈 수 있게 될까? 나는 그렇게 생각하면서 망원경을 놓고 침대로 갔다. 그날 밤 나는 아버지와 다투는 꿈을 꾸었다.","방송국의 큰 텔레비전 스테이지에 나서니 관람석에 꽉 들어 찬 사람들이 일제히 박수를 쳤다.
나는 같이 나와 있는 다섯 사람의 출전자를 힐끔 돌아보았다. 그리고 조금 마음이 얼떨떨해졌다.",4493
우주소년 케무로,엘리엇,"위성 K호








{나의 이름은 컬리, 인공 위성 K호에 살고 있어요.
K호는 큰 테의 모양을 하고 있으며, 언제나 빙글빙글 돌고 있답니다. 테의 중심부에서 4개의 테의 받침대가 나와 있는데 테의 폭은 1000미터, 길이는 한 바퀴 돌면 4킬로나 됩니다.
테의 받침대가 나와 있는 중심부에는 여러 가지 기계들이 꽉 차 있고, 인공 위성을 움직이는 장소로 되어 있습니다. 여기에는 여러 사람의 기사들이 일하고 있는 곳이기도 해요.
K호의 중요한 일은 레이더 스코프(전파 수상경)와 텔레비전 스크린을 통하여, 지구나 그 밖의 유성을 관찰하는 일이어요. 그밖에도 지구에서 날아오는 로켓선이나 우주선의 진로를 정하거나 지시를 하기도 한답니다. 중심부의 큰 축의 머리에는 특별한 출입구가 되어 있어, 우주선에서 옮겨지는 보급 물자나 저장품을 운반하는 우주 트럭이 드나들고 있어요.
우주 트럭으로 오는 사람들은 다들 특별한 우주복을 입지 않으면 안 된답니다. 그렇게 하지 않으면 숨을 쉬지 못하기 때문이지요. 그러나 인공 위성의 안에는 대개 공기가 통하고 있어요.
인공 위성의 안에는 한 곳만 공기가 희박한 장소가 있는데, 여기서 우리들은 이 별에서 태어난 아이들과 살고 있답니다.
우리들은 태어나면서부터 공기가 희박한 특별한 방에서 살고 있어요. 우주모라든지 우주복 같은 것은 쓰거나 입고 있지 않아요. 그 대신 공기가 통하고 있는 방에는 못 들어가는 거죠.
우리들의 부모가 우리를 찾아올 때에는 우주복을 입지 않으면 안 돼요. 그러나 우리들이 찾아갈 때에는 특별한 장치가 되어 있는 방으로 들어가야만 한답니다.
이 인공 위성은 우리들의 할아버지와 할머니들이 만든 것이어요. 아버지나 어머니들은 아직 갓난 어린이 때 이 곳에 데리고 왔대요. 이 인공 위성을 만드는 데는 지구에서 우주선으로 여러 가지 부분들을 하나하나 뜯어서 가져와야 했기 때문에 그것은 대단한 작업이었다고 해요.
이렇게 해서 조립한 인공 위성은 절대로 떨어진다는 일은 생길 수가 없어요. 그리하여 한번 돌기 시작하면 관성으로 영원히 도는 것입니다. 속력은 시속 25000킬로이지만, 우리들은 조금도 그 속력을 느끼지 못하지요.
우리들은 지구에서 약 20000킬로 정도 떨어져 있습니다만, 지구에서 태어난 사람이라도 우주복만 입으면 인공 위성의 주위를 자유로이 걸을 수가 있어요.




그러나 수리 작업을 할 때는 몹시 피로가 심해지고, 몸을 로프로 묶지 않으면 안 됩니다. 발을 헛디뎌서 떨어진다는 일은 없지만, 원심력으로 멀리 떨어져 나가버려 다시 되돌아오는데 매우 힘이 들기 때문이어요.
우리들, 인공 위성 K호에서 태어난 사람들은 누구나 이름 앞에 K(케이)라는 문자를 가지고 있어요. 왜냐하면 이 인공 위성의 호출 부호가 'K'이기 때문이어요.
다른 인공 위성들도 우주의 여기저기에 많이 떠 있습니다. 어느 인공 위성도 제각기 다른 문자를 가지고 있으며, 그 곳에서 태어난 소년 소녀들은 모두 그 문자로 시작되는 아름을 가지고 있다는 거예요....... }


여기까지 쓰고서 컬리는 후우하고 크게 한번 숨을 내쉬었다.
""아아, 작문을 쓴다는 건 참 어려워.""
""뭐가 어려워? 있었던 일을 그대로 쓰면 되는 건데.""
하고 곁에서 케무로가 이렇게 말했다.
""그런 소리 하지 마. 정말 어려워. 인공 위성의 생김새라든지 아버지와 어머니, 그리고 우리들의 일까지 일일이 나타내려니까 말야. 그리고 나는 작문 대회에서 우승하고 싶단 말이야.""
""허허, 작문 대회 ? 그런 것도 있구나, 나의 때는 그런 것 없었는데. 이봐 컬리, 그것보다 우주카로 한 번 신나게 돌아보지 않겠니? 아주 재미있단다.""
컬리는 케무로보다 어리고 나이 차는 있었으나 둘은 형제처럼 다정한 사이였다.
""그래 가자. 그러나... 아아, 역시 작문이란 어려워. 우선 우주카조차 어떻게 나타냈으면 좋을지 모르겠어.""
""그야 뭐 안에는 좌석이 둘 있고, 날씬하고 긴 탈것이라고 쓰면 되잖겠니?""
하며 케무로는 방을 나서면서 컬리에게 가르쳐 주었다.
""원자력을 가진 작은 구슬이 에너지로 되고, 핸들 하나로 전진도 후진도 회전까지도 되는 것이라고 말야. 아니, 그렇게 자세하게는 안 써도 좋을 거야. 자 컬리, 우선 우주를 자유로이 마음껏 돌다가 오자구. 굉장한 일이야.""
소년들은 부모와의 면회실로 달음질쳐 갔다.
케무로는 버저를 누르고 커다란 스크린 앞에 섰다. 그러자 곧 키가 큰 사람이 스크린에 나타났다. 케무로와 아주 닮은 얼굴인데, 늠름하고 건장한 풍채이다. 바로 케무로의 아버지였다.




""안녕하셔요, 아버지. 컬리와 같이 우주카로 나갔다 오고 싶은데 어떨까요?""
""그래 좋아요. 컬리의 부모에게는 내가 말해 놓지. 그러나 조심하여야 한다. 멀리는 가지 말도록 해요.""
""네, 조심하겠어요.""
면회실을 나온 소년들은 오른쪽으로 돌아 제일 가까운 통로로 들어갔다. 거기서 모노레일(단궤 철도) 카를 타고, 우주 주차장에서 내렸다.
""역시 또 둘이 왔군. 우주카겠지, 케무로군.""
하고 주차장 계원인 샘이 투명한 헬멧 속에서 짐짓 퉁명스럽게 말했다.




샘은 어린 시절에 이 인공 위성으로 왔기 때문에, 공기가 통하는 장소로 나을 때는 언제나 우주복을 입지 않으면 안 된다. 헬멧 속의 얼굴은 텁석부리이며 우주복을 어색하게 입은 모습은 좀 무섭게 보였으나, 케무로와는 아주 다정한 사이였다.
""항상 주의시키는 데도 또 나가니 ? 우주선의 항로 근처를 날아다니는 것이 뭐가 그리 재미있냐?""
""재미있고 말고요. 자기도 가고 싶으면서.......""
하고 케무로는 입을 삐쭉하며 웃었다.
""이 녀석, 어른에게 함부로 말하는 법이 야냐.""
샘은 빙그레 웃으면서, 주차장에 서 붉은 우주카를 끌어냈다. 그리고 활주로가 있는 곳까지 날라다 주었다.
""원자력 구슬을 새로 넣어 놓았다. 그러니 케무로, 지금껏 보다는 더욱 속력이 날 테니 그런 줄 알고 운전하라구.""
""감사합니다 샘, 조심하죠.""
라고 대답하고, 케무로는 우주카의 조정석에 올라탔다.
붉은 우주카는 어뢰와 같은 모양으로 되어 있고, 앉기 좋은 좌석이 2개 있다. 그리고 케무로의 자리 앞에는 발과 손으로 움직일 수 있는 여러 가지 조종 장치가 되어 있었다.
컬리가 올라타자 케무로는 투명한 후드(덮개)를 끌어 당겨 우주카를 씌웠다.
출구가 열렸다.
곧 검고 번쩍거리는 듯한 주위의 빛이 사라지면서 푸른빛이 활주로를 비쳤다.
샘에게 손을 흔들면서 케무로는 스피드 레버를 움직였다. 1,2초 사이였다. 윙하는 진동 소리가 났다. 그것이 슛하는 소리로 변하면서 붉은 우주카는 활주로를 따라 스르르 미끄러져 나아갔다.




그리고는 인공 위성을 둘러싸고 있는 짙은 남색 속으로 붉은 어뢰와도 같이 힘차게 날아나간다.
케무로는 눈앞에 있는 레이더를 통해 한 대의 큰 로켓선이 다른 유성을 향해 일직선으로 날아오는 것을 보았다. 뒤돌아보니 인공 위성 K호는 이미 멀리 떨어져서 까마득하게 보였다.
케무로는 로켓선이 날아오는 향로에서 다소 떨어진 곳에 우주카를 세우고, 레이더 스크린을 주시했다. 자신도 모르게 등골이 으스스했다.
로켓선은 요란한 소리를 내면서 항로를 괴물처럼 돌진해 오고 있다. 너무 항로에 접근하면 로켓선에서 내뿜는 거품 같은 파도에 휘말려들 위험이 있다.
그 거품과 같은 파도를 받으면 우주카는 몹시 상하로 흔들린다. 케무로 등은 우주카에 탈 수 있는 것이 허용되어 있었으며, 실습반의 소년들에게는 그것은 스릴 만점의 놀이였다.
인공 위성의 아이들은 인력이나 심한 동요라는 걸 경험한 일이 없다. 학교에서 자세히 배우기는 했지만, 실제로는 어떤 것인지 잘 모르고 있다.
그러므로 거품 같은 큰 파도에 의해서 우주카가 상하 좌우로 마구 흔들릴 때, 그것은 참으로 경험하기 어려운 스릴인 것이다.
""온다, 왔다!""
작은 보라색의 점이 반짝이며 긴 선을 이끌면서 레이더 스크린 속에서 점점 커져 오는 것을 보고, 컬리는 완전히 흥분하고 말았다. 그러나 케무로는 얼굴빛이 변하며,
""아니, 스크린의 꼭 중앙에 왔어. 이건 너무 지나쳤다.""
하고 당황했다.
""그러나 이젠 어쩔 수 없잖아, 케무로.""
하면서 컬리는 눈을 멀고 먼 우주의 한 곳으로 돌리면서 태연하다.
""자, 바로 앞에 왔다 !""
순간 그 작은 점은 곧 금빛의 찬란한 큰 덩어리가 되었다가, 눈 깜짝할 사이에 일직선으로 날아가 버렸다.
그러자 거품과 같은 파도의 가장 밑부분에 우주카가 부딪혔다. 여느 때와 같이 파도는 우주카를 흔들며 그냥 스쳐가지 않았다.
반대로 우주카가 파도에 빨려 들어가고 만 것이다.
그리하여 우주카는 우주선의 뒤에 붙어서 어디까지나 계속 돌진해 간다. 케무로가 걱정하던 일이 마침내 일어나고 만 것이다.
케무로와 컬리는 계기를 보면서 그저 떨고 있을 뿐, 어떻게 할 도리가 없다.
그러고서 얼마나한 시간이 지났을까?
갑자기 우주카는 기우뚱 옆으로 기울더니 빙글빙글 돌기 시작했다. 그러다가 우주선에서 떨어져 나가면서, 오렌지색의 별무리 사이로 우주카는 일직선으로 처박히듯 날아갔다.","{나의 이름은 컬리, 인공 위성 K호에 살고 있어요.
K호는 큰 테의 모양을 하고 있으며, 언제나 빙글빙글 돌고 있답니다.",3280
우주의 초고속선,에드워드 스미스,"날아간 증기 탱크


""앗, 이게 어떻게 된 일이야.""
지금까지 틀림없이 책상 안에 있던 네모난 증기 탱크가 갑자기 날아가 버렸다. 젊은 과학자인 시튼은 깜짝 놀라 열린 창문 쪽까지 달려갔다. 그러나 달려가 봤자 별수 없다. 그 증기탱크는 열린 창문으로 튀어 나가, 부웅 하고 벌써 하늘 저편으로 조그만 검은 점이 되어 계속 날아가고 있었다. 똑바른 일직선이었다. 이 상태로는 떨어질 기미도 없다. 어, 어 하고 있는 동안에 그만 보이지 않게 되어 버렸다.
""도대체 왜 그렇게 되어 버렸을까?""
꿈이라도 꾸고 있는 것 같은 기분이 들었다. 시튼은 엉덩방아를 찧듯이 의자에 털썩 주저앉아 곰곰 생각했다.
'가만 있자, 내가 지금 뭘 하고 있었더라? 그래, 금속X의 액을 전기로 분해하려고 그 액이 든 병을 들고 있었어. 그러다가 액이 조금 증기 탱크 위에 쏟아졌던 거야.'
그 순간, 구리로 된 증기 탱크가 마치 우주 로켓으로 둔갑하기라도 한 것 같이 무서운 기세로 쌩하니 날아갔던 것이다.
""그럼, 금속 X의 액과 구리로 된 증기 탱크와 그리고 전기...... 음, 전기도 역시 작용하고 있겠지. 이 세 가지가 어떻게 이상하게 작용해서 그 결과 증기 탱크가 날아간 모양이다. 하지만 증기 탱크는 혼자 들지 못할 만큼 무겁다. 그것이 그런 속도로 날아가는 걸 보면, 이건 원자 에너지 같은 굉장한 힘이 생겼는지도 모른다. 하지만 그런 일이...""
시튼은 혼잣말을 하며 고개를 갸웃거리고 있다가,
""하여간 실험을 해 보자. 또 한 번 같은 일이 일어나는지 어떤지 해 보는 게 제일 빠르겠지.""
시튼은 우선 1개의 동선을 금속 X의 액에 담갔다. 그리고 꺼내 보니, 동선이 하얗게 반짝거리는 색으로 변해 있었다. 다음에 몸을 뒤로 젖히고 조심조심 전선을 그 동선에 갖다 댔다. 그러자, 자잘한 불꽃이 튄 것만을 보았는데,
""앗, 사라졌다.""
동선은 흔적도 없이 사라져 버렸다. 다만 벽 쪽에서 날카로운 소리가 짧게 난 것 같아서 벽 쪽으로 가 보았다. 그러자 한 곳에 작은 구멍이 뚫려 있었다. 들여다보니 밖이 내다보인다. 그 벽은 두꺼운 벽돌로 되어있었다. 지금까지는 벽에 이런 구멍이 없었던 것이다. 그렇다면......
""음, 아까 그 동선이 벽을 뚫고 날아간 거야.""
시튼은 눈이 휘둥그렇게 된 채 생각에 잠겼다. 시간이 흘러갔다. 1시간...... 2시간...... 3시간........
창 밖이 어두워졌다.
""앗, 벌써 10시구나. 이거 야단났군. 오늘 저녁에는 일찍 돌아가서 누이동생과 저녁을 먹겠다고 단단히 약속을 했는데.""
시튼은 허둥지둥 돌아갈 채비를 하고 자기 연구실을 나왔다. 복도를 걸어가니, 옆방의 같은 연구원인 듀켄의 방에서는 아직도 불빛이 새어나오고 있었다.
'듀켄도 참 열심인 친구야.'
시튼은 금속 연구소를 나오자, 애용하는 오토바이에 올라타고 코네티컷 거리를 누이동생이 기다리고 있는 아파트를 향해 달렸다. 그 동안에도 아까의 그 이상한 일이 머리에서 떠나지 않았다. 그리고 그럭저럭하는 동안에 아주 그럴 듯한 생각이 떠올랐다.
""응, 그렇게만 된다면 굉장히 재미있게 되겠는걸.""
시튼은 오토바이의 부르릉 소리에 지지 않을 만큼 큰 소리를 치면서 흥분하여 마구 속력을 냈다. 정말 위험하기 짝이 없었다. 아파트 가까이 와서야 겨우 자기가 곡예사처럼 위험하게 달리고 있다는 것을 깨달았다.
""나는 바보 멍텅구리 중에서도 큰 멍텅구리야. 이제부터는 생각을 할 때에는 오토바이가 아닌 당나귀를 타야겠는걸. 내일부터는 금속 연구소에 내가 탈 당나귀를 한 마리 매어 놓아야겠어.""
그런데, 시튼은 그 당나귀에 금속 X의 액을 묻혀서 전기를 척 갖다 대는 일을 이번에는 상상하기 시작했다. 집 앞에서 오토바이를 내려 아파트 입구로 걸어가 계단에 발을 내디딜 무렵, 상상 속에서 그 당나귀는 씩씩한 천마로 변하여 별이 빛나는 우주를 날고 있었다. 그 말의 안장에 시튼이 올라타고 있었다. 그러나 깜짝 놀라 시튼은 제정신으로 돌아왔다. 공상에 열중해 있는 바람에 하마터면 계단을 헛디딜 뻔했던 것이다. 6층의 자기 집에 들어가자 세수를 하면서, 테이블 앞에 앉아 뾰로통하게 화가 나 있는 누이동생 도로시에게,
""도로시, 미안 미안. 배가 고프구나. 이상한 일이 있어서, 그만 정신없이 열중해 버렸던 거야. 네가 화내는 것도 무리는 아니다만.""
""화내고 있는 게 아니어요. 사고라도 난 게 아닌가 하고 걱정하고 있었을 뿐이어요.“
도로시는 기분을 돌렸다.
""곧 식사하도록 해요.“
""응, 그 전에 내 얼굴을 봐 주지 않겠니? 내 신경이 잘못되어 버린 게 아닌지, 눈 속을 좀 봐 다오.""
도로시는 시튼의 눈을 살펴보는 시늉을 했다.
""오라버니 시튼은 제정신이라고 인정합니다. 그런데 무슨 일이 있었어요? 무슨 큰 실수라도 저질렀어요? 코발트 폭탄으로 과학국을 꽝 해 버린 건 아니겠지요?“
""아니야. 어쩌면 그보다 더 큰 사건인지도 몰라. 오늘저녁때, 내가 금속 X의 액을.........""
""잠깐만요, 오빠. '금속 엑스'가 뭐여요?“
""아, 그렇구나. 금속 X란 백금이라는 반지 같은 걸 만드는 퍽 값비싼 금속인데, 광물에서 그 백금을 취하고 난 찌꺼기가 10년 내지 15년치나 쌓여 있었던 거야. 물론 내가 금속 연구소에 들어가기 전부터의 것이지. 나는 그 찌꺼기에 가공을 해서 아주 약간이긴 하지만 다시 백금을 취했던 거야.“
""찌꺼기에 백금이 약간 남아 있었던 셈이군요.""
""그래. 그리고 백금 외의 금속도 조금 취할 수 있었어. 그런데 정체를 알 수 없는, 현대의 학문에서 아직 알려져 있지 않은 금속이 뒤에 남았지 뭐냐- 나는 그것이 어쩌면 초(超)우란원소의 금속이 아닌가 생각해. 그것이 바로 금속 X야.“
시튼은 그 액체를 실험하고 있다가 그만 증기 탱크가 날아가 버렸다는 것을 이야기했다.
""그건 아직도 어딘가를 날고 있을지도 몰라. 아냐, 틀림없이 그럴 거야. 소리의 6배, 7배, 8배나 빠른 속도로 말이야. 나는 내일 또 한 번 실험해 볼 생각이야. 어쩌면 내일 저녁도 늦어질지 모르겠어. 쓸쓸하겠지만 참아 줘.""
""좋아요. 오빠가 즐거워 보이니까요.""
도로시는 한숨을 내쉬었다.  그러나 그것은 오빠와 누이동생이 의좋게 지내고 있다는 깊은 행복의 한숨이었다.

시튼 남매와 크레인


시튼은 소년 시절을 북 아이다호의 산 속에서 자랐다. 그 곳은 눈 쌓인 높은 산과 원시림과 드넓은 목초지의 세계였다. 어머니는 도로시를 낳고 얼마 안 되어 세상을 떠나고 말았다. 아버지는 숲가의 통나무집에서 시튼 소년과 갓난아기인 도로시를 누구의 도움도 빌지 않고 깊은 애정을 기울여 키웠다. 시튼 소년은 험한 산에 오르기도 하고, 골짜기의 개울에서 낚시질을 하며 건강하게 자라났다. 그렇게 자라면서 자연이 몹시 신비로운 것으로 여겨져 왔다. 모르는 일이 많이 생겨났다. 그래서 아버지에게 물으면, 아버지는 이렇게 말했다.
""나는 네 질문에 대답을 할 수가 없지만, 네 엄마는 공부하기를 매우 좋아해서 항상 책을 읽고 있었다. 책은 고스란히 그대로 상자에 넣어서 소중하게 보관해 놓았으니 까, 네가 읽을 만한 것부터 읽어보도록 해라.“
시튼은 사막에서 물을 구하는 사람처럼 정신없이 열중해서 어머니의 책을 탐독했다. 어머니는 이렇게 벽촌구석이기 때문에, 자기가 공부를 해서 아이들의 질문에 대답할 수 있도록 하려고 유익한 책을 모아 둔 것이었다. 그러나, 어느 날 불행이 닥쳐왔다. 산불이 일어나 통나무집이 홀랑 타 버리고 말았다. 아버지는 통나무집 속에서 불에 타서 숨졌다. 고아가 된 시튼은 혼자 읍내로 나갔다. 어린 도로시는 아버지의 친구인 나무꾼이 맡아 주었다. 시튼은 일을 하면서 학교에 다녔다. 공부도 뛰어나게 잘 했지만, 운동도 무척 좋아했다. 그리고 시튼은 요술의 명수였다. 시튼의 손가락은 길고 튼튼하며, 눈에도 띄지 않을 만큼 빨리 움직였다. 시튼은 친구들에게도 누구에게나 호감을 사고 있었지만, 학예회 같은 때 발포하는 시튼의 요술 솜씨는 전문가도 못 따라갈 정도로 능란해서 항상 인기를 모으고 있었다. 대학의 물리학부를 수석으로 졸업한 시튼은 대학의 연구실에 초빙되어, 우란 등 극히 드문 금속을 연구하여 박사가 되었다. 그리고 워싱턴에 있는 금속 연구소에 근무하게 되었다. 이젠 일류 학자였다. 시튼은 대학을 졸업하자 곧 누이동생 도로시를 자기 아파트로 데려와서 학교에 보냈다. 학교를 졸업하자 시튼의 친구인 변호사 사무소에 다니게 했다. 두 사람은 의좋은 남매였다. 시튼은 학자가 된 뒤에도 연구실에만 틀어박혀 있지는 않았다. 튼튼한 몸매에 키도 크고, 훌륭한 스포츠맨이었다. 틈만 있으면 테니스, 수영, 오토바이 타기 등을 하여 항상 몸을 단련하고 있었다.
테니스에서는 일류 선수였다. 아무튼 전 미국 아마추어 테니스 선수권 결승전에서 유명한 크레인과 겨루었을 정도이다. 크레인도 좋은 청년이었다. 크레인은 뛰어난 스포츠맨일 뿐만 아니라, 탐험가, 고고학자, 그리고 억만 장자로서 이름이 알려져 있는데다가 로켓 기술자로서 세계에서 손꼽히는 인물이었다.
크레인은 시튼과 테니스 선수권 전에서 겨우 이겨 챔피언의 지위를 지킬 수는 있었지만, 시튼이 아주 좋아져서 둘이 테니스의 복식 팀을 만들지 않겠느냐고 제의했다. 시튼은 곧 승낙했다. 두 사람은 친구가 되었다. 크레인은 궁전 같은 저택에서 살고 있고, 시튼은 지저분한 아파트의 6층에서 가난한 생활을 하고 있었지만, 두 사람의 우정에는 아무런 변함도 없었다.","""앗, 이게 어떻게 된 일이야.""
지금까지 틀림없이 책상 안에 있던 네모난 증기 탱크가 갑자기 날아가 버렸다.",3438
운현궁의 봄,김동인(장편),"- 1장 -


무술(戊戌)년 이월 초이틀이었다. 정월부터는 봄이라 하되 이름이 봄이지, 이월 중순까지도 날이 춥기가 여간이 아니었다. 아침 저녁은커녕 낮에도 혹혹 쏘는 바람이 나뭇등걸에서 노래하고 있었다. 길이며 뜰에 널린 나무 부스러기이며 종이 조각들이 이리저리 날아다니고 있었다.
그 날 운현궁 안의 공기는 그다지 좋지 못하였다. 무슨 커다란 수심이 있는 듯이, 하인들이 동으로 서로 분주히 왕래하며, 구석마다 모여서 무엇이 근심스러운 듯이 수군거리고 있었다.
오정이 지나면서부터는 하인들의 수선거리는 것이 더욱 심하였다. 연하여 밖으로 심부름을 나가는 하인들이 있었다. 대궐이며 각 궁이며 권문들에게도 연하여, 혹은 대감 혹은 청지기들이 운현궁으로 왔다.
밖의 싸늘한 바람은 더욱 강하여졌다. 펄펄 종이 조각들이 하늘을 날아다녔다. 햇빛도 그 바람에 흔들리는 듯하였다. 휙휙거리는 바람 소리도 꽤 강렬하여, 뜨뜻이 불을 땐 방 안에서라도 그 소리만 들어도 추위를 느낄 만하였다.
그런 심한 바람 가운데서도 무엇이 분주한지 무엇이 근심스러운지, 하인들은 방 안에 들어가지도 많고 뜰을 수군거리며 왕래하였다.
문득―
안에서 곡성이 울려 나왔다.
""아이고―아이고!""
한 마디에 시작된 그 곡성은 삽시간에 퍼졌다. 내전 사랑 할 것 없이 그 곡성은 삽시간에 전파되어 온 궁내가 곡성으로 화하였다. 궁밖으로 모여든 많은 백성들이 궁문 밖에서 근심스러운 얼굴로 손을 읍하고 서 있었다. 궁에서 사람이 나올 때마다 백성들은 무슨 말이라도 나올까 하여 입을 바라보고 있었다.
근심스러운 소식, 듣기 싫은 소식, 그러나 또한 십중 팔구는 반드시 나올 소식을 그들은 겁 먹은 마음으로 기다리고 있는 것이었다. 그들의 귀에도 그 궁 안에서 나오는 곡성이 들렸다.
""운명하셨다!""
누구의 입에선가 이런 말이 나왔다. 모두들 머리를 숙였다. 그리고 그 들의 깨끗한 옷이 더럽힌다 하지 않고 땅에 꿇어 앉았다.
""가셨구나!""
""대감 가셨구나!""
궁 안에서 시작된 통곡성은 밖에서도 화창되었다.
이 날이 조선 근대의 괴걸이요, 유사 이래 어떤 제왕이든 감히 잡아 보지 못하였던 '절대'적 권리를 손에 잡고 이 팔도 삼백여 주를 호령하며, 밖으로는 불란서, 미국, 청국 들을 내려 누르고, 안으로는 자기의 백성의 복지를 위하여 그의 일생을 바친 흥선 대원군 이하응(興宣大院君 李昰應)이 별세한 날이다.
조선 오백 년 역사에 있어서 조선을 사랑할 줄 알고, 왕가와 서민, 정치가와 백성, 웃사람과 아랫사람의 지위를 참으로 이해한 단 한 사람인 우리의 위인 이하응이 그 일생을 마친 날이다.
""우―위!""
내일 모레면 섣달 그믐이라는 대목이었다.
어떤 길 모퉁이에서 한 취객이 큰길로 나왔다.
""우―위!""
꽤 깊은 밤이었다. 큰길이라야 당시의 장안의 길은 그다지 크지를 못하였다. 게다가 허투루 내버린 물이 모두 얼어서 미끄럽기가 짝이 없었다.
""취하는군!""
꽤 취한 모양이었다. 걸음걸이가 그야말로 이보 전진 일보 후퇴였다. 한 걸음 나가서는 팔짱을 찌르고 몸의 중심을 잡으며 한참씩 서서 있고 하였다.
근본은 양반인 모양이었다. 그러나 그 행색이 초라하기가 짝이 없었다. 해어진 도포, 떨어진 갓, 어느 모로 뜯어 보든지 한 표랑객에 지나지 못하였다.
개가 한 마리 따라오면서 짖었다. 마치 물고 늘어지려는 듯이 그에게 달려들면서 짖었다.
그는 비틀거리던 발을 멈추었다. 그리고 돌아섰다. 초라한 옷, 작다란 몸, 어디로 보아도 시원치 못한 이 취객은 자기에게 드리다가 달려드는 개를 굽어 보았다. 객을 짖던 개는 그 취객이 돌아서므로, 따라오던 걸음을 멈추고 뒷다리를 버티고 이제라도 취객의 목을 향하여 올라뛸 듯한 자세로서 잠시 마주 보았다. 취객은 개를 돌아보았다. 돌아볼 동안 아직껏 비틀거리던 그의 몸이 멎었다. 그는 자기에게 달려드는 개를 호령을 할지 어를지 주저하는 모양이었다. 이 주저하는 양을 개는 알아보았다. 잠시 뒷다리를 버티고 겨누고 서 있던 개는, 한 소리 지르며 취객의 몸을 향하여 올라뛰었다. 순간이었다. 취객은 몸을 비꼈다. 자기가 몸을 비끼기 때문에 올라뛰다가 도로 떨어지는 개에게 향하여 그의 호령이 내렸다.
""요 망할 강아지!""
놀랍게 우렁찬 음성이었다. 그 초라하고 왜소한 취객이 어디서 그런 우렁찬 소리가 나는가 의심할 만큼 놀라운 소리였다. 대지가 울리었다. 하늘까지 울리는 듯하였다. 그 우렁찬 소리에 놀란 것은 그를 물려고 달려들었던 개였다. 개는 이 우렁찬 소리에 위압되어 힐끗 그를 향하여 돌아는 섰지만, 잠시 멍하니 그 취객을 쳐다만 보고 있었다. 개는 취객을 쳐다보았다. 취객은 개를 굽어보았다. 잠시 개를 굽어보고 있던 취객은 오른편 발을 들었다가 땅을 쿵 하니 내려 찧었다.
""지리 가!""
한 마디의 호령이나마 이 취객에게 위압된 개는 즉시 복종하였다. 개는 잠시 더 취객을 쳐다보다가 슬며시 꼬리를 내려 끼고 돌아서 버렸다. 그리고 여음과 같이 두어 마디 더 킹킹 짖어 보면서 골목으로 돌아갔다.
""망할 놈의 강아지, 남의 술을 다 깨우는군!""
취객은 그 개 때문에 취기가 깨는 것을 애석히 여기는 듯이, 기다랗게 숨을 한 번 쉰 뒤에 다시 비틀거리는 걸음으로 그 곳서 발을 떼었다.
""우―위! 백설이 만건곤하니……""
아까 어느 기생집에서 기생이 부르던 노래를 코로 흥얼거리면서 얼음진 대지를 비틀비틀, 어둠 가운데로 사라졌다.
―낙척 시대의 흥선군 이하응(李昰應)이었다.
후일에 조선 팔도 삼백 주를 호령하던 대원군―당시의 한 가난한 종친에 지니지 못하는 흥선군 이 하응은 취한 걸음을 비틀비틀 옮겼다. 향하는 곳은 경운동 자기의 집이었다.
왕족의 한 사람으로 흥선도 자라서는 봉군(封君)이 되어 '군'이라는 명칭은 붙어서 흥선군이라는 명색이 있기는 있었다. 그러나 가난하고 세력 없고 그 위에 당시의 권문(權門)인 김씨 일족이며 그 밖 권도가들에게 멸시를 받고, 거리의 무뢰한들과 짝하여 술이나 먹고 투전이나 하러 다니는 그는, 어디로 보든지 한 개의 표랑객이지, 왕족으로 보이지 않았다. 단지 때때로 뜻 없이 호령을 할 때나, 혹은 무슨 마음에 맞지 않는 일 때문에 획 돌아서고 말 때에 그의 무서운 위압력이, 걸핏 보아서 범인(凡人)이 아닌 그림자가 눈 밝은 사람에게는 보이는 뿐이었다. 가난한 종친, 권세 없는 왕족―이 주정뱅이 공자는 어두운 밤바람 찬 거리를 비틀거리는 걸음으로 자기의 집으로 향하고 있었다.
""모레가 그믐이라, 떡쌀이나 있나?""
물론 없을 것이었다. 떡쌀은커녕 내일 아침 조반쌀이 있을지 없을지도 의문이었다. 아침에 부인에게 꼭 좀 마련하여 오란 당부를 단단히 받고 나온 흥선군은, 나오다가 어떤 술 친구를 만나서 술 친구가 끄는 바람에, 부인의 당부도 잊어버리고 어떤 기생집에서 진일을 술로써 보낸 것이었다. 그리고, 부인의 당부는 잊었던 것이었다. 술 때문에 얼마만큼 마음이 호젓하게 된 그였지만 발이 집에 가까워짐을 따라서 흥그럽던 마음이 차차 무거워졌다. 그리고 마음의 무거움음 발로 전염되어 발의 걸음도 차차 무거워졌다.
""우―위! 취하는군!""
타성으로 다시 한 번 트림을 하면서 이렇게 중얼거렸지만, 아까 개의 사건과 차차 가슴을 무겁게 하는 근심에 취기도 꽤 깨었다.
금옥낭청에 운학선은 바라지 않는 바다. 그러나 종친 공자로서 쌀 걱정, 설 지낼 걱정까지 하지 않을 수가 없으니 이게 어찌된 세상이냐? 태조의 거룩한 피를 물려받은 자기로서, 어디 개뼈다귀인지 알 수도 없는 외척들에게 눌리어서 감히 머리도 들지를 못하니 이것이 무슨 세상이냐?
비틀거리던 걸음걸이도 이제는 바르게 되었다. 추위도 막기 겸, 비틀거리는 걸음에 중심도 잡기 겸, 깊이 팔짱을 찌르고 머리를 가슴에 묻고 길을 걷던 그는 활개를 펴고 머리까지 높이 들었다.
""화무 십일홍이요 달도 차면 기우느니―""
시조라 할까 노염의 부르짖음이라 할까, 이 때 그의 입에서 나온 이 소리는 해석할 자 없었다.
명문 민씨의 가문에 태어난 부인은 짜증을 부린다든가 바가지를 긁는다든가 그런 여도(女道)를 벗어난 일은 하지 않았다.
그러나 설을 지낼 쌀이 떨어진 집안의 주부로서 화평한 얼굴은 할 수가 없었다.
술이 취하여 머리를 숙이고 들어오는 흥선을 부인은 미소로서 쳐다보았다.
""어디서 잘 잡수셨구료?""
마음의 모든 불평과 불안은 '여덕(女德)'이라는 커다란 보자기로 싸고 온순과 인종이란 미덕으로써 장식한 귀여운 마음씨였다.
여기 대하여 흥선은 부끄러운 듯이 외면을 하여 버렸다. 그 미안을 감추기 위하여,
""어, 취하는군!""
하면서 추운 듯이 몸을 한 번 떨었다.
부인이 물었다.
""나가셨던 일은 마음대로 되셨습니까?""
결기 있던 흥선이었다. 부인에게 이런 채근을 받을 때에 이전과 같으면,
""되고 안 되는 것을 여편네가 참견할 것이 아니오.""
하고 튀겨 버릴 것이었다. 그러나 돌아오기 전부터 벌써 꽤 미안함을 느끼고 있던 흥선은 힐끗 곁눈으로 부인을 한 번 본 뒤에,
""내일 되겠소. 날도 춥기도 하고.""
하면서 한 번 너털웃음을 웃었다.
내일이라 말은 하였다. 그러나 흥선에게는 내일이 아니라 열흘을 연기할지라도 과세 준비를 할 플랜이 서지를 않았다.
김모 민모 홍모 조모 이모, 지금의 세가요 지금의 금만가인 수없는 사람의 이름과 형지가 어른어른 그의 머리를 스치고 지나는 갔지만, 그 아무한테도 가서 지금 자기의 궁경을 호소할 곳이 있음직도 안했으며, 호소할 지라도 그 호소에 얼마만큼이라도 동정하여 줄 사람은 절대로 없을 것이다. 부인에게 향하여 내일이면 되리라고 너털웃음으로 넘겨 버리기는 하였지만, 그 내일 일이 딱하기 가이 없었다. 모일이 딱하고 기막힌 흥선은 다시 부인의 얼굴을 보지 않고 어서 자리에 들어갈 준비를 하였다.
이튿날, 이 파립폐의의 공자의 모양은 다시 거리에 나타났다. 상갓집 개와 같이 가는 곳마다 구박을 받는 이 공자는, 그래도 행여 구박하지 않는 고마운 세가가 하나 있지 않나 하여, 대목의 바람 찬 거리거리를 헤매고 있었다. 각 척신과 세가며, 노론, 소론, 남인, 북인(戚臣, 勢家, 老論, 少論, 南人, 北人)의 틈에 끼어서 돈 없고 세력 없는 이 공자는 기침 한 번을 크게 할 수가 없고, 아무리 굶어 죽는다 할지라도 어디 가서 쌀 한 되를 청하여 볼 집이 없었다. 그러나 섣달 대목을 당하여 몰려올 빚쟁이도 피할 겸 부인에게 맹세도 한 체면상, 오늘은 어떻게 해서든지 과세의 준비를 좀 해 가지고 들어가지 않으면 안 될 날이다.
―사람의 종자는 거리에 우글우글하되 나 갈 곳은 없구나!
거리를 둘러 보아도 수많은 사람들이 이리저리 바쁜 듯이 왕래를 하며, 벽제 소리 요란하게 저편 앞에는 어떤 세가의 행차가 지나가는 것을 볼 때에, 이 공자의 입가에는 쓴웃음의 자취가 스치고 지나갔다. 얼마를 거리를 헤매고 있던 이 공자의 작다란 몸집은, 그 날 낮 좀 지나서 권문 팽경장(彭景長)의 집 사랑에 나타났다.
""대감, 그간 무양하시오?""
인사를 하는 체면상 흥선의 얼굴에는 미소가 나타났다. 그러나 이제 바야흐로 안 하지 않을 수 없는 창피하고도 괴로운 말 때문에 그의 미소의 뒤에는 고통의 그림자가 숨어 있었다. 두세 문객을 앞에 앉히고 아랫목 안석에 기대어 비스듬히 앉아 있던 경장은, 힐끗 눈을 굴려서 흥선을 바라보았다. 검은자위보다도 흰자위가 많은 눈찌였다. 무엇하러 왔느냐는 표정이었다. 그 경장의 흰 눈자위에 향하여 다시 한 번 미소하여 보이지 않을 수가 없는 흥선이었다. 흥선은 또 한 번 미소하였다.
""에이, 날도 지독히 춥게 되었읍니다.""
하면서 손을 비비며 웃목에 종그리고 앉았다.
지벌로 보아서 거기 있는 문객들은 당연히 흥선보다 아랫사람이매, 들어오는 흥선에게 대하여 당연히 인사를 하고 자리를 비키지 않으면 안 될 것이었다. 그러나 세가 팽 판서의 문객인 그들의 눈에는 , 가난하고 세력 없는 이 공자는 사람으로 보이지조차 않았다. 한 번씩 힐끗 돌아본 뒤에는 모두 흥선에게는 등을 지고 말았다.
팽도 무론 흥선을 대척하지 않았다. 두 번째 인사에 대하여 한 번의 대답도 안 하였다. 그리고 차디찬 일벌을 다시 한 번 흥선의 위에 던진 뒤에 둘러앉은 문객들과 아까의 이야기를 계속하기 시작하였다.
""―그래서 책망을 하지 않았겠소? 아 참, 어이가 없어서……""
무슨 이야기인지는 모른다. 좌우간 팽은 여기까지 이야기하고는 사뭇 우스운 듯이 하하하하 하고 웃었다. 둘러앉았던 무리들도 이 우습지도 않은 이야기에 허리가 끊어질 듯이 웃고들 있었다. 웃목에 종그리고 앉은 이상 이제 일어서서 다시 나갈 수도 없었다. 이미 앉은 이상 이제 일어서서 다시 나갈 수도 없었다. 그러나 앉았자니 누구 하나 자기를 대척하려 주는 사람이 없었다. 도대체 경솔히 앉았던 것부터가 실수였다. 아니, 이 집에 들어온 것―그보다 더 앞서서 누구의 힘을 입으려던 것부터가 실수였다. 이러한 냉대를 받을 것은 당연히 예측이 될 것이어늘 구구히 남의 집을 찾을 생각을 내었던 것부터가 실수였다. 다시 일어설 수도 없고 그냥 앉아 있을 수도 없게 된 흥선은, 자기의 거취를 찾지를 못하고 다시 아랫목에서 계속되는 이야기에 귀를 기울이지 않을 수가 없었다.
팽과 그의 문객들은 무슨 이야기인지는 모르지만 아까의 이야기를 그냥 계속하였다. 때때로 팽이 웃었다. 그러면 문객들은 허리가 끊어질 듯이 웃고 하였다. 그다지 우습지도 않은 이야기가 분명하지만, 팽이 웃기만 하면 문객들은 이 세상에 다시 없는 우스운 이야기인 듯이 방바닥을 두드리며 웃고 하였다.
웃목에 웅크리고 앉은 가난하고 세력 없는 공자 흥선의 가슴은 타는 듯하였다. 오래 겪어 온 모멸(侮蔑)이며, 경험하고 또 경험한 수치도, 너무 받기 때문에 지금은 그런 모멸에 대하여는 거의 신경이 마비된 흥선이로되, 오늘은 유난히도 가슴 쏘았다. 일어서려 일어서려 몇 번을 몸을 움직여 보았다. 그러나 거저 일어서기도 너무 싱거웠다. 여기서 일어서려면 땅을 한 번 차고 발을 한 번 구른 뒤에 왜가닥하니 문을 박차고 나가지 않으면 안 될 것이었었다. 그러나 몸은 아무리 왕가의 피를 받은 흥선이로되, 권도로서 도저히 팽의 뒤천보를 따를 수 없는 그는 그것은 할 수가 없었다. 도로 나가려도 나갈 만한 빌미조차 잡을 수가 없었다.
아랫목에서는 한 토막의 이야기가 끝이 난 모양이었다. 팽이 앞에 놓였던 기다란 담뱃대를 끌어당겼다. 그러매 그의 앞에 있던 한 문객은 황급히 담배를 담아 바쳤다. 유황 성냥을 황급히 화로에 긋는 사람도 있었다. 한 대의 담배에 대하여 경쟁하듯이 제각기 팽의 심부름을 하였다.
팽은 담배를 붙여 물었다. 삼등초(三登草)의 푸르른 연기가 한 순간 그의 얼굴을 감추었다. 그 연기가 사라지기 시작하렬 때에 팽은 비로소 흥선에게 향하여 첫 말을 던졌다.
""아 참, 대감 언제 오셨소?""
흥선이 온 것을 이제사 알았다는 표정이었다.
마음이 이리 끓고 저리 끓던 흥선이었다. 그러나 오랜동안의 그의 습관으로 그의 얼굴에는 이 때에 비굴한 미소가 떠올랐다.
""방금 왔읍니다. 날도 몹시 차게 되었읍니다.""
팽의 얼굴에 어리어 돌던 연기가 사라졌다. 두 번째의 연기가 다시 그의 얼굴을 덮었다. 그 가운데서 팽의 두 번째의 말을 던졌다.
""이즈음 어떠시오? 방에 불이나 때구 살으시오? 아이구 얼어서 면상이 모두 허옇게 부었군.""
지근한 모멸(侮蔑)의 말이었다. 흥선의 얼굴에는 칵피가 피어 올랐다. 숨까지 딱 막히는 듯하였다. 그러나 그는 이 노염을 눌렀다. 그리고 그 팽의 말에 달려 늘어졌다.
""대감, 어떻게 그렇게 잘 아시오. 이즈음 곤란하여 참 죽을 지경이외다.""
""참 그럴 걸! 내 좀 돌려 드릴까?""
""네, 그러면 고맙겠읍니다.""
""얼마나? 한 두어 번이면 될까?""
팽은 좌우를 둘러 보았다. 좌중 문객들에게서 돈을 수렴하려는 눈치였다. 문객들은 눈치가 빨랐다. 팽이 둘러 보는 기수에 제각기 얼른 꺼내려는 주머니를 뒤졌다. 한 문객이 팽의 앞에 돈 두 돈을 웃음과 함께 공손히 바쳤다. 팽은 그 돈을 받았다. 한 닢 두 닢 세어 보았다. 그런 뒤에 웃목에 있는 흥선에게 향하여 스무 닢의 엽전을 뿌려 던졌다.
""과세나 잘 허우.""
아랫목에서는 집이 무너져 나갈 듯이 웃는 소리―
흥선은 눈과 코와 귀가 모두 아득하여졌다. 아랫목에서 여러 사람이 크게 웃는 소리가 마치 십 리 밖에서 나는 소리같이 작다랗게 들렸다. 흥선은 일어섰다뿐 비틀거리는 몸을 지탱하여 문을 열자 밖으로 뛰쳐 나왔다. 그의 등을 향하여 웃음 소리가 또 한번 굉장히 울렸다.
""퉤!""
입을 벌리기조차 추운 겨울날이었다. 바람이 쏘는 듯 하였다. 그러나 극도의 분노와 불쾌 때문에 입의 침이 죽과 같이 걸게 된 흥선은, 연하여 얼어붙은 땅에 침을 뱉으며, 어디인지 자기로도 목적이 없는 길을 걷고 있었다. 쌀? 과세? 그런 문제는 이제는 생각도 않았다. 어디 개뼈다귀인지 알지도 못하는 팽 경장에게 수모를 받고, 거기 모여 있는 하향 천인들에게 웃기운 것이 분하기가 짝이 없었다.
""이놈들을!""
아아, 마음대로 하자면 뼈를 갈아 먹어도 시원하지 않은 일이다. 그러나 뻔히 자기로서는 어찌하지 못할 일임을……
이런 때에 임하여 이 온갖 고난과 수모를 다 겪고 또 겪은 흥선의 머리에 떠오르는 생각은 이런 것이었다. 상감께는 가까운 혈기가 안 계시다. 상감 승하하신 뒤에는 이 팔도 삼백 주의 어른이 될 분은 당연히 종친 중에서 골라 내지 않을 수가 없을 것이다.
아아, 장래에 만약 그런 날이 생긴다면―자기에게는 아들이 있다. 종친 중의 한 사람인 자기에게는 장래 이 나라의 통치자로서 아무 부끄러움이 없을 훌륭한 아들이 있다. 그 때―만약―만약……
팽? 김? 민? 이? 이 세상에 두려울 자 누구랴. 지금 자기를 이렇듯 수모한 팽도 그 날에는 땅에 코를 끌면서 자기에게 절하리라.
추위도 감각하지 못하였다. 자기가 걷는 곳이 어디인지도 알지 못하였다. 분노와 망상 때문에 흥선은 머리를 가슴에 푹 묻고 땅만 내려다보며 연하여 퉤 퉤 침을 뱉으며 걸었다. 이 망상에 빠져서 제정신을 못 차리는 흥선의 귀에 그의 분노를 더욱 돋구려는 듯이 저편 길 모퉁이에서 벽제 소리가 요란히 나기 시작하였다.
""물렀거라 비껴라! 에―이놈들, 모두 앉거라!""
그 요란스럽고 호기 있는 벽제 소리로 미루어, 어떤 권문의 행차인 것이 짐작되었다. 아직껏 깊이 머리를 가슴에 묻고 걷던 흥선은 그 머리를 번쩍 들었다. 분노에 불붙는 눈자위였다. 작은 몸집이나마, 초라한 행색이나마, 그 흥분된 눈을 치뜰 때에는, 그 눈에는 장래 이 삼백여 주를 호령한 운현 대감 이하응의 위엄이 드러나는 것이었다. 어떤 놈―이 벽제 소리 요란히 지나가는 놈은 또 어떤 놈이냐? 마주 서서 욕하고 꾸짖을 신분은 못 되나마, 하다 못해 백제 소리를 향하여서라도 노염의 눈을 던져 보자는 것이었다.
행차는 가까워 왔다. 대제학(大提學) 김병학(金炳學)의 행차였다.
""자, 추운데 이 아래로 쑥 내려오시지요.""
대제학 김 병학의 사랑, 권하는 사람은 주인 병학이요, 권을 받는 사람은 파립폐의의 흥선이었다. 팽에게 받은 수모 때문에 머리가 거의 혼란하게 되었던 흥선은, 또한 이 뜻하지 않은 병학의 호의에 경이의 눈을 던지지 않을 수가 없었다.
""야, 이 방에 불 더 때라. 자, 대감 담배나 붙이시오. 여보게, 대감께 얼른 담배 붙여 올리게.""
사면을 지휘하여 흥선을 환대하려는 눈치가 분명하였다. 그렇지 않아도 뜨거운 방에 불까지 더 때라고 야단이었다. 흥선은 눈을 들어서 병학을 바라보았다. 상갓집 개와 같이 가는 곳마다 수모와 멸시만 받는 이 공자는, 병학의 환대와 호의가 고맙기보다 오히려 무시무시하였다. 눈을 부릅뜨면 해라도 그 빛을 흐리게 할 만한 병학으로서, 아무 돌아볼 곳이 없는 자기에게 이런 호의를 쓴다는 것이 흥선에게 있어서는 오히려 기적이었다. 흥선은 잠시 병학의 얼굴만 물끄러미 바라보고 있었다.
주인의 명령에 의지하여 공손이 바치는 담배를 흥선은 받아서 피웠다. 가난에 가난을 거듭한 몇 해, 수수밭 귀퉁이에 심었던 상담배에나 익은 흥선의 입에는 좀 과히 독한 성천초(成川草)였다. 재채기가 나려 하였다.
""대감, 이 즈음 어떠십니까?""
무슨 소리를 하느냐? 내 살림이 곤궁할 것은 너희들이 번히 아는 바가 아니냐? 내 쓴 갓을 보아라. 내 입은 옷을 보아라. 휘늘어진 비단 옷에 싸인 병학을 흥선은 대답 없이 그냥 바라만 보았다. 그러나 대답 없는 그의 눈은 이렇게 말하였다.
―걱정 마오. 당신네의 덕분에 잘 사오. 딸 잘 둔 당신네 집안보다는 조상 잘 둔 우리 집안은 좀 못 하기는 하지만 굶지는 않소.
흥선은 입이 비로소 열렸다.
""조상이 막혀(莫如)딸이라―대감은 이런 상문자 아시오?""
비틀어진 미소 아래서 새어 나온 물음이었다. 병학은 눈을 둥그렇게 하였다. 시정의 무뢰한 가운데 섞여서 시민들의 상말과 속담과 재담과 해학에 능한 이 타락한 공자의 기상천외의 질문은, 명문 김 병학에게는 알지 못할 말이었다. 잠시 눈을 크게 하고 흥선의 얼굴을 바라본 뒤에 씩 웃고 말았다. 흥선의 입가에 떠돌던 비틀어진 미소는 드디어 홍소로 변하였다.
""하하하하! 조상이 막여 딸이라― 하하하하, 하하하하!""
폭발된 노염 띤 홍소였다. 처치할 곳 없는 분노를 홍소로서 처치하려는 것이었다.
""하하하하, 하하하하! 대감 모르시는구료. 우리 같은 상놈이나 알지 대감이 어떻게 그런 문자를 아시겠소?""
체기가 내려가는 것같이 흥선의 가슴은 얼마만큼 시원하였다. 허리가 끊어질 듯이 웃고 있는 객과, 눈을 둥그렇게 하고 있는 주인―이 방에는 잠시 이상한 기운이 떠돌고 있었다.
""불로초로 술을 빚어 만년배에 가득 부어……""
""자 대감, 잔을 드세요.""
기생이 부르는 권주를 따라서 병학은 흥선에게 술을 권한다. 흥선은 잔을 들었다. 연거푸 마셨다. 또 먹고 연거푸 먹었으나 취기는 도무지 돌지 않았다. 아니, 취기가 돌지 않았다면 어폐가 있다. 취기는 돌았으나―취기가 곧기 때문에 정신은 더욱 똑똑하여갔다. 공복에 독한 술이 들어갔기 때문에 그의 머리는 여간 어지럽지 않았다. 그 가운데서 세 가지의 생각이 엉기어서 돌아갔다. 팽의 집에서 받은 수모―그 기억이 더 확대되어 그를 괴롭게 하였다. 잔을 들다가도 그 잔을 도로 놓고 킁킁 코를 울리곤 하였다.
병학의 이 환대가 또한 그의 머리를 어지럽게 하였다. 아무 환대 받을 까닭이 없다. 자기는 아무리 종친이라고 하나 세력 없고 돈 없고―시정에 배회하는 한낱 부랑자요, 저편 쪽은 나는 새라도 떨굴 만한 세력가이어늘, 무슨 까닭으로 오늘 이렇게 자기를 환대하나? 아까도 어떤 그렇지 못할 손님이 온 것도 '일이 있어 못 만나겠다'고 그냥 돌려 보내고 자기를 환대를 하니 그 까닭을 알 수가 없었다. 이 문제도 그의 머리를 꽤 어지럽게 하였다.
세째는 자기의 가사 문제였다. 아까는 팽에게 대한 분노 때문에 거기 생각이 미칠 겨를이 없었으나, 술 때문에 머리가 사면으로 활동할 수 있게 된 그에게는, 지금 그 가사 문제가 머리에 걸리어 돌아갔다.
집을 나올 때에 부인은 중문까지 따라 나오면서 그를 바래 주었다. 점잖은 집 부인이라, 그 뜻을 입 밖에까지 내지는 않았지만, 오늘은 꼭 좀 마련하여 오라는 당부에 틀림이 없는 것은 흥선도 잘 알았다. 그러나 어디서? 이제는 어디 가서 말해 볼 용기도 없었다. 바로 굶어 죽는 한이 있을지라도, 다시는 거기 대하여 입을 뗄 수 없었다. 이렇게 입을 뗄 수는 없는 일이지만, 또한 어떻게 해서든 마련하지 않으면 또 안 될 일이었다.
병학에게 말하여 볼까, 이렇듯 자기를 환대하는 것을 보면 자기에게 호의를 가지고 있는 것이 분명하다. 호의를 가지고 있다치면 팽과 같이 자기를 망신시키지는 않을 것이다. 술 기운도 합하여 좀 용기를 얻은 흥선은, 몇 번을 이렇게 마음먹고 입을 열려 하였는지 알 수 없다. 그러나 급기 입을 열려면 차마 벌려지지를 않고 하였다.
이러한 여러 가지의 생각에 머리가 어지럽기가 짝이 없는 흥선은 그 분풀이라는 듯이 연하여 술만 공격하였다. 병학은 끊임없이 권하였지만 병학이 권하기 전에 흥선은 잔을 들고 하였다.
""대감, 어떠세요?""
병학이 이렇게 물을 때에 흥선은 방금 받은 잔을 땅하니 상에 놓으며, 취기를 한꺼번에 토하고 머리를 번쩍 들었다.
""나 늘 먹는 막걸리보다는 맛이 좀 낫소.""
하구 무엇을 살피는 듯이 사면을 한 번 둘러 본 뒤에 주인을 찾았다.
""대감!""
""네?""
""한참 앉아서 보아야 지금이 대목인데 이 댁에는 빚 받으러 오는 사람이 없으니, 대체 대감은 빚을 안 지셨소? 혹은 지고도 받으러 못 오게 하는 묘책이라도 있소?""
병학은 눈을 크게 하였다. 그 뒤에 눈을 삼박거렸다. 이 질문을 그냥 웃어 버릴지 혹은 변명이나 대답을 해야 할지 모른 것이었다. 뒤따라 흥선의 말이 그냥 계속되었다.
""만약 받으러 못 오게 하는 묘책이라도 있으면 내게 좀 전수를 하시오. 오늘 당장부터라도 써 먹어야겠소.""
눈만 삼박거리리던 영초(潁樵) 김 병학은 싱겁게 씩 웃었다. 그리고 기생에게 흥선이 놓은 술잔을 눈짓하였다.
""자, 약주나 드세요.""
""아니, 술이 아니라 하 이상해서 그러오. 대목이면 빚쟁이들이 대문이 메어서 들어오는 법인데, 이 댁에는 아무리 보아야 그런 기색도 없으니 말이외다. 보아하니 대감네 가사 비용은 우리 따위보다는 퍽 많이 들 게외다. 술도……""
흥선은 잔을 들었다. 그리고 코로 술의 냄새를 맡아 보고 혀 끝으로 맛을 보았다.
""우리 먹는 먹걸리보다는 훨씬 비쌀 게야. 안주도―이건 뭐요? 해파리? 이건 또 비철의 오이? 톡톡히 걸렸을걸! 이런 건 나 같은, 조상이나 잘 둔 사람을 위해서 따로이 마련한 것은 아니겠지요? 대감 댁에서 보통 쓰시는 것이겠지요? 그 많은 가사 비용을 빚 안 지고야 어떻게 당하겠소? 빚은 나보다 몇 천 곱 몇 만 곱 되리다. 한데 빚쟁이가 안 오니 웬 일이오? 못 오게 하는 묘책이라도 있소?""
주정군의 헛소리로 넘기기에는 너무도 쏘는 말이었다. 진정한 질문으로 듣기에는 너무도 기경한 말이었다. 영초는 이 잘못하다가는 재미 없는 시비가 일어날 듯한 장면을 뚫고 나아가기 위하여 연하여 미소를 그의 얼굴에 나타내었다.
""대감, 그런 농담은 차차 하시고 잔이나 드세요. 오래간만에 대감과 대작을 하게 되니 퍽 반갑소이다. 자, 어서 잔을 드세요.""
영초의 눈짓에 기생은 흥선을 위하여 다시 권주가를 뽑아 내었다.
그러나 흥선은 완강히 잔을 들지 않았다. 공복에 독한 술을 먹었기 때문에 검붉게 된 얼굴에다가 기괴한 미소를 띠고, 정면으로 영초의 낯을 바라보면서 완강히 '묘책 전수'를 요구하였다.
""―게다가 나 같은 사람은 호구지책으로 변변치 않은 난초 장도 그려서 팔고, 투전판에도 뽑이나 하거니와, 대감은 그런 재간도 있다는 소문도 없으니 돈 생길 데가 없어. 그러면서 이 많은 비용을 어디서 구해 내시오?""
""하하하하, 대감도 농담도 너무 심하시구료.""
""농담? 내가 농담이오?""
흥선은 정색을 하였다. 그리고 획 기생을 돌아보았다.
""야, 너의 집에는 빚쟁이가 안 오느냐?""
기생도 미소하였다.
""왜 안 올 리가 있읍니까?""
""와? 오며는 그럼 너는 어떻게 하느냐?""
""그러기에 이런 대감 댁에 와서 숨어 버리지 않습니까?""
""여기 숨는다? 그걸 보오. 이 댁에는 빚쟁이가 못 오게 하는 무슨 묘책이 있기에 여기 피신까지 하는 게 아니오? 자, 대감 응? 그―그―어 취한다.""
휙 지독한 취기가 한 번 그의 머리를 덮고 지나갔다. 그 취기 때문에 비틀거리는 몸을 그냥 팔꿈치로 상에 기대고 흥선은 푹 머리를 수그렸다. 과세 비용의 걱정이 술 때문에 무섭게 확대되어 갑자기 그의 가슴을 눌렀다.
""에, 가 봐야겠군?""
잠시 머리를 수그리고 있던 흥선은 갑자기 비틀비틀 일어섰다. 그러나 공복에 독한 술이 들어갔기 때문에 온 몸이 마비된 흥선은, 자기의 몸을 마음대로 일으킬 수가 없었다. 반만큼 일어나다가 다시 털썩 주저앉아 버렸다.
""허허, 몹시 취했군! 내 몸이 내 마음대로 안 된담? 대감! 영초! 영초! 나 여기서 한잠 자겠소.""
흥선은 몸을 번 듯이 거기 뉘었다.
""한송정 솔을 베어 조그맣게 배를 무어―어, 취한다! 우리 늙은 마누라 쌀이나 좀 바꾸어 왔나……""
흥선은 거기서 혼혼히 잠이 들어 버렸다.
그러나 거기서 혼혼히 잠은 들었으나 흥선의 잠은 오래 계속되지 못하였다. 마음 속에 숨어 있는 커다란 수심 때문에, 잠이 든 지 얼마 되지 못하여 번쩍 눈을 떴다.
""으…ㅁ!""
소리 기지개와 함께 흥선은 사면을 살펴 보았다. 처음 한 순간은 부드러운 처네와 뜨뜻한 넓은 방이 낯설었지만, 그것이 영초의 집 사랑 정침(正寢)이라는 것을 깨달으면서 흥선은 몸을 일으켰다. 일어나매 아까의 기생이 시중을 들려고 기다리고 있다가, 흥선에게 수정과 한 대접을 바쳤다.
""응, 한잠 잘 잤군! 어서 집으로 가야겠군.""
흥선은 양치를 한 뒤에 자기의 의관이 어디 있는지를 살필 때에, 침방 문이 열리며 거기서 주인 영초가 나타났다.
""벌써 다 주무셨소?""
""아이구, 잘 얻어먹고 낮잠까지 자고……인젠 가야겠소.""
""왜 좀더 천천히 가시지요. 해정이나……""
말을 계속하는 것을 흥선은 가로막았다.
""해정이 뭐요? 어서 가야지. 집에서는 눈이 빠지게 기다릴 터인데―""
그 말을 들었는지 못 들었는지, 영초는 거기에는 대답지 않고 가까이 내려왔다. 그리고 흥선이 자리를 비키려는 것을 손짓으로 막고 자기는 발치에 물러앉았다.
""가신다 해도 그 옷이 모두 구겨져서 어떻게 그냥 가십니까? 저 방에……""
영초는 손을 들어서 제 침방 쪽을 가리켰다.
""잠깐 가 보세요. 변변치는 못하나마 갈아 입으실 옷을 준비했읍니다.""
흥선은 눈을 들어서 영초의 얼굴을 바라보았다. 마주 자기를 돌아다보는 눈―그것은 결코 당대의 권문 대제학 김 병학의 눈이 아니요, 한 개 사람―서로 접근할 수가 있는 '사람' 김 병학의 눈이었다. 흥선은 잠시 영초의 눈을 바라보다가 말 없이 일어섰다. 영초의 눈에 조금이라도 불쾌한 자위가 있으면 여니와 흥선은(까닭을 모르지만) 호의로 찬 영초의 말을 거절할 수가 없었다.
침방에 들어가 보매 시동(侍童)이 의복 일습을 보료 아래 녹이고 있었다. 갓에서 버선 대님, 허리띠며 주머니에 이르기까지, 의복 일습이 자기를 위하여 준비되어 있었다.
흥선은 거기서 시동의 손을 빌어서 옷을 갈아 입었다. 벗어 놓고 보니 자기의 낡은 옷은 구기기는커녕 때도 꽤 많이 끼어 있었다. 그것을 벗어 던지고 흐늘어지는 비단 옷을 입고 나니, 가난에 젖은 이 공자의 몸은 마치 하늘로 날아 올라라도 갈 듯하였다.
""우화 등선―그러나 몸이 헤픈 것이 옷을 입은 것 같지를 않소.""
이것이 이 좋은 새 옷을 준 데 대한 흥선의 인사였다. 영초는 미소하면서 대답했다.
""변변치 않은 옷이외다.""
""과연 변변치 않소이다. 대감께는 많이 있는 옷이니 변변치 않을 것이고, 내게는 입어도 입은 것 지 않으니 변변치 않고―나 같은 사람에게는 주어야 그럴 듯한 인사도 못 받는 법이외다. 하하하!""
이 자기에게 극진한 호의를 보여 주는 영초에게 대하여 얼마의 조력을 청하고 싶은 생각은 뒤를 이어서 일어났다. 그러나 이러한 호의의 위에 더 무엇을 청구할 만한 용기까지는 생겨 나지를 않았다. 영초는 자기의 초헌(軺軒)까지 등대하여 두었다가 돌아가는 흥선으로 하여금 타게 하였다. 비단 옷에 잠긴 몸을 초헌에 싣고 구종 별배를 앞뒤에 단 이 공자―세상일 것 같으면 당연하고 또 당연한 일일지나, 흥선은 마치 위압된 듯이 몸을 초헌 위에 웅크리고 있었다. 초헌에 몸을 싣고 구종 별배를 뒤에 단 이 호화로운 공자가 마음 가운데는 당장의 끼니와 쌀 걱정까지 하는 사람이라고는 알 사람이 없었다. 호화로운 초헌에 대하여 길 가는 사람들은 경의를 표하였다.
이리하여 흥선은 표면으로는 위세 좋게 자기의 댁으로 돌아왔다. 집에까지 돌아온 흥선은 대문 밖에서 영초의 하인들을 돌려 보냈다. 그리고 마치 피하듯이 몰래 사랑으로 들어갔다. 비록 가난은 하나마 자존심이 지극히 높은 그, 아침에 부인에게 부탁을 받고 나갔다가 빈손으로 돌아온 변명을 하기가 귀찮았다. 팽 경장에게 눈물나는 수모를 받았다는 말은 체면상 못 할 일이었다. 김 병학에게 술을 얻어 먹고 옷을 얻어 입고 왔노라는 말도 역시 못 할 말이었다. 이 모는 못 할 말들을 피하기 위하여 흥선은 몰래 사랑으로 기어 들어간 것이었다.
그러나 사랑에는 뜻밖의 광경이 그의 눈을 둥그렇게 되게 하였다. 당연하게 추울 사랑이었다. 해어진 보료며 해어진 장침(長枕)이며 해어진 안석이 놓여 있을 사랑이었다. 아침에 자기가 나갈 때도 그러하였다. 다시 돌아온 지금에도 당연히 그러하여야 할 것이었다. 그런데 그 방 안에서 첫 번 주인을 맞은 것은 뜨뜻한 공기였다. 서늘하고 음침하여야 할 방에 뜨뜻한 공기가 가득 차 있었고, 아랫목에는 비단으로 꾸민 새로운 보료며 안석이며 장침 사방침들이 주인이 돌아오기를 기다리고 있었다. 구멍이 여기 저기 뚫려 있을 문창도 어느 틈에 모두 깨끗이 발리었다. 이 (영초에게 얻어 입은 것이나마) 비단 옷에 감긴 공자에게 그다지 손색이 없는 방으로 어느덧 변하여 있었다.
""?""
아직 술이 채 깨지 않은 흥선은 눈을 이리 그리고 저리 찡그리며 살펴보았다. 틀림없는 자기의 집이었다. 내다보면 쓰러져 가는 아래채며 거미줄 천지의 추녀며―자기의 집임에는 틀림이 없었다. 그러나 그 쓰러져 가는 집의 방 안뿐은 아침과는 형태를 완전히 달리한 것이었다.
흥선은 이것을 부인이 한 일로 알았다. 자기를 내보내기는 하였지만, 아무리 하여도 변통해 올 듯싶지 않아서, 부인이 직접 다른 방면으로 활동을 하여 과세의 준비를 넉넉히 한 것이어니, 이렇게 생각하였다. 궁핍하여 부인에게까지 이런 수고를 끼치는 것이 더욱 마음에 불안하였다.
오늘 두 개의 인정을 보았다. 상갓집 개와 같이 가는 곳마다 구박만 듣고, 만나는 사람에게마다 수모만 받아서, 울분과 반발성만 마음 속에 잔뜩 길렀던 흥선은 오늘 본 두 개의 인정 때문에 눈물겨워졌다. 잠시 두 자리에 서 있다가 흥선은 갓과 웃옷을 벗어 걸고 안방으로 들어가 보기로 하였다. 모든 자기의 자존심을 벗어 버리고, 부인에게 미안하노라는 말 한 마디를 하기 위해서였다. 그리고 겸하여 김 병학의 호의를 말하고 팽 경장의 횡포를 말하여 같이 분해하고 같이 감사하기 위해서였다.
안뜰에 들어서 보니 아침까지도 쓸쓸하기 짝이 없던 안뜰에 활기를 띠었다. 부엌이며 뜰이며 쪽마루며 할 것이 없이, 하인들은 과세의 음식을 차리느라고 욱적하고 있었다. 세찬 한 군데 들어올 곳이 없는 이 가난한 공자의 집에도 하인들이 뜰에 우글거리고 다니니, 겨우 대목 같기도 하였고 사람 사는 집 같기도 하였다. 이 가운데서 흥선은 자기의 몸에 감기운 비단 옷을 서투른 듯이 굽어보며 댓돌 위에 올라섰다.
""백구야 훨훨 날지를 마라.""
이런 싱거운 때의 기분을 감추기 위하여 노래를 코로 부르면서 안방으로 들어오는 흥선을 부인은 일어서면서 맞았다. 이 부인을 따라서 일어서서 아버지의 귀택을 맞는 소년―애명(兒名)을 개똥이라 하는 이재황(李載晃)이었다.
""사동 김 판서가 세찬을 보내 주셔서…….""
부인이 흥선에게 이 말을 할 때는 부인의 눈에는 눈물까지 있었다. 모든 것이 영초의 보낸 물건이었다. 명색은 세찬이라 하되, 그것은 세찬이 아니요 당분간의 흥선 댁의 생활비와 생활 필요품 전부였다. 금전, 미곡, 그 밖에 생활품이 몇 짐, 영초에게서 세찬이란 명목으로 흥선에게 온 것이었다. 흥선은 눈을 감고 생각하였다. 아까 팽 경장에게 욕을 보고 추운 겨울의 거리를 지향 없이 돌아다닐 때에, 길에서 영초의 행차를 만나서 억지로 자기의 집으로 데리고 가던 영초―그 뒤 정성을 다하여 자기를 환대하던 영초―자기가 돌아올 때에 격식에 벗어나서 중문까지 자기를 보내 주던 영초―세력 없고 돈 없는 자기인지라, 거리의 마바릿군 하나도 자기에게 호의를 보여 주는 사람이 없는 이 기박한 세상에서, 당대의 권문인 영초 김병학이 이렇게 호의를 보여 준 것에 대하여 흥선은 감사하기가 짝이 없었다.
돌아보건대 현 상감의 직접 인척되는 김씨의 일족은 물론이요, 심모 남모 이모 홍모를 막론하고 동석(同席)하기조차 창피하다고 피하는 자기에게, 영초는 무슨 호의로서 이런 것을 보내었는가? 받을 가망이 없는 빚은 절대로 주지 않는 이 기박한 세상에서 영초는 무슨 까닭으로 자기에게 이렇듯 호의를 쓰나? 한참 눈을 감고 있다가 그 눈을 뜨면서 흥선은 이렇게 말하였다.
""응, 영초를 정승(政丞)을 시켜 주지.""
부인이 미소하면서 흥선을 쳐다보았다.
""정승은커녕 대감께 녹사(錄事) 하나를 시킬 권한이 있읍니까?""
""시켜 주지, 시켜 주어. 하다 못해 꿈에라도 시켜 주지.""
""그렇지요. 꿈에나 시켜 주지 생시에야 어떻게 시키겠읍니까?""
흥선은 잠시 떴던 눈을 다시 감았다. 때때로 생각하는 망상이 또 다시 그를 엄습하였다. 그 망상 가운데 나타나는 자기는 오늘과 같은 폐의파립의 가련한 공자가 아니요, 이 삼백여 주의 큰 나라를 호령할 대원군인 자기였다. 지금 영초가 보내 준 새 옷을 갈아 입고 아랫목에 기쁜 듯이 앉아 있는 재황은, 그 때는 아들이라는 명칭으로는 부르지도 못할 이 나라의 지존이었다. 그 때는, 그때야말로―
""부인!""
흥선은 눈을 감은 채로 부인을 찾았다.
""대왕대비마마(먼젓 번 임금 헌종의 어머니) 조씨(趙氏)께 진상할 무슨 세찬이라도……""
""아, 참 깜빡 잊었읍니다. 무슨―어떤 것을 하리까?""
""무엇이고 대비마마께서도 우리가 곤핍한 줄은 다 잘 아시니까 ××을 팔아서라도 대비께 세찬뿐은 잊어서는 안 됩니다.""
대왕대비(이 종실의 가장 웃어른)―비록 지금 낙척하여 조석의 끼니까지 부자유를 느끼는 형편이지만, 종의 한 사림이요 영특한 아들을 가지고 있는 흥선은, 거기 대하여 어떤 야망을 품지 않을 수가 없었다. 후사가 없으시고 몸이 약하신 현 상감―상감 불행히 승하하신 뒤에는 신왕을 지정할 권리는 종실의 어른되는 대왕대비가 가지게 될 것이다. 야심과 패기를 마음 속에 가득히 가지고 있는 흥선은, 아무 보잘것이 없는 지금의 지위에 있으면서도 그것을 뚫고 나갈 계획뿐은 끊임없이 하고 있었다. 그런 필요상 대왕대비뿐은 자기의 가난한 주머니를 털어서 늘 환심을 사 두기를 게을리하지 않은 것이었다. 한참 눈을 감고 있다가 흥선은 고요히 눈을 다시 떴다.
""영초는 영의정(領議政)의 재목은 못 돼. 우의정이나 주지.""
그리고 이 말에 미소로써 자기를 바라보는 부인을 흥선도 또한 미소로써 마주 보았다.","무술(戊戌)년 이월 초이틀이었다. 정월부터는 봄이라 하되 이름이 봄이지, 이월 중순까지도 날이 춥기가 여간이 아니었다. 아침 저녁은커녕 낮에도 혹혹 쏘는 바람이 나뭇등걸에서 노래하고 있었다. 길이며 뜰에 널린 나무 부스러기이며 종이 조각들이 이리저리 날아다니고 있었다.",13885
이런 음악회,김유정,"이런 음악회(音樂會)


내가 저녁을 먹고서 종로 거리로 나온 것은 그럭저럭 여섯점 반이 넘었다. 너펄대는 우와기 주머니에 두 손을 꽉 찌르고 그리고 휘파람을 불며 올라오자니까,
“얘!”
하고 팔을 뒤로 잡아,
“너 어디 가니?”
이렇게 황급히 묻는 것이다.
나는 삐끗하는 몸을 고르잡고 돌아보니 교모를 푹 눌러 쓴 황철이다. 본시 성미가 겁겁한 놈인 줄은 아나 그래도 이토록 씨근거리고 긴 달려듦에는, 하고,
“왜 그러니?”
“너 오늘 콩쿨 음악 대횐 거 아니?”
“콩쿨 음악 대회?”
하고 나는 좀 떠름하다가 그제야 그 속이 뭣인 줄을 알았다.
이 황철이는 참으로 우리 학교의 큰 공로자이다. 왜냐면 학교에서 무슨 운동 시합을 하게 되면 늘 맡아 놓고 황철이가 응원 대장으로 나선다. 뿐만 아니라 제 돈을 들여 가면서 선수들을(학교에서 먹여야 번이 옳은 건데) 제가 꾸미꾸미 끌고 다니며 먹이고, 놀리고 이런다. 그리고 시합 그 이튿날에는 목에 붕대를 칭칭하게 감고 와서 똑 벙어리 소리로,
“어떠냐? 내 어제 응원을 잘 해서 이기지 않았니?”
하고 잔뜩 뽐을 내고는,
“그저 시합엔 응원을 잘 해야 해!”
그러니까 이런 사람은 영영 남 응원하기에 목이 잠기고 돈을 쓰고 이래야 되는, 말하자면 팔자가 응원 대장일지도 모른다. 이번에는 콩쿨 음악 대회에 우리 반 동무가 나갔고 또 요행히 예선에까지 붙기도 해서 놈이 이제부터 응원대 모으기에 바빴다. 그러나 나에게는 아무 말도 없더니 왜 붙잡나 싶어서,
“그럼 얼른 가보지, 왜 이러구 있니?”
“다시 생각해 보니까 암만해도 사람이 부족하겠어.”
하고 너도 같이 가자고 팔을 막 잡아끄는 것이다.
“너나 가거라, 난 음악회 싫다.”
나는 이렇게 그 손을 털고 옆으로 떨어지다가,
“쟤! 쟤! 내 이따 나오다가 돼지고기 만두 사주마.”
함에는 어쩔 수 없이 고개를 모로 돌리어,
“대관절 몇 시간이나 하냐?”
하고 묻지 않을 수 없다. 그러나 그 대답이 끽 두 시간이면 끝나리라 하므로 나는 안심하고 따라 섰다.
둘이 음악회장 입구에 헐레벌떡하고 다다랐을 때는 우리 반 동무 열 세 명은 벌써 와서들 기다리고 섰다. 저희끼리 낄낄거리고 수군거리고 하는 것이 아마 한창들 흉계가 벌어진 모양이다.
황철이는 우선 입장권을 사가지고 와 우리에게 한 장씩 나눠 주며 명령을 하는 것이다. 즉 우리들이 네 무더기로 나뉘어서 회장의 전후좌우로 한구석에 한무더기씩 앉고 시치미를 딱 떼고 있다가 우리 악사만 나오거든 덮어놓고 손바닥을 치며 재청이라고 악을 쓰라는 것이다. 그러면 암만 심사위원이라도 청중을 무시하는 법은 없으니까 일등은 반드시 우리의 손에 있다고, 하나 다른 악사가 나올 적에는 손바닥커녕 아예 끽소리도 말라 하고 하나씩 붙들고는 그 귀에다,
“알았지, 응?”
그리고 또,
“알았지, 재청?”
하고 꼭꼭 다진다.
“그래그래 알았어!”
나도 쾌히 깨닫고 황철이의 뒤를 따라서 회장으로 올라갔다.
새로 건축한 넓은 대강당에는 벌써 사람들 머리로 까맣게 깔리었다. 시간을 기다리다 지루했는지 고개들을 길게 뽑고 수선스레 들어가는 우리를 돌아본다.
우리는 황철이의 명령대로 덩어리 덩어리 지어 사방으로 헤졌다. 나는 황철이와 또 다른 동무 하나와 셋이서 왼쪽으로 뒤 한구석에 자리를 잡았다.
일곱점 정각이 되자 북적거리던 장내가 갑자기 조용하여진다. 모두들 몸을 단정히 갖고 긴장된 시선을 모았다.
제일 처음이 순서대로 성악이었다. 작달막한 젊은 여자가 나와 가냘픈 음성으로 노래를 부르는데 너무도 귀가 간지럽다. 하기는 노래보다도 조그만 두 손을 가슴께 고부려 붙이고 고개를 개웃이 앵앵거리는 그 태도가 나는 가엾다 생각하고 하품을 길게 뽑았다. 나는 성악은 원 좋아도 안 하려니와 일반 음악에도 씩씩한 놈이 아니면 귀가 가려워 못 듣는다.
그 담에도 역시 여자의 성악, 그리고 피아노 독주, 다시 여자의 성악―그러니까 내가 앞의 사람 의자 뒤에 고개를 틀어박고 코곤 것도 그리 무리는 아닐 듯싶다. 얼마쯤이나 잤는지는 모르나 옆의 황철이가 흔들어 깨우므로 고개를 들어 보고 비로소 우리 악사가 등장한 걸 알았다. 중학 교복으로 점잖이 바이올린을 켜고 섰는 양이 귀엽고도 한편 앙증해 보인다. 나는 졸음을 참지 못하여 눈을 감은 채 손바닥을 서너 번 때렸으나 그러나 잘 생각하니까 다른 동무들은 다 가만히 있는데 나만 치는 것이 아닌가. 게다 황철이가 옆을 콱 치면서,
“이따 끝나거든.”
하고 주의를 시켜 주므로 나도 정신이 좀 들었다.
나는 그 바이올린보다도 응원에 흥미를 갖고 얼른 끝나기만 기다렸다. 연주가 끝나기가 무섭게 우리들은 목이 마른 듯이 손바닥을 치기 시작하였다. 이렇게 치고도 손바닥이 안 해지나 생각도 하였지만 이쪽에서,
“재청이오!”
하고 악을 쓰면, 저쪽에서,
“재청! 재청!”
하고 고함을 냅다 지른다.
나도 두 귀를 막고 ‘재청!’을 연발했더니 내 앞에 앉은 여학생 계집애가 고개를 뒤로 돌리어 딱한 표정을 하는 것이 아닌가.
이렇게 우리들은 기가 올라서 응원을 하련만 황철이는 시무룩하니 좋지 않은 기색이다. 그 까닭은 우리 십여 명이 암만 악장을 쳐도 퀑하게 넓은 그 장내, 그 청중으로 보면 어서 떠드는지 알 수 없을 만치 우리들의 존재가 너무 희미하였다. 그뿐 아니라 재청을 요구함에도 불구하고 이번에는 말쑥히 차린 신사 한 분이 바이올린을 옆에 끼고 나오는 것이다.
신사는 예를 멋지게 하고 또 역시 멋지게 바이올린을 턱에 갖다 대더니 그 무슨 곡조인지 아주 장쾌한 음악이다. 그러자 어느 틈에 그는 제멋에 질리어 팔뿐 아니라 고개며 어깨까지 바이올린 채를 따라다니며 꺼떡꺼떡하는 모양이 얘, 이놈 참 진짜로구나, 하고 감탄 안 할 수 없다. 더구나 압도적 인기로 청중을 매혹게 한 그것을 보더라도 우리 악사보다 몇 배 뛰어남을 알 것이다.
그러나 내가 더 놀란 것은 넓은 강당을 뒤엎는 듯한 그 환영이다. 일반 군중의 시끄러운 박수는 말고 위층에서(한 삼사십 명 되리라) 떼지어 악을 쓰는 것이 아닌가. 재청 소리에 귀청이 터지지 않은 것도 다행은 하나 손뼉이 모자랄까 봐 발까지 굴러 가며 거기에 장단을 맞추어 부르는 재청은 참으로 썩 신이 난다. 음악도 이만하면 나는 얼마든지 들을 수 있다 생각하였다. 그리고 저도 모르게 어깨가 실룩실룩하다가 급기야엔 나도 따라 발을 구르며 재청을 청구하였다. 실상 바이올린도 잘했거니와 그러나 나는 바이올린보다 씩씩한 그 응원을 재청한 것이다. 그랬더니 황철이가 불끈 일어서며 내 어깨를 잡고,
“이리 좀 나오너라.”
이렇게 급히 잡아끈다. 그리고 아무도 없는 변소로 끌고 와 세워 놓더니,
“너 누굴 응원하러 왔니?”
하고 해쓱한 낯으로 입술을 바르르 떤다. 이놈은 성이 나면 늘 이 꼴이 되는 것을 잘 알므로,
“너 왜 그렇게 성을 내니?”
“아니 너 뭐 하러 예 왔냐 말이야?”
“응원하러 왔지!”
하니까 놈이 대뜸 주먹으로 내 복장을 콱 지르며,
“예이 이 자식! 우리 건 고만 납작했는데 남을 응원해 줘?”
그리고 또 주먹을 내대려 하니 암만 생각해도 아니꼽다. 하여튼 잠깐 가만히 있으라고 손으로 주먹을 막고는,
“너 왜 주먹을 내대니, 말루 못 해?”
하다가,
“이놈아! 우리 얼굴에 똥칠한 것 생각 못 허니?”
하고 또 주먹으로 대들려는 데는 더 참을 수 없다.
“돼지고기 만두 안 먹으면 고만이다!”
이렇게 한마디 내뱉고는 나는 약이 올라서 부리나케 층계로 내려왔다.","내가 저녁을 먹고서 종로 거리로 나온 것은 그럭저럭 여섯점 반이 넘었다. 너펄대는 우와기 주머니에 두 손을 꽉 찌르고 그리고 휘파람을 불며 올라오자니까,
“얘!”
하고 팔을 뒤로 잡아,
“너 어디 가니?”
이렇게 황급히 묻는 것이다.",2659
이상한 존,올라프 스태플튼,"존과 나


내가 존의 전기를 쓸 작정이라고 했더니 그는 웃었다.
""아니 아니, 인간인 당신이 나에 대해서 쓰겠다고?""
존이 인간이라고 할 때, 그것은 '바보' 라는 것을 뜻할 때가 많다.
""그러나 고양이라도 왕을 볼 수는 있는 거야.""
하고 내가 말하자, 그는 소리 없이 웃고 나서 대답했다.
""그래요. 그러나 고양이가 진짜 왕을 알 수 있을까요? 고양이인 당신이 나를 알고 있느냐 말이요.""
이것이 소년 존이 어른인 나에게 대해서 말하는 입버릇이었다.
그러나 존이 말하는 것은 옳다. 그가 이끌고 있는 소년 소녀들에 의해, 세계의 6개국 큰 나라가 휘둘림을 받은 사실로도 충분히 알 수 있다.
그리고 존과 같은 무리가 아직도 살아 있을지도 모르리라는 추측은, 충분히 생각할 수 있는 일이라고 말하고 싶다.
아무튼 우선 존이 태어난 후의 이야기부터 해 나가기로 한다.
그의 아버지는 토마스 웨인라이트라고 하는 영국인의 의사였는데 그 선조는 아마도 스페인과 모로코 인의 피가 섞여 있을 것이라고 생각된다.
존의 어머니는 스웨덴 인의 피를 받고 있으며, 핀란드 인의 피도 조금은 들어 있었다.
그 두 사람 사이에 4명의 아이들이 태어났다. 두 여자 아이에 두 남자 아이였는데, 맨 막내의 남자 아이가 존이다.
존은 태어났을 때부터 매우 다른 데가 있었다. 나는 첫눈에 어쩐지 몸서리가 쳐졌던 것이다. 고깃덩어리가 퍼득퍼득 움직이기만 하는 괴물 같았으며, 웬일인지 식물같이도 생각되기도 했다.
1년쯤 지났을 때, 겨우 존은 갓 태어난 보통 아이와 비슷했다. 그로부터 반년이 지나서 비로소 눈을 떴던 것이다.
그것은 마치 잠자고 있던 풀이나 나무가, 봄이 되어 갑자기 싱싱해지기 시작하는 것과 같았다.
""어머, 저 큰 눈!""
하고 존의 누나들은 떠들썩했다.
그러나 나는 단지 큰 것뿐이 아니라, 어쩐지 무서운 눈이라고 생각했다. 동굴과도 같이 밑바닥을 알 수 없는 눈이었던 것이다.




그리고 얼마 후부터 팍스는 그를 '이상한 존""이라고 부르기 시작했다.
깜박 잊고 있었는데, 존의 아버지 토마스는 아내를 팍스라고 불렀다.
""아무튼 정말 상냥해서 말야. 평화의 여신 팍스라고 별명을 지은 거야.""
 아버지가 그렇게 부르므로, 존의 누나들도 엄마라고 부르지 않고 팍스라고 부르고 있었다. 그리고 모두들 아버지를 '닥'이라고 부르고 있었다. 닥이라는 것은 의사를 말하는 것이다.
존의 눈은 언제나 반짝반짝 빛나고 있었으며, 모든 것을 보려고 했다. 그런데 몸집 이외의 것들은 매우 발달이 늦어서 병신처럼 생각될 정도였다.
그가 4살이 되었을 때, 나는 그 집 앞을 지나서 역으로 가기 때문에, 그때마다 거의 매일 아침 존을 만났던 것이다.
그는 뜰에서 유모차에 앉아, 손발을 마구 움직이며 무엇인가 의미를 알 수 없는 소리를 지르고 있었다. 그 소리는 아기들의 소리와는 전혀 다른 것이었다.
누가 보아도 4살짜리 아이로는 믿어지지 않았다. 태어난 지 반년 정도의 아기로 밖에는 생각되지 않았다.
그런데 이 발육 불량한 어린이가 갑자기 말을 할 수 있게 되었다.
어느 화요일, 그는 여느 때처럼 의미를 알 수 없는 소리를 질렀다. 그런데 다음날이 되자, 팍스의 말을 확실히 알아듣는 것 같았다. 그리고 목요일에는 몹시 느리기는 했지만, 아주 정확하게 지껄이는 것이었다.
""난 밀크가 먹고 싶어.""
팍스는 깜짝 놀랐다.
""어머나, 존이 말을 했어요!""
두 누나도 놀랐다.
그런데 그 날 오후가 되자, 존은 그다지 상대를 해 주지 않는 손님을 보고 정확하게 이렇게 말하는 것이었다.
""돌아가요. 나는 당신이 별로 좋지 않아요.""
이와 같은 문법적으로 올바른 말은, 보통 아이들 같으면 학교에 들어가서 배우는 것이었다.
금요일과 토요일에 존은 아주 좋아하는 토마스와 팍스, 두 누나를 상대로 하여 말공부를 했다. 그리고 1주일이 지난 화요일에는 이미 그는 7살의 형보다 더 말을 잘하는 것 같았다.
 말할 수 있게 된 9개월 후, 누군가가 존에게 어린이용의 주판을 주었다. 그러자 그는 말없이 그것에 열중하고 있었는데, 몇 시간이 지나자 갑자기 주판을 내던지고 벌렁 누워버렸다.




""왜 그래, 존? 벌써 싫증이 났니?""
하고 팍스가 물었으나, 존은 대답하지 않았다. 좀 걱정이 된 팍스는 조용히 흔들어 보았지만, 그래도 존은 대답하지 않았다.
""존!""
놀란 목소리로 팍스가 외치자, 그때서야 비로소 존은 대답했다.
""조용해 주셔요, 팍스. 저는 숫자 때문에 바빠요.""
그러더니 잠시 후 존은 이렇게 물었다.
""팍스, 12 다음은 뭐라고 하나요?""
어머니는 30까지 세어갔다. 그 때, 존은 이상한 말을 했던 것이다.
""팍스, 어머니는 이 장난감과도 같이 바보군요.""
""왜 그렇지, 존?""
어머니는 어리둥절한 얼굴로 물었다. 존은 곧 그것을 증명하려고 했으나, 그것에 사용할 말을 전혀 모른다는 것을 깨닫고 팍스에게 여러 가지를 물은 다음, 왜 그런 말을 했는가를 설명하기 시작했다.
다시 말해서 인간은 수를 셀 때는 10진법을 사용하고 있는데, 말로 할 때는 12진법과 혼동되어 있지 않느냐고 하는 것이었다.
영어에서는 10을 텐이라고 한다. 그런데 그 다음에는 10과 1이라고 하지 않고. 일레븐, 그 다음은 10과 2라고 하지 않고 투웰브라는, 10진법이 되지 않는 말로 나타내고 있다는 것이었다.
""그러나 존, 누구나 생각할 때는 10진법으로 생각해요. 손가락이 10개이기 때문이야...... 그렇지, 그래 1다스라고 세는 방법도 있구나. 왜일까?""
그러자 존은 곧 이렇게 대답했다.
""인간이라는 건 모두 바보이기 때문이어요.""
꼬집어 말해서 이때부터 '이상한 존'은 인간은 모두 어리석다는 것을 알기 시작했다.
이윽고 존은 5살이 되었는데, 몸집은 여전히 아기 그대로였다. 걷지도 기지도 못했다. 그리고 몇 달 동안은 숫자와 우주의 신비만을 생각하고 있었기 때문에, 더욱 발의 발달이 늦어진 것이다.
존은 언젠가 기하 문제를 생각하다가 나에게 이러한 것을 물었던 것이다.
""만약에 당신이 하나의 직선 위를 끝없이 걷는다면, 맨 처음 곳에 되돌아오기 위해서는 얼마만큼 걸어야 할까요?""
우리들은 웃음을 터뜨렸으며, 팍스는 책망하는 투로,
""이상한 존!""
하고 소리쳤다.
그러나 비웃음을 받지 않을 수 없는 것은 우리 쪽이었던 것이다.
토마스 웨인라이트가 우선 그것을 깨닫고, 대학 교수를 모셔 오라고 말했다.
팍스는 반대했지만, 토마스는 열심이어서 마침내 어느 날 수학 교수가 찾아왔다. 그 교수는 존에 대해서 처음에는 대수롭지 않게 생각한 모양이나, 점차로 열중하게 되어 가는 것 같았다.




그러던 어느 날, 또 한 사람의 학자를 데리고 왔다. 그런데 그들이 존에게 하고 있는 말은, 팍스 등에게는 전혀 알 수 없는 것들이었다.
그 때, 그들은 '상대성 원리에 있어서의 공간의 비뚤어짐'이라는 참으로 어려운 문제를 의논하고 있었던 것이다.

무서운 소년


이 신동이 문자를 기억하는 것도, 물론 놀랄 정도로 빨랐다. 존은 팍스에게 책을 읽게 하고, 자기는 손가락으로 그 글자를 짚어 가면서 당장에 기억했던 것이다. 그리고 집에 있는 책을 모조리 읽어버렸다.
6살이 되자, 비로소 존은 움직이기 시작했다.
처음에는 가족들이 걷는 것을 지켜보고 있었는데, 그는 몸의 균형을 생각하고 자기 자신이 시험해 보려고 했다. 그러나 물론 당장에는 걷지 못했다.
1주일이 지나자, 존은 간신히 누구의 도움도 받지 않고 방 끝에서 끝까지 걸을 수 있었다. 그때 그는 너무나도 기뻐서 와! 소리를 내고 울기 시작했다.
이리하여 7살이 되었을 때, 존은 마치 토끼처럼 뛰어다니고, 다람쥐처럼 나무에 올라가는 등 대단한 개구쟁이가 되어버렸다.
그 무렵, 옆집에 살고 있던 중학생인 스테판이 하루는 뜰에서 잔디 깎는 기계를 뜯어놓고 다시 맞추는데 애를 먹고 있었다.
존은 울타리로 기어올라가서 그것을 바라보고 있다가 싱긋 웃었다. 그리고는 옆에 다가가서, 중학생에게서 부품을 받아 들고 눈 깜짝할 사이에 잔디 깎는 기계를 조립해 버렸다.
""너에게는 무리야. 내가 시간이 있을 때는 언제든지 도와줄 수 있어.""
하고 존이 말하자, 부끄럽고 화가 난 스테판은 갑자기 일어서서 존을 때렸다. 그리고는 들어올려 울타리 밖으로 내던졌다.




존은 허리를 주무르면서 일어나더니, 생글생글 웃으며 스테판에게 물었다.
""어째서 그런 난폭한 짓을 했니?""
스테판은 한 마디의 대꾸도 못하고, 집 안으로 들어가고 말았다.
존이 멍하고 서 있었을 때, 마침 아버지의 얘기소리가 들려왔으므로 달려가서 물었다.
""저 좀 보셔요, 닥! 만약에 아버지께서 고치지 못하는 환자가 있다고 해 봐요. 그런데 어느 날 다른 사람이 와서 말없이 고쳤다면 아버지는 어떻게 하겠어요?""
토마스는 아주 바빴기 때문에, 자기도 모르게 사실대로 말해 버리고 말았다.
""물론 쓸데없는 짓을 했다고 화를 내면서 그를 때려눕힐 거야.""
""왜 그래요? 그건 어리석다고 생각돼요.""
닥은 하던 일을 계속 하면서 대답했다.
""사실은 네 말이 맞아. 그러나 인간은 언제나 이치에 따라서 일을 올바르게 판단한다고만 할 수 없으니 말야. 상대방의 남자가 나를 깔보는 태도를 취하면 아빠는 어쩌면 그를 때리고 싶어질 거야.""
""알았습니다, 닥. 저는 스테판처럼 힘이 강해지지 않으면 안 되겠어요.""
하며 존은 책장에 나란히 꽂혀 있는 두터운 의학 책을 가리키면서 물었다.




""저걸 모조리 읽으면, 곧 힘이 강해지는 방법을 알 수 있나요?""
닥은 웃었다.
""그렇게 마음대로는 되지 않는다.""
그 후의 존은 두 가지 일에 열중했다. 즉 누구에게도 지지 않을 사나이가 되어야겠다는 것과, 인간이라는 것을 알려고 하는 일이었다.
날이 갈수록 그의 성격은 달라져 갔으며, 주위의 아이들에게는 없어서는 안 될 인간으로 되어 가고 있었다.
""존에게 물어 보자.""
""존은 알고 있을 거야. 머리가 비상하고, 마음도 좋은 놈이야.""
아이들은 모둔 이렇게 말했고, 어머니들도 마찬가지였다.
""존은 참으로 좋은 아이가 됐어요. 그전과는 아주 달라졌어요.""
이제 옆집 스테판마저도,
""정말 존은 좋아졌어. 내가 때려 준 것이 아마 좋은 약이 됐을지도 몰라.""
하고 칭찬했다.
그 무렵, 존은 생물학에 흥미를 가지고 있었다. 융단에 피를 묻히지 않으려고 주방에 신문지를 가득 깔아놓은 위에서 쥐를 해부하기 시작했다. 그러나 그것도 수학처럼 곧 졸업한 모양이었다.
그리고 곧 존은 초등학교에 들어가게 되었는데, 그것도 3주일밖에 계속되지 않았다. 선생님은 이렇게 말했었다.
""존을 가르칠 수 없습니다……. 특별한 교육 방법이 필요할 것 같습니다.""
이리하여 팍스 자신이 가르치게 되었는데, 실은 가르친 것이 아니라 존이 배우는 흉내를 낸 것뿐이었다.
그 해 가을, 존이 열심히 읽은 것은 유도에 관한 책과 모험 소설이었다. 그것은 아마도 또 싸움에 강해지기 위해서였던 모양이다.
어느 날, 나와 토마스는 서재에서 이야기를 하고 있었다. 갑자기 마당에서 외치는 소리가 들려왔다.
둘이서 밖으로 나가 보았더니, 옆집 스테판이 존을 뒤쫓고 있었다. 그런데 그 얼굴이 피투성이가 되어 있었다. 곧 스테판은 조그만 존을 붙잡았다. 그러나 그것도 존이 일부러 붙잡혀 준 모양이다.
그리고 놀라운 것은 어느 새에 존이 스테판을 깔아 눕히고, 팔을 등에서 비틀고 있는 것이었다.




그때, 주위를 둘러보는 존의 눈과 나의 눈이 마주쳤다. 나는 몸서리가 쳐졌다. 존의 얼굴은 마치 어른처럼 보였으며, 어쩐지 무서웠기 때문이다.
""일어나요, 스테판. 미안해.""
그러나 스테판은 정신을 잃고 있었다.
2, 3일이 지났을 때 우리는 스테판에게 어찌된 일이냐고 물었다. 그러자 놀랍게도 그는 이렇게 말했다.
""내가 나빴어요. 지금 그것을 똑똑히 알았습니다. 아무튼 그가 친절하게 해 주었는데 내가 때렸으니까요.""
이렇게 존은 모든 아이들과 싸움을 했지만 모두들 한결같이 자기가 나쁘다고 말했으며, 다른 사람도 그렇게 믿었던 것이다.","내가 존의 전기를 쓸 작정이라고 했더니 그는 웃었다.
""아니 아니, 인간인 당신이 나에 대해서 쓰겠다고?""",4329
젊은그들,김동인(장편),"활민숙(活民塾)


“너 저고리 벗어라.”
아닌 밤중에 갑자기 불러서 이러한 명령을 하는 사람의 얼굴을 복돌이는 놀라서 쳐다보았다. 그것도 주인 대감이면이어니와 그렇지도 않은 사람으로서 이 어영대장 민겸호(御營大將 閔謙鎬)의 집에 수삼 일 전부터 손으로 있는 시골 선비 최 진사이었었다.
복돌이가 미처 그 명령에 복종도 못하고 대답도 못하고 있을 때에 최진 사의 두번째의 명령이 내렸다.
“어디 벗어 봐.”
복돌이는 힐끗 최 진사의 얼굴을 쳐다보았다. 그리고 최 진사의 표정으로써 그 명령의 속뜻을 알아보려 하였다. 그러나 펄럭이는 촛불 그림자 때문에 얼굴에 나타난 표정은 도저히 알아볼 수가 없었다. 그래서 좌우간 하 회를 기다리자고 오른손은 꽁무니로 돌리고 왼손으로 저고리 고름을 풀려고 할 때에 최 진사의 세번째 말이 나왔다.
“너 계집애 아니냐?”
이 말이 나오는 순간 복돌이는 몸을 날려서 두어 걸음 물러앉았다. 꽁무니로 돌아갔던 손은 바지 허리춤 안에 감추어 두었던 육혈포의 자루를 힘 있게 쥐었다.
최 진사는 두어 번 코를 킁킁 울리었다. 그리고 머리를 끄덕였다.
“겸호의 눈은 매눈이로군.”
그 뒤에는 다시는 아무 말도 없이 복돌이의 얼굴을 뚫어지게 바라보았다.
복돌이도 마주 보았다. 눈과 눈은 서로 그 마음을 꿰뚫어 보려는 듯이 깜박도 안하고 마주 보았다. 육혈포를 잡은 복돌이의 손에는 땀이 배었다.
마침내 최 진사는 벙긋 웃었다.
“너 활민(活民) 선생한테서 오지 않았느냐.”
복돌이는 역시 대답 없이 최 진사의 얼굴만 바라보았다. 그러나 마음속에는 마지막 결심이 벌써 되었다. 자기의 정체는커녕 그 온 곳까지 벌써 알아본 최 진사의 생명에 대한 판결은 벌써 복돌이의 마음속에 작정되었다. 다만 행동이 남아 있을 뿐이었었다. 꽁무니로 돌아갔던 손이 앞으로 나오고 방아쇠를 다리는 것ㅡ 이러한 행동이 남아 있을 뿐 복돌이의 눈에는 맞은편에 앉아서 수염을 꼬며 있는 최 진사는 벌써 한낱 송장으로 보였다. 창백하 게 된 복돌이의 입가에는 웃음이 떠올랐다. 그것은 선고받은 죄수에게 대 한 마지막 동정이었다. 꽁무니로 갔던 복돌이의 손은 차차 앞으로 돌아왔다.
입가에 흐르던 웃음도 없어졌다.
수염을 꼬며 복돌이의 얼굴을 바라보고 있던 최 진사는 다시 입을 열었다.
“활민은 좋은 제자를 가졌어, 한데 너 몇 살이니?”
차차 앞으로 돌아오던 복돌이의 손은 중도에서 멎었다. 그리고 다시금 유심 히 최 진사의 얼굴을 바라보았다. 당연히 자기의 적이라고 생각하였던 최 진사에게서 뜻밖에도 자기에게 대한 따뜻한 동정과 도움을 발견 하였으므로…. 그리고 이제 자기가 취할 태도를 결정하려 할 때에 최 진사는 말을 나직이 하여 다시 복돌이를 찾았다.
“복돌아. 허허 복돌이가 아니던가. 좌우간 복돌이라 불러 두자. 너 오늘밤으로 이 집을 피해라. 모두들 눈치를 챈 모양이더라. 주인 민 판서도 네가 활민 선생한테서 온 줄은 모르는 모양이나 계집애가 변복하고 온 줄은 눈치를 챈 모양이야. 그러니까 바삐 이 집을 나가지 않았다가는 욕을 보리라.”
이 말은 복돌이에게는 과연 뜻밖이었었다. 그리고 그 말을 하는 최 진사의 얼굴에서 아무 의심할 만한 점을 발견치 못한 복돌이는 역시 대답없이 두어 걸음 더 물러앉아서 공손히 절을 한 뒤에 일어섰다.
“너 정말 활민 선생의 제자냐?”
복돌이는 그렇다는 뜻으로 허리를 굽혔다.
“이 길로 가려느냐?”
“네.”
“선생께로?”
“네.”
“그럼 돌아가거든 양주 최 진사가 문안드리더라고 선생께 여쭤라. 그리고 수삼 일 내로 한 번 조용히 찾아 뵙겠다고.”
“네.”
복돌이는 뒷걸음질하여 그 방을 나왔다.
때는 광무주 십팔년 신사였었다. 얌전하고 정숙하다는 평판이 높던 민비(閔妃) 가 갑자기 세력을 펴며, 조선역사 이래의 가장 큰 권세를 잡았던 대원군 이하응(大院君 李昰應)을 궁중에서 내어쫓고 스스로 외교와 내정의 온갖 권세를 잡은 지도 이미 8년, 일찌기 태공이 세웠던 온갖 제도와 시설은 민비의 정책으로 모두 없어져 나가고 궁중과 정부는 한낱 당파싸움으로 온 힘을 다하였으며, 무당, 판수, 점쟁이, 술객들이 궁중에 출입하고 가무와 유연(遊宴) 이 궁중의 유일의 행사였으며 그 때문에 태공이 저축하였던 창고는 모두 비고 그 많은 사치와 연회의 비용을 구하기 위하여 관리는 학정을 하여 백성의 피를 빨아들이는 그때였었다.
그때에 이활민(李活民)이라 하는 노인을 당수(黨首)로 조직된 활민당이라 하는 비밀결사가 있었다. 벌써 50여 년을 지난 옛날이며, 그 당수 이활 민은 그 당시에 자손이 없이 죽어 버렸으매 활민의 내력은 지금 상고할 바이 없다. 더구나 활민당의 활동은 사회의 표면에는 나타나 본 일이 없이 당 수의 죽음과 함께 해산되고 말았으매 그러한 비밀결사가 있었는지는 그 당시의 궁중이며 관리 가운데도 아는 사람이 극히 적었다.
다만 작자가 이리저리 모은 것으로 아래와 같은 것뿐은 독자에게 말 할수가있다.
활민의 고향이며 경력은 모두 비밀이었었다. 대원군 이하응이 아직 한낱 이름 없는 종친(宗親)으로서 거리에 배회하며 온갖 뜻과 불평을 한 잔의 술 로써 모호히 할 때부터 활민과 하응은 서로 마음을 풀어헤친 벗이었다. 그 뒤 이하응이 대원권이 되며 국태공으로 섭정을 할 때부터 활민의 자취는 없어졌다.
10년이 지났다.
민비가 차차 세력을 펴기 비롯하였다. 그와 동시에 태공은 섭정이라는 명색을 그냥 진 채로 궁중에서 멀리함을 받았다.
또 5년이 지났다.
운현궁에 숨어 있는 늙은 영웅 이하응의 마음에는 불만과 외로움이 차차 더하여지고 궁중은 사치와 연락으로 일을 삼으며 관리는 토색을 하고 정국은 차차 어지러워 갈 때에 소안동(小安洞)에 활민숙(活民塾)이라 하는 서재가 생겼다. 제자로서는 민비에게 학대받아서 뜻을 잃은 명문집 자손 열 너덧 살씩 난 아이 스물을 모아들였다.
거기서 가르치는 학문은 기괴한 학문이었었다. 아직껏의 천원지 방설(天圓地方說)을 무시하고 땅이 둥그렇다 함을 가르쳤다. 땅이 움직임을 가르쳤다. 우리가 아직껏 양교자라고 업수이 여기던 서양에는 우리가 짐작도 못 하는 문명이 있음을 가르쳤다. 그리고 그 서양인의 학설을 소개하였다.
그리고 그들에게 무술을 가르쳤다. 넓은 뒤뜰에서 육혈포와 비수의 쓰는 법을 가르쳤다. 이것이 광무주 십팔년까지의 활민의 경력의 대략이었었다.
복돌이도 활민의 제자의 한 사람이었었다.
어버이를 한꺼번에 잃어버린 외로운 아이로서 활민의 품 아래서 아직껏 사 나이로 변복을 하고 길러났다. 이름을 이인화(李仁和)라 하였다.
본시 부모에게 받은 이름은 이인숙(李仁淑)이었었다.
활민숙의 다른 열아홉 명의 제자의 새에 끼어서 복돌이ㅡ 아니 인화는 조금도 다른 사람들에게 손색이 없이 지냈다. 그를 계집애라 여긴 사람은 하나도 없었다. 모두 같은 사나이로만 알았다.
활민당(活民黨)은 마침내 활약하기 시작하였다. 속으로는 태공과 연락을 하여 가지고 스무 사람의 청년은 제각기 일을 분담하여 가지고 사회의 속을 꿰어 다녔다. 토색하는 관리, 백성의 원성, 궁중의 과도한 사치와 연락 이런 것은 모두 그들의 책에 적히어서 장래의 재료가 되었다.
그들은 온갖 방식과 기회를 다 이용하였다. 그들은 대개가 아직 총각 이었었지만 상투를 틀었다. 나이로 보아서는 열여섯으로 스물두 살까지 넉넉히 상투를 틀 만한 나이였었다. 그러나 경우에 의하여서는 도로 머리를 늘 이기를 결코 주저하지 않았다.
어영대장 민겸호는 민승호가 폭발탄에 죽은 뒤에 가장 민비의 신임을 받던 재상 이었었다. 온갖 정치가 겸호와 민비의 새에게 결정되었으며 온갖 학정과 토색이 겸호의 집안 사람으로 실행되었다. 활민숙에서 이 겸호의 집에 한 사람을 들여보내려고 제비뽑을 때에 거기 뽑힌 것이 이인화였었다.
그러나 들어간 지 나흘이 못 되어 눈이 매눈과 같은 겸호는 복돌이가 계집애 임을 알았다. 같이 자라난 활민숙의 스무 젊은이가 아직 인화를 사나이 로만 알고 있을 때에 겸호의 날카로운 눈은 사나이가 아님을 발견하였다.
잔혹한 일을 기탄없이 하기로 유명한 겸호인지라 최 진사 아니었더면 인화는 그 집에서 어떠한 운명을 만났을지 그것은 짐작도 할 수 없는 일이었다.
최 진사의 주의를 듣고 자기 방으로 물러 나온 인화는 이 집을 나갈 준비를 하였다. 그는 아까 자려고 펴 놓았던 자리를 다시 개켰다. 그런 뒤에 뜻 하지 않고 얼굴을 붉히고 그 이부자리를 다시 방에 폈다. 그의 나이가 열 일곱 살 계집애에서 여인으로 변하여 가는 시기에 있는 그는 여인으로서의 본능으로 뜻하지 않고 이부자리를 개켰던 것이었다. 그런 뒤에 벽에 걸려 있는 노끈을 풀어서 허리에 매었다. 그 노끈은 그 새 사흘 동안 이 집에서 보고 들은 바를 종이에 적어서 그 종이로 꼰 노끈이었었다.
문을 막 열려던 그는 발을 돌이켜서 책상에서 벼루를 내어서 먹을 갈았다.
조용한 밤중에 벼루 위를 미끄러지는 먹 갈리는 소리에 귀를 기울이면서 팔을 가볍게 움직이는 그의 머리에는 지금 한창 고요히 잠들었을 활민숙의 열 아홉 젊은이의 얼굴이 차례로 떠올랐다. 혹은 활발하고 혹은 인자하며 혹은 침착한 열아홉 젊은이, 산에 가면 호랑이도 넉넉히 때려잡을 용기를 깊이 감추고 오로지 학업에 힘쓰는 동지, 그 가운데 혹은….
그가 펄떡 정신을 차린 때는 먹 갈던 손은 어느덧 멈춰졌으며 그는 눈을 황홀 스레 뜨고 정신없이 펄떡이는 촛불을 바라보고 있었다. 그는 스스로 빙그레 웃으며 얼굴을 붉혔다. 그리고 또 다시 먹을 갈기 시작하였다.
그러나 막을 갈려고 팔을 움직일 때부터 그의 머리는 아까의 생각에 뒤 꼬리를 다시 따라갔다ㅡ. 사나이! 사나이! 굳센 그들의 팔, 힘있는 웃음소리 활발한 행동 젊음과 용기로 빛나는 그들의 얼굴!
인화는 먹을 집어 던졌다. 그리고 이제 생각하던 그런 사념을 없이 하려는듯이 두어 번 머리를 힘있게 저어서 앞으로 늘어진 머리칼들을 도로 올리고 붓에 먹을 간뜩 찍어 가지고 일어섰다.
순식간에 담벽에 간(奸) 자가 하나 커다랗게 써졌다. 그리고 다시 먹을 찍어서 적(賊) 자를 쓰려고 자개 패(貝)만 한 그는 아까 쓴 긴자의 획이 마음에 들지 않음을 발견하였다. 글자가 이쁘게는 되었으나 획에 힘이 없는 것이 아무리 뜯어보아야 여필로밖에는 볼 수가 없다. 이것이 그의 마음에 들지 않았다. 그는 다시 붓에 먹을 찍어 가지고 그 간 자의 획을 덧입혔다.
가느다란 획을 굵게 하고 획마다 힘을 주고 이리하여 마음에 들기까지 다 입혀 놓은 그는 두어 걸음 물러서서 다시 그 글자를 바라보았다.
그러나 그 글자는 역시 마음에 들지 않았다. 획마다 힘이 너무 들어 있었다. 그는 다시 붓에다 먹을 드북이 찍어 가지고 인제 쓴 그 글자를 뻑뻑 지워 버리고 말았다.
그리고 그가 그 집을 나올 때는 아까 다시 펴 놓았던 이부자리는 어느덧 또 다시 개켜졌다. 밖에는 함박눈이 내리고 있었다.
겸호의 집에서 몸을 피하여 나온 인화는 활민숙으로 돌아왔다. 방마다 덧문이 꼭꼭 닫기고 문밖에는 신이 한 켤레씩 놓여 있었다. 쥐소리 하나 없이 고요한 뜰에서 퍼붓는 눈의 반사로 이것을 바라보며 뜰에 잠깐 섰던 인화는 발 소리를 감추어 가지고 제 방으로 왔다. 방에는 불을 뜨뜻이 때어 두었었다. 언제 나가며 언제 돌아올지 모르는 그들의 살림은 설혹 주인이 없는 방이라도 늘 불을 때어 두는 것이 상례이었었다.
그는 부싯돌로 성냥을 켜 가지고 촛불을 켠 뒤에 이부자리를 펴고 커다랗게 몸을 내어던졌다. 바늘방석과 같은 겸호의 집에서의 나흘 동안은 과연 그 의 몸과 마음을 피곤케 하였다. 겸호의 집에서 지낸 날짜가 겨우 나흘에 지나지 못하였지만 조심과 긴장과 초조함으로 지낸 그 나흘은 어떻게 보면 넉 달에도 맞잡혔고 사 년에도 맞잡혔다.
오래간만에 제 집에 돌아온 것과 기쁨과 안심을 느끼면서 인화는 드러 누운채로 커다랗게 기지개를 하였다. 일찌기 부모의 따뜻한 사랑을 맛보지 못하고 자라고 어리광부리는 유쾌며 비꼬아 보는 즐거움을 경험하여 보지 못 한 그에게는 이 엄격하고 어떻게 보면 쌀쌀한 활민숙의 온갖 규율에도 조금의 불만이 없었다.
그는 한껏 팔과 다리를 버텨 보고 잘 무르익어 가는 제 몸을 어루만지면서 커다란 기쁨과 즐거움과 젊은이뿐이 가질 수 있는 만족을 느꼈다. 그리고 그는 눈을 스르르 감으며 제 지난 일을 회상하여 보았다.
그가 어버이를 한꺼번에 여읜 것은 세 살 적의 일이었었다. 이 너른 세상에 의지할 곳 없이 혼자 남은 어린 인숙이는 그래도 구하여 주는 이가 있어서 그리고 갔다. 그것은 인숙의 돌아간 아버지와 몹시 가깝던 명 참판(明參判) 의 집이었다.
비록 남의 집이나마 인숙에게는 남의 집 내 집에 대한 관념은 없었다. 그리하여 거기서도 그다지 부자유가 없이 길러나던 인숙이는 일곱 살 나는 해에 또 다시 몹쓸 운명에 부딪히었다.
어린 인숙에게는 까닭은 몰랐지만 어떤 날 나졸 몇 사람이 명 참판의 집에 뛰어들어 왔다. 집안은 왁자하였다. 나졸들은 집안 온갖 집물을 부쉈다. 그리고 집안 사람들이 울며불며하는 가운데서 명 참판을 잡아갔다.
그 다음에 인숙을 맡아서 보호하여 준 사람이 활민 선생이었었다.
활민은 인숙을 인화라고 이름을 고치고 남복을 시켰다. 인숙ㅡ 변하여 인화는 활민을 아버지라 불렀다. 철없고 어린 그가 활민의 품에 안겨서 낯설고 말 모르는 외국을 방황하며 혹은 괴롭고 쓰라린 인정을 맛볼 때마다 철 없으면 철없느니만치 어리면 어리니만치 활민에게 대한 존경과 믿음은 나날이 굳어 갔다.
고생과 믿음, 이러한 5년이 지난 뒤에 인화는 활민에게 끌리어서 다시 서울로 돌아왔다. 소안동(小安洞)에는 활민숙(活民塾)이라 하는 서재가 생겼다.
그때에 그는 활민한테서 자기의 일신상의 여러 가지의 비밀을 처음으로 들었다. 인화에게는 어렸을 때에 아버지가 정하여 준 남편이 있다는 것도 그때에 알았다. 그 남편은 명 참판의 아들이라는 것도 알았다. 그러나 인화는 그것을 그다지 대수롭게 알지 않았다. 다만 어렸을 때의 기억을 다시 일으켜서 명 참판의 아들이라는 여나믄 살 난 키 크고 쾌활하던 애를 생각 하여 보고는 다시 한번 같이 놀아 보았으면 하는 뿐이었었다.
또 몇 해가 지났다. 그의 몸은 계집애에서 처녀로 처녀에서 여인으로 차차 발육 되었다. 동시에 이상히도 명 참판의 아들이란 이름이 그의 머리에 괴롭고도 즐거운 대상으로 걸리기 비롯하였다. 짐작컨대 명 참판의 아들로서 지금 살아 있다 하면 스물한 살쯤 됐을 것이었었다. 인화는 거리에서 때때로 스물 한두 살쯤 나 보이는 젊은이를 만나면 얼굴을 유심히 보았다. 그리고 어렸을 때의 기억을 다시 일으켜서 대조하여 보았다. 혹은 영락되지 않았나하여 상사람들 가운데도 주의하여 보았다.(비록 명씨 성을 쓰는 사람은 없었으나) 활민당의 동지들 사이에도 주의하여 보았다. 그리고는 혼자서 머리를 움켜쥐고 생각하였다.
활민 선생에 대한 잊을 수 없는 은혜와 신세보다도 인화에게 더 잊을 수 없는 것은 명 참판의 아들이라 하는 정체가 분명치 못한 젊은이에게 대 한 괴상스런 애착이었었다.
인화가 아직껏 활민 선생에게 대하여 가지고 있던 존경과 애착 그 두 가지 가운데 애착은 어느덧 인화 자기도 모르는 틈에 없어지고 지금은 존경만 남았었다. 그리고 그 애착은 기괴하게도 정체 똑똑치 않은 '명 참판의 아들’ 이라 하는 괴상한 이름 아래로 기울어졌다.
그와 동시에 그에게는 또 한 가지의 기괴한 감정이 생겼다.
이 활민숙 안에서 활민 선생에게 가장 신임과 사랑을 받고 활민이 바쁜 때는 선생의 일을 대리로 보는 사찰이라 하는 직함을 가지고 있은 안재영(安在泳)이라는 젊은이가 있었다. 60보 밖에서 칼을 던져서 한 치의 어그러짐이 없이 목적물을 맞추느니만치 무술에 능하고 쾌활하고도 침착하며 또한 가무(歌舞)에도 능하며 태공에게 극진한 사랑을 받아서 그의 직전(直傳) 인 난초도 또한 볼만한, 말하자면 온갖 방면에 당시의 공자로서 가져야 할 자격을 필요 이상으로 가지고 있는 젊은이였었다. 그러나 그의 근본은 아는 사람이 없었다. 그의 기본은 그 자신과 선생과 태공이 알 뿐이었다.
이 안재영에게 인화의 마음은 때때로 이상히도 쏠렸다. 재영이도 인화를 친 동기 이상으로 사랑하였다. 그러나 인화의 재영에게 대한 감정은 그보다 더 기괴한 것이었었다. 20명의 동지들이 웃고 지껄이는 가운데서도 인화는 재영의 목소리뿐은 따로 넉넉히 들을 수 있었다. 같이들 모여 앉았는 가운데 서도 인화의 눈에 제일 먼저 띄는 것은 재영의 모양이었었다. 재영의 꺼내는 말에는 무조건으로 찬성하였다. 너무 찬성하다가 얼굴을 붉힌 적도 있었다. 밤에 측간에라도 가는 길에 문 닫힌 재영의 방 앞에 가지런히 놓여있는 재영의 신을 바라볼 때에는 괴상히 마음이 떨렸다. 때때로 신이 보이지 않을 때는 그는 안절부절 몇 번을 신이 다시 거기 놓여지기까지 측간 출 입을 하였다.
이러한 이상한 감정 이러한 이상한 심리를 스스로 살펴보고 얼굴을 붉힌적이 한두 번이 아니었지만 그의 마음의 한편 구석에 깊이 새겨진 ' 재영’ 이라 하는 그림자는 정체 분명치 못한 '명 참판의 아들’이란 명색과 함께 그 의 이즈음의 마음을 지배하는 커다란 그림자가 되었었다.
아까 활민숙으로 돌아와서도 그의 눈이 첫번으로 간 곳은 재영의 방 앞 이었었다. 그리고 거기 가지런히 놓여 있는 낯익은 재영의 신을 발견할 때에 그 의 마음은 안심과 반가움으로 떨렸던 것이었었다.
나흘 만에 자리 위에 사지를 펴고 마음놓고 누워서 이런 생각을 하고 있던 인화는 다리를 한 번 추켰다가 쾌활하게 벌떡 일어났다. 그러나 그 쾌활한 행동에 반하여 그의 얼굴에는 약하나마 애원과 고민의 빛이 있었다. 입에서는 약한 한숨이 나왔다. 그리고 무릎을 두 팔로 안은 뒤에 머리를 묻었다.
나이 찬 처녀만이 가질 수 있는 이상한 애끊는 듯한 감정 때문에 그의 등은 격렬히 떨렸다.
겨울날 아침 해가 마루를 겨우 넘었을 때쯤 하여 안재영은 이불을 차 던지고 일어났다. 그리고 벌거벗은 채로 일어서서 두어 번 기지개를 한 뒤에 옷을 입었다. 건강한 그의 살이 차게 언 옷에 닿는 순간에 생기는 쾌미를 맛보면서 옷을 다 주워 입은 그는 벼루함 서랍에서 칼을 열자루 꺼내어 바지 안에 단 가죽 주머니에 넣은 뒤에 밖으로 나갔다. 하늘은 어젯밤의 눈을 잊어버렸는지 씻은 듯이 개었다. 그리고 앞뒤 뜰은 눈의 자취조차 몰라볼 듯이 말끔히 쓸리어 있었다. 그는 후원으로 돌아갔다. 후원 연못에 어제 뚫어놓았던 얼음구녕은 밤새에 또 다시 얼어붙었다. 그는 곁에 놓인 작살 로써 얼음에 구녕을 뚫은 뒤에 저고리를 벗어 던지고 세수를 하였다. 그의 얼굴과 웃몸은 새빨갛게 되고 김이 무럭무럭 올랐다. 그는 다시 일어나서 몇 번팔을 힘있게 두르면서 팔과 가슴에 일고 잦는 근육의 혹들을 만족스러이 들여다본 뒤에 저고리를 입고 못 언덕으로 올라왔다. 거기서 60보 가량 되는 곳에는 기다란 나무판이 가로 걸려 있었다. 그는 가죽 주머니에서 칼을 한 자루 꺼내어 그리로 겨누어 보았다. 그리고 손이 잘 맞지 않는 듯이 머리를 두어 번 저은 뒤에 다시 팔을 뒤로 젖혔다가 칼을 던졌다. 그 뒤를 따라서 둘째 칼이 또 날아갔다. 저편 못 위쯤 되는 곳에서 반짝! 반짝! 열 번을 괴상한 광채가 났다. 열 번을 획! 획! 칼의 날아가는 소리가 났다. 그는 손을턴 뒤에 연못을 휘돌아서 그 나무판 있는 데로 돌아갔다 칼 열 자루가 금을 긋고 꽂은 듯이 한일 자로 나무판에 박혀 있었다. 한 칼과 칼의 거리는 모 두가 세 치쯤이었었다.
그는 칼을 하나씩 뽑아서 날을 검사하여 가면서 도로 혁낭에 넣었다. 그런 뒤에 앞뜰로 돌아와서 머리를 빗으러 제 방으로 돌아가려던 그는 인화의 방앞에 신이 놓여 있음을 보고 그 앞까지 가서 신을 들어 보았다. 그것은 틀림없는 인화의 신이었었다. 그는 눈을 들어서 굳게 닫겨 있는 덧문을 잠깐 바라본 뒤에 좀더 주저하다가 제 방으로 돌아왔다.
머리를 빗는 동안 그는 문을 방싯이 연 뒤에 때때로 인화의 방을 바라 보았다.
인화는 머리를 다 빗고 나올 때까지 일어나지 않았다. 다른 젊은이들은 모두 하룻밤의 휴식으로써 원기를 회복한 빛나는 얼굴로 제각기 뒤뜰로 돌아가지만 인화의 방의 문은 열리지 않았다.
재영은 인화의 방 앞까지 가서 문에 귀를 대고 들어 보았다. 고요한 숨소리가 안에서 새어나왔다.
그는 문을 열까 말까 잠깐 주저하다가 생각을 돌이키고 선생께 아침 문안을 드리러 들어갔다. 선생은 비록 60이 넘었으나 건강으로 빛나는 얼굴로 재영을 맞았다.
“선생님 인화가 돌아왔던걸요.”
인사가 끝난 뒤에 재영은 선생에게 이 보고를 하였다.
“인화가? 언제?
“언제 왔는지 지금 보니깐 신발이 있어요.”
“응 그럼 아직 일어 안 났더냐?”
“아직 자는 모양입디다. 깨울까요?”
“그냥 둬라 곤할 테지.”
그런 뒤에 선생은 의미있는 듯이 재영의 얼굴을 보았다. 재영은 얼굴을 붉혔다.
“자ㅡ 인제 맘이 놓이느냐?”
재영은 대답 대신으로 얼굴을 붉히며 숨을 길게 내어쉬었다.
선생은 그것을 바라보고 만족한 듯이 수염을 쓸면서 돌아앉아서 책상을 향 하여 좌씨전(左氏傳)을 폈다. 그것은 재영에게 물러가도 좋다는 뜻이었다.
재영은 가만히 일어서서 그 방을 나왔다.
‘명 참판의 아들.’
이러한 몽롱한 이름 아래서 때때로 인화의 머리에 수수께끼와 같이 걸려서 인화로 하여금 흥분되게 하던 그 수수께끼의 정체는 이 안재영이었었다. 민 비의 정책에 죄없이 세상을 떠난 명 참판이 세상에 남기고 간 외아들이 이 안재영 이었었다. 명시 성을 꺼려서 그는 어머니의 성인 안씨를 썼다.
아버지가 형장의 이슬로 사라진 지 얼마 지나지 않아서 어머니도 또한 세상을 떠났다. 친척들이 있기는 있으나 그들은 모두 민씨의 세력을 꺼리어서 아무도 돌보아 주는 사람이 없었다. 그러나 아무 곳도 의지의 곳이 없는 이어 린 공자에게는 영리함과 총명함이라 하는 가장 보배로운 무기가 있었다.
그때에 그는 열네 살이었었다. 그는 아버지에게서 물려받은 명진 섭(明晋燮) 이란 이름을 감추고 스스로 안재영이라 불렀다. 다른 아이들 같으면 연 이나 띄우며 공이나 차며 놀 나이에 그는 그런 생각은 하지 않고 집안 다스리 기와 학업에 온 힘을 썼다.
그가 열일곱 살 되는 때에 소안동에 활민숙이라 하는 서재가 생겼다. 그리고 비밀히 민씨 때문에 뜻을 잃은 명문집 자손을 구하였다. 그는 그리고 갔다. 그리고 거기서 뜻밖에 돌아간 제 아버지와 의형제를 맺었던 활민 선생을 만났다.
활민도 반가워하였다.
그리고 재영에게 또 한 가지 뜻밖인 것은 거기(아직 죽은 줄만 알고 있던) 제 약혼자인 인숙이가 남복하고 인화라는 이름 아래 있는 것이었었다.
그러나 인숙ㅡ 인화는 재영을 몰라보았다. 알 리도 없었다. 이 알지 못 하는 것을 선생은 오히려 다행히 여겼다. 그리고 재영에게도 모른 체하라고 명령 하였다.
인화는 제가 계집애인 것을 아는 사람은 이 넓은 천하에 활민 선생과 저밖에는 없는 줄 굳게 믿고 있었지만 여기 또 한 사람이 있었던 것이었었다.
인화가 '명 참판의 아들’이라는 정체 모를 사람을 때때로 생각하며 어떤 때는 안재영에게 이상한 마음의 동요를 느낄 동안 이 명 참판의 아들 명진 섭이요 지금 이름은 안재영인 그는 약혼자라는 충분한 의식과 긍지 아래서 어린 인화를 보호하고 사랑하였다.
그러나 그는 선생의 명령은 조금도 어기지 않았다. 남달리 인화를 사랑 하기는 하였지만 남이 이상히 보도록 도에 넘치지는 않았다. 인화도 그것을 형이 동생을 사랑하는 사랑과 마찬가지여니 하고 자기가 계집애임을 감쪽같이 천하 사람을 속였다 하였다.
재영은 그 인화의 태도를 보고 혼자 속으로 빙그레 웃고 하였다. 속는 것은 내가 아니고 너로다 하였다. 그리고 장차 올 기꺼운 날에 서로 감추었던 이름을 발표할 기회가 있을 것을 의심치 않고 믿고 나날이 피어 가는 인화 의 얼굴을 혼자 바라보고는 기뻐하고 있던 것이었었다.
선생의 방에서 물러나온 재영은 또 다시 인화의 방 앞으로 갔다. 그리고 그 방 마루에 걸터앉아서 나오는 것을 기다릴까 하다가 그 방문 걸쇠를 잡고 덜걱덜걱 하여 보았다.
“여보 이 공.”
안에서는 아무 대답소리가 없었다. 재영은 잠깐 귀를 기울이고 기다리다가 다시 덜걱덜걱 하였다.
“여보 이 공.”
안에서는 돌아눕는 소리가 들렸다. 으ㅡㅁ 하는 잠깨는 소리도 들렸다.
“이젠 일어나오.”
인화는 벌써부터 깨어 있던 것이었었다.
겸호의 집에서의 나흘 동안의 마음조임에서 놓여난 그는 나흘 만에 맛보는이 자유를 충분히 맛보았다. 그는 벌써 아까 재영이가 선생께 아침 문안을 드리러 들어가는 길에 이 방문 앞에 섰을 때에 깬 것이었었다. 그러나 그는 일어나려 아니하였다. 아침 햇빛이 문창 맨 웃살에서부터 한살씩 감추어져 들어가는 것을 바라보면서 조그만 안심에 이렇듯 늦잠을 잔 자기를 부끄러워하면서 이러한 자유에 대한 희열을 느끼며 그냥 일어나지 않고 누워 있었다.
문창에 비친 그림자는 차차 내려왔다. 뜰에서는 후원으로 돌아가는 숙생(塾生) 들의 활발스런 발소리와 용기로 찬 웃음소리가 연하여 났다. 그가 이러한 분위기 아래서 무럭무럭 일어나 오르려는 젊은 기운을 누르고서 우두커니 누워 있을 때에 그의 문창에는 사람의 그림자가 나타났다. 그는 본능적으로 저고리 자락을 맞추었다. 그림자는 머리를 창에 가까 대고 귀를 기울였다. 그리고 손그림자가 문 걸쇠를 잡았다. 덜걱덜걱 하는 소리와 함께,
“여보, 이 공.”
하는 소리가 들렸다. 그것은 확실히 재영의 목소리였었다. 인화는 본능적으로 다시 저고리 자락을 얼싸매고 대답하려 하였으나 대답할 시간은 벌써 지났다. 그는 하는수 없이 다시 자는 체하였다.
“여보 이 공.”
문밖에서는 다시 찾는 소리가 들렸다. 인화는 돌아누우며 으ㅡㅁ 하는 소리를 내고 부시시 일어났다. 그러나 재영을 미칠 만한 마음의 여유는 아직 되지 않았다. 그는 허든허든 마음의 준비가 끝이 나기도 전에 문을 열었다.
동시에 재영의 힘있는 손이 그의 손을 잡았다.
“언제 돌아왔소?”
인화는 빙그레 웃으며 재영의 얼굴을 쳐다보았다. 그리고 침착하던 재영의 얼굴에도 감출 수 없이 넘치고 흐르는 기쁨을 보고 자기도 마치 어린 동생이 형을 의지하듯 두 손을 재영에게 내어맡겼다. 그러나 그의 마음속에는 동생이 형에 대한 사랑과는 종류가 다른 어떤 찔리는 듯한 감정이 섞여 있 음을 부인할 수 없었다.
인화는 재영에게 손을 잡혀서 후원으로 돌아갔다. 조반 전의 운동을 하고있던 모든 숙생들은 인화를 환영하였다. 인화와 재영이가 뒤뜰에서 서로 잡고 있던 손을 놓을 때는 비록 겨울의 냉기가 손등을 얼게 하였으나 손바닥에는 땀이 질벅질벅 배어 있었다. 서로 잡았던 손에는 서로 손자리가 났다.
서로 자기도 모르는 틈에 잡은 손에 힘을 주었던 것이었었다.
거기서 세수를 하고 인화는 선생께 문안을 하러 들어갔다. 그리고 반경쯤 지나서 선생의 방에서 나오는 인화의 얼굴에는 약간 흥분된 기운이 있었다.
그 뒤를 이어서 재영이 또한 선생에게 불리어 들어갔다. 그리고 거기서 나올 때는 재영의 얼굴에도 흥분된 기색과 긴장은 감출 수가 없었다.
그 날 저녁, 저녁들을 끝낸 뒤에 또 다시 선생에게 불리어서 한참 무슨 의논을 하고 나온 재영은 제 방에 와서 옷을 간편하게 차린 뒤에 날이 온전히 어둡는 것을 기다려서 활민숙을 나섰다.","“너 저고리 벗어라.”
아닌 밤중에 갑자기 불러서 이러한 명령을 하는 사람의 얼굴을 복돌이는 놀라서 쳐다보았다. 그것도 주인 대감이면이어니와 그렇지도 않은 사람으로서 이 어영대장 민겸호(御營大將 閔謙鎬)의 집에 수삼 일 전부터 손으로 있는 시골 선비 최 진사이었었다.",9784
정조,김유정,"정조(貞操)


주인아씨는 행랑어멈 때문에 속이 썩을 대로 썩었다. 나가래자니 그것이 고분히 나갈 것도 아니거니와 그렇다고 두고 보자니 괘씸스러운 것이 하루가 다 민망하다.
어멈의 버릇은 서방님이 버려 놓은 것이 분명하였다.
아씨는 아직 이불 속에 들어 있는 남편 앞에 도사리고 앉아서는 아침마다 졸랐다. 왜냐면 아침때가 아니곤 늘 난봉 피우러 쏘다니는 남편을 언제 한번 조용히 대해 볼 기회가 없었다. 그나마도 어제 밤이 새도록 취한 술이 미처 깨질 못하여 얼굴이 벌거니 늘어진 사람을 흔들며,
“여보! 자우? 벌써 열점 반이 넘었수. 기운 좀 채리우.”
하고 말을 붙이는 것은 그리 정다운 일이 아니었다.
그러면 서방님은 그 속이 무엇임을 지레채고 눈 하나 떠보려지 않았다. 물론 술에 곯아서 못 들은 적도 태반이지만 간혹 가다간 듣지 않을 수 없을 만한 그렇게 큰 음성임에도 불구하고 역시 못 들은 척하였다.
이렇게 되면 아내는 제물에 더 약이 올라서 이번에도 설마 하고는,
“아니 여보! 일을 저질러 놨으면 당신이 어떻게 처칠 하든지 해야지 않소.”
“글쎄 관둬 다 듣기 싫으니.”
하고 그제야 어리눅은 소리로 눈살을 찌푸리다가,
“듣기 싫으면 어떡하우? 그 꼴은 눈허리가 시어서 두구 볼 수가 없으니 일이나 허면 했지 그래 쥔을 손아귀에 넣고 휘두르려는 이 따위 행랑것두 있단 말이유?”
“글쎄 듣기 싫어.”
이렇게 된통 호령은 하였으나 원체 뒤가 딸리고 보니 슬쩍 돌리고,
“어서 나가 아침이나 채려 오.”
“난 세상없어도 어떻게 할 수 없으니 당신이 내쫓든지 치갈 하든지…….”
하고 말끝이 그만 살며시 뒤둥그러지며,
“어쩌자구 글쎄 행랑 걸!”
“주둥아리 좀 못 닥쳐?”
여기에서 드디어 남편은 열병 든 사람처럼 벌떡 일어나 앉지 않을 수가 없었다. 그와 동시에 놋재떨이가 공중을 날아와 벽에 부딪고 떨어지며 쟁그렁 하고 요란스러운 소리를 낸다.
이렇게까지 하지 않으면 서방님은 머리에 떠오르는 그 징글징글한 기억을 어떻게 털어 버릴 도리가 없는 것이다. 하기는 아내를 더 지껄이게 하였다가는 그 입에서 무슨 소리가 나올지 모르니 겁도 나거니와 만일에 행랑어멈이 미닫이 밖에서 엿듣고 섰다가 이 기맥을 눈치챈다면 그는 더욱 우좌스러운 저의 몸을 발견함에 틀림없을 것이다.
아내가 밖으로 나간 뒤 서방님은 멀뚱히 앉아서 쓴침을 한번 삼키려 하였으나 그것도 잘 넘어가질 않는다. 수전증 들린 손으로 머리맡에 냉수를 쭈욱 켜고는 이불 속으로 들어가 다시 눈을 감아 보려 한다. 잠이 들면 불쾌한 생각이 좀 덜어질 듯싶어서이다.
그러나 눈만 뽀송뽀송할 뿐 아니라 감은 눈 속으로 온갖 잡귀가 다아 나타난다. 머리를 풀어헤치고 손톱을 길게 늘인 거지귀신, 뿔 돋친 사자귀신, 치렁치렁한 꼬리를 휘저으며 낄낄거리는 여우귀신. 그 중의 어떤 것은 한짝 눈깔이 물커졌건만 그래도 좋다고 아양을 부리며 “아이 서방님” 하고 달려들면 이번에는 다리 팔 없는 오뚜귀신이 조쪽에 올롱히 앉아서 “요녀석!” 하고 눈을 똑바로 뜬다. 이것들이 모양은 다르다 할지라도 원 바탕은 한바탕이리라.   
‘에이 망할 년들!’
서방님은 진저리를 치며 벌떡 일어나 앉아서는 궐련에 불을 붙인다. 등줄기가 선뜩 하며 식은땀이 흥건히 내솟았다.
그것도 좋으련만 부엌에서는 그릇 깨지는 소리와 함께 아내가 악을 쓰는 걸 보면 행랑어멈과 또 말시단이 되는 듯싶다. 무슨 일인지 자세히는 알 수 없으나,
“자넨 그래 게다니나?”
하니까,
“전 빨리 다니진 못해요.”
하고 행랑어멈의 데퉁스러운 그 대답…….
서방님도 행랑어멈의 음성만 들어도 몸서리를 치며 사지가 졸아드는 듯하였다. 그리고,
‘아 아! 내 뭘 보구 그랬던가? 검붉은 그 얼굴, 푸르딩딩하고 꺼칠한 그 입술, 그건 그렇다 하고 찝찔한 짠지 냄새가 홱 끼치는, 그리고 생후 목물 한 번도 못 해봤을 듯싶은 때꼽 낀 그 몸뚱어리는? 에잇 추해! 추해! 내 뭘 보구? 술이다. 술, 분명히 술의 작용이었다.’
하고 또다시 애꿎은 술만 탓하지 않을 수 없다. 아무리 생각을 안 하려 하여도 그날 밤 지냈던 일이, 추악한 그 일이 저절로 머릿속에서 빙글빙글 도는 것이다.
과연 새벽녘 집에 다다랐을 때쯤 하여서는 하늘 땅이 움직이도록 술이 잠뿍 올랐다. 택시에서 내리어 엎으러지고 다시 일어나다가 옆집 돌담에 부딪치어 면상을 깐 것만 보아도 취한 것이 확실하였다. 그러나 대문을 열어 주고 눈을 비비고 섰는 어멈더러,
“왔나?” 
하다가,
“아직 안 왔어요. 아마 며칠 묵어서 올 모양인가 봐요.”
그제야 안심하고 그 허리를 콱 부둥켜안고 행랑방으로 들어간 걸 보면 전혀 정신이 없던 것도 아니었다. 왜냐면 아침 나절 아범이 들어와 저 살던 고향에 좀 다녀오겠다고 인사를 하고 나간 것을 정말 취한 사람이면 생각해 냈을 리가 있겠는가.
하나 년의 행실이 더 고약했는지도 모른다. 전일부터 맥없이 빙글빙글 웃으며 눈을 째긋이 꼬리를 치던 것은 그만두고라도 방에서 그 알량한 낯판대기를 갖다 비비며,
“전 서방님하구 살구 싶어요. 웬일인지 전 서방님만 뵈면 괜스리 좋아요.”
“그래그래 살아 보자꾸나!”
“전 뭐 많이도 바라지 않아요, 그저 집 한 채만 사주시면 얼마든지 살림하겠어요.”
그리고 가장 이쁜 듯이 팔로 그 목을 얽어들이며,
“그렇지 않아요? 서방님! 제가 뭐 기생첩인가요, 색시 첩인가요, 더 바라게?”
더욱이 앙큼스러운 것은 나중에 발뺌하는 그 태도이었다. 안에서 이 눈치를 채고 아내가 기겁을 하여 뛰어나와서 그를 끌어낼 때 어멈은 뭐랬던가. 아내보다도 더 분한 듯이 쌔근거리고 서서는, 그리고 눈을 사박스레 흡뜨고는,
“행랑어멈은 일 시키자는 행랑어멈이지 이러래는 거예요?”
이렇게 바로 호령하지 않았던가. 뿐만 아니라 고대 자기를 보면 괜스레 좋아서 죽겠다던 년이 딴통같이,
“아범이 없길래 망정이지 이걸 아범이 안다면 그냥 안 있어요. 없는 사람이라구 너무 업신여기진 마셔요.”
물론 이것이 쥔아씨에게 대하여 저의 면목을 세우려는 뜻도 되려니와 하여튼 년도 무던히 앙큼스러운 계집이었다. 그리고 나서도 그 다음날 밤중에는 자기가 대문을 들어서자마자 술 취한 사람을 되는 대로 잡아끌고서 행랑방으로 들어간 것도 역시 그년이 아니었던가. 하지만 잘 따져 보면 모두가 자기의 불건실한 탓으로 돌릴 수밖에 없고.
‘문지방 하나만 넘어서면 곱고 깨끗한 아내가 있으련만 그걸 뭘 보구?’
이렇게 생각해 보니 곧 창자가 뒤집힐 듯이 속이 아니꼽다.
그러나 이미 엎친 물이니 주워 담을 수도 없는 노릇이고 어째 볼래야 어째 볼 엄두조차 나질 않는다.
서방님은 생각다 못하여 하릴없이 궁한 음성으로 아씨를 넌지시 도로 불러들였다. 그리고 거진 울 듯한 표정으로,
“여보! 설혹 내가 잘못했다 합시다. 이왕 이렇게 되고 난 걸 노하면 뭘 하오?”
하고 속 썩는 한숨을 휘 돌리고는,
“그렇다고 내가 나서서 나가라 마라 할 면목은 없소. 허니 당신이 날 살리는 셈치고 그걸 조용히 불러서 돈 십 원이나 주어서 나가게 하도록 해보우.”
“당신이 못 내보내는 걸 내 말은 듣겠소?”
아씨는 아까 윽박질렀던 앙가풀이로 이렇게 톡 쏘긴 했으나,
“만일 친구들에게 이런 걸 발설한다면 내가 이 낯을 들고 문 밖엘 못 나설 터이니 당신이 잘 생각해서 해주.”
하고 풀이 죽어서 빌붙는 이 마당에는,
“그년에게 그래 괜히 돈을 준담!”
하고 혼자소리로 쫑알거리고는 밖으로 나오지 않을 수 없다. 더 비위를 긁었다가는 다시 재떨이가 공중을 날 것이고 그러면 집안만 소란할 뿐 외려 더욱 창피한 일이었다.
아씨는 마루 끝에 와 웅크리고 앉아서 심부름하는 계집애를 시키어 어멈을 부르게 하고 그리고 다시 생각해 보니 어멈도 물론 괘씸하거니와 계집이면 덮어놓고 맥을 못 쓰는 남편도 남편이었다. 그의 본처라는 자기 말고도 수하동에 기생첩을 치가하였고 또는 청진동에 쌀 나무만 대고 드나드는 여학생 첩도 있는 것이다. 꽃 같은 계집들이 이렇게 앞에 놓였으련만 무슨 까닭에 행랑어멈은 그랬는지 그 속을 모르겠고,
‘그것두 외양이나 잘났음 몰라두 그 상판대기를 뭘 보구? 에! 추해!’
하고 아씨는 자기가 치른 것같이 메스꺼운 생각이 안 날 수 없었다.
그러나 이런 일이란 언제든지 계집이 먼저 꼬리를 치는 법이었다. 그렇게 생각하면 우선 행랑어멈 이년이 더욱 숭칙스러운 골치라 안 할 수 없다. 처음 올 적만 해도 시골서 살다 쫓겨 올라온 지 며칠 안 되는데 방이 없어서 이러고 다닌다고 하며 궁상을 떠는 것이 좀 측은히 보인 것이 아니었던가. 한편 시골 거라 부려먹기에 힘이 덜 드나 하고 둔 것이 단 열흘도 못 되어 까만 낯바대기에 분배기를 칠한다, 머리에 기름을 바른다, 치마를 외로 돌려 입는다 하며 휘두르고 다니는 걸 보니 서울서 자라도 어지간히 닳아먹은 계집이었다. 그렇다 치더라도 일을 시켜 보면 뒷간까지도 죽어 가는 시늉으로 하고 하던 것이 행실을 버려 논 다음부터는 제가 마땅히 해야 할 걸레질까지도 순순히 하려질 않는다. 그리고 고기 한 메를 사러 보내도 일부러 주인이 안을 채이기 위하여 열나절이나 있다 오는 이년이 아니었던가.
“자네 대리는 오금이 붙었나?”
아씨가 하 기가 막혀서 이렇게 꾸중을 하면,
“저는 세상없는 일이라도 빨리는 못 다녀요!”
하고 시퉁스러운 소리로 눈귀가 실룩이 올라가는 이년이 아니었던가. 그나 그뿐이랴. 아씨가 서방님과 어쩌다 같이 자게 되면 시키지도 않으련만 아닌 밤중에 슬며시 들어와서 끓는 고래에다 불을 처지펴서 요를 태우고 알몸을 구워 놓는 이년이었다.
그러나 이렇게 생각하면 막벌이를 한다는 그 남편놈이 더 숭악할런지 모른다.
이년의 소견으로는 도저히 애 뱄다는 자세로 며칠씩 그대로 자빠져서 내다 주는 밥이나 먹고 누웠을 그런 배짱이 못 될 것이다. 아씨가 화가 치밀어서 어멈을 불러들이어,
“자네는 어떻게 된 사람이길래 그리 도도한가, 아프다고 누웠고 애 뱄다고 누웠고 졸립다고 누웠고 이러니 대체 일은 누가 할 건가?”
이렇게 눈이 빠지라고 톡톡히 역정을 내었을 제,
“애 밴 사람이 어떻게 일을 해요? 아이 별일두! 아씨는 홀몸으로도 일 안 하시지 않아요?”
하고 저도 마주 대고 눈을 똑바로 뜬 걸 보더라도 제 속에서 우러나온 소리는 아닐 듯싶었다. 순사가 인구조사를 나왔다가 제 성명을 물어도 벌벌 떨며 더듬거리는 이년이 아니었던가. 이렇게 생각하면 아씨는 두 연놈에게 쥐키어 그 농간에 노는 것이 고만 절통하여,
“그럼 자네가 쥔아씨 대우로 받쳐 달란 말인가?”
“온 별말씀을 다 하셔요, 누가 아씨로 받쳐 달랬어요?”
어멈은 저로도 엄청나게 기가 막힌 지 콧등을 한번 씽긋하다가,
“애 밴 사람이 어떻게 몸을 움직이란 말씀이야요? 아씨두 원 심하시지!”
“애 애 허니 뉘 눔의 앨 뱄길래 밤낮 그렇게 우좌스리 대드나?”
하고 불같이 골을 팩 내니까,
“뉘 눔의 애라니요? 아씨두! 그렇게 막 말씀할 게 아니야요. 애가 커서 이 담에 데련님이 될지 서방님이 될지 사람의 일을 누가 알아요?”
하고 저도 모욕이나 당한 듯이 아씨 붋지 않게 큰 소리로 대들었다.
아씨는 이 말에 가슴뿐만 아니라 온 전신이 그만 뜨끔하였다. 터놓고 말은 없어도 년의 어투가 서방님의 앨지도 모른다는 음흉이리라. 마는 설혹 그렇다면 실지 지금쯤은 만삭이 되어 배가 태독 같아야 될 것이다. 부른 배를 보면 댓 달밖에 안 되는 쥐새끼를 가지고도 틀림없이 서방님 애인 듯이 이렇게 흉중을 떠는 것을 생각하니 곧 달겨들어 뺨 한 대를 갈기고도 싶고 그러면서도 일변 후환이 될까 하여 가슴이 죄어지지 않을 수도 없는 노릇이었다.
‘오늘은 이년을 대뜸…….’
아씨는 이렇게 맘을 다부지게 먹고 중문을 들어서는 어멈에게 매서운 시선을 보내었다.
그러나 그렇다고 얼러 딱딱거렸다는 더욱 내보낼 가망이 없을 터이므로 결국 좋은 소리로,
“여보게, 자네에게 이런 소리를 하는 것은 좀 뭣하나…….”
하고 점잖이 기침을 한번 하고는,
“자네더러 나가라는 건 나부터 좀 섭섭한데 말이야. 자네가 뭐 밉다든가 해서 내쫓는 게 아닐세. 그러면 자네 대신 딴사람을 들여야 할 게 아닌가? 그런 게 아니라 자네도 알다시피 저 마당에 쌓인 저 세간을 보지? 인제 눈은 내릴 터이고 저걸 어떻게 주체하나? 그래 생각다 못해 행랑방으로 척척 디려쌀려고 하니까 미안하지만 자네더러 방을 내달라는 말일세.”
“그러나 차차 추워질 텐데 갑작스리 어디로 나가요?”
행랑어멈은 짐작지 않았던 그 명령에 얼떨떨하여 찔쩍한 두 눈이 휘둥그랬으나,
“그래서 말이지, 이런 일은 번히 없는 법이지만 내가 돈 십 원을 줄 테니 이걸로 앞다리를 구해 나가게.”
하고 큰 지전장을 생색 있게 내줌에는,
“글쎄요, 그렇지만 그렇게 곧 나갈 수는 없는걸요.”
하고 주밋주밋 돈을 받아 들고는 좋아서 행랑방으로 삥 나가지 않을 수 없었다.
아씨도 이만하면 네년이 떨어졌구나 하고 비로소 안심이 되었다. 마는 단 오 분이 못 되어 어멈이 부리나케 들어오더니 그 돈을 내어놓으며,
“다시 생각해 보니까 못 떠나겠어요. 어떻게 몸이나 풀구 한 둬 달 지나야 움직일 게 아냐요? 이 몸으로 어떻게 이사를 해요.”
하고 또라지게 딴청을 부리는 데는 아씨는 고만 가슴이 다시 달룽하였다. 이년이 필연코 행랑방에 나갔다가 서방놈의 훈수를 듣고 들어와서 이러는 것이 분명하였다.
아씨는 더 말할 형편이 아님을 알고 돈을 받아 든 채 그대로 벙벙히 섰지 않을 수 없었다.
그러나 한참 지난 뒤에야 안방으로 들어가서 서방님에게 일일이 고해 바치고,
“나는 더 할 수 없소. 당신이 내쫓든지 어떡허든지 해보우!”
하고 속 썩는 한숨을 쉬니까,
“오죽 뱅충맞게 해야 돈을 주고도 못 내보낸담? 쩨! 쩨! 쩨!”
하고 서방님은 도끼눈으로 혀를 찬다. 어멈을 못 내보내는 것이 마치 아씨의 말주변이 부족해 그런 듯싶어서이다. 그는 무언으로 아씨를 이윽히 노려보다가,
“나가! 보기 싫어!”
하고 공연스레 역정을 벌컥 내었다. 마는 역정은 역정이로되 그나마 행랑방에 들릴까 봐 겁을 집어먹은 가는 소리로 큰소리의 행세를 하려니까 서방님은 자기 속만 부쩍부쩍 탈 뿐이었다.
그것도 그럴 것이 서방님은 이걸로 말미암아 사날 동안이나 밖으로 낯을 들고 나오지 못하였다. 자기를 보고 실쩍게 씽긋씽긋 웃는 년도 년이려니와 자기의 앞에 나서서 멋없이 굽신굽신하는 그 서방놈이 더 능글차고 숭악한 것이 보기조차 두려웠다.
서방님은 이불을 머리까지 들쓰고는 여러 가지 귀신을 손으로 털어 가며,
“끙! 끙!”
하고 앓는 소리를 치고 하였다. 그리고 밥도 잘 안 자시고는 무턱대고 죄 없는 아씨만 들볶아 대었다.
“물이 왜 이렇게 차? 아주 얼음을 떠오지 그래.”
어떤 때에는,
“방에 누가 불을 때랬어? 끓여 죽일 터이야?”
이렇게 까닭 모를 불평이 자꾸만 자꾸만 나오기 시작하였다.
아씨는 전에도 서방님이 이렇게 앓은 경험이 여러 번 있으므로 이번에는 며칠 밤을 새우고 술을 먹더니 주체가 났나 보다고 생각할 것이 도리였다. 부모가 물려준 재산을 잘 온전히 못 쓰고 저러나 싶어서 딱한 생각을 먹었으나 그래도 서방님의 몸이 축갈까 염려가 되어 풍로에 의이를 쑤고 있노라니까,
“아씨, 전 오늘 이사를 가겠어요.”
하고 어멈이 앞으로 다가선다. 아씨는 어떻게 되는 속인지 몰라서 떨떠름한 낯으로,
“어떻게 그렇게 곧 떠나게 됐나?”
“네! 앞다리도 다 정하고 해서 지금 이삿짐을 옮기려구 그래요.”
하고 어멈은 안마당에 놓였던 새끼뭉텅이를 가지고 나간다. 그 모양이 어떻게 신이 났는지 치마 뒤도 여밀 줄 모르고 미친년같이 허벙거리며 나간 것이었다.
아씨는 이 꼴을 가만히 보고 하여튼 앓던 이 빠진 것처럼 시원하긴 하나 그러나 년이 갑자기 떠난다고 서두는 그 속이 한편 이상도스러웠다. 좀체로 해서 앉은 방석을 아니 털던 이년이 제법 훌훌이 털고 일어설 적에는 여기에 딴속이 있지 않으면 안 될 것이다.
얼마 후 아씨는 궁금한 생각을 먹고 문간까지 나와 보니 어멈네 두 내외는 구루마에 짐을 다 실었다. 그리고 바구니에 잔 세간을 넣어 손에 들고는 작별까지 하고 가려는 어멈을 보고,
“자네, 또 행랑살이로 가나?”
하고 물으니까,
“저는 뭐 행랑살이만 밤낮 하는 줄 아세요?”
하고 그전부터 눌려 왔던 그 아씨에게 주짜를 뽑는 것이다.
“그럼 사글세루?”
“사글세는 왜 또 사글세야요? 장사하러 가는데요!”
하고 나도 인제는 너만하단 듯이 비웃는 눈치이다가,
“장사라니 밑천이 있어야 하지 않나?”
“고뿌술집 할 테니까 한 이백 원이면 되겠지요. 더는 해 뭘 하게요?”
하고 네 보란 듯 토심스레 내뱉고는 구루마의 뒤를 따라 골목 밖으로 나간다.
아씨는 가만히 눈치를 봐하니 저년이 정녕코 돈 이백 원쯤은 수중에 가지고 희자를 빼는 모양이었다. 그렇다면 어제 저녁 자기가 뒤란에서 한참 바쁘게 약을 끓이고 있을 제 년이 안방을 친다고 들어가서 오래 있었는데 아마 그때 서방님과 수작이 되고 돈도 그때 주고받은 것이 확적하였다. 그렇지 않으면 고분고분히 떠날 리도 없거니와 그년이 생파같이 돈 이백 원이 어서 생기겠는가. 그렇게 따지고 보면 벌써부터 칠팔십 원이면 사줄 그 신식 의걸이 하나 사달라고 그리 졸랐건만도 못 들은 척하던 그가 어멈은 하상 뭐길래 이백 원씩 희떱게 내주나 싶어서 곧 분하고 원통하였다.
아씨는 새빨간 눈을 뜨고 안방으로 부르르 들어와서,
“그년에게 돈 이백 원 주었수?”
하고 날카로운 소리를 내었다. 그러나 서방님은 암말 없이 드러누워서 입맛만 다시니 아씨는 더욱더 열에 뜨이어,
“글쎄 이백 원이 얼마란 말이오? 그년에게 왜 주는 거요. 그런 돈 나에겐 못 주?”
이렇게 포악을 쏟아 놓다가 급기야는 눈에 눈물이 맺힌다.
그래도 서방님은 입을 꽉 다물고는 대답 대신,
“끙! 끙!”
하고 신음하는 소리만 낼 뿐이다.","주인아씨는 행랑어멈 때문에 속이 썩을 대로 썩었다. 나가래자니 그것이 고분히 나갈 것도 아니거니와 그렇다고 두고 보자니 괘씸스러운 것이 하루가 다 민망하다.
어멈의 버릇은 서방님이 버려 놓은 것이 분명하였다.",6358
조신의 꿈,김동인,,"땡─ 땡─
고요한 하늘에 울리어 나아가는 범종(梵鐘) 소리를 들으면서 조신(調信)은 낙산사(洛山寺)를 내려서 자기의 장사(농장집)로 향하였다.
봄날이었다. 신라(新羅)의 전성을 자랑하는 무궁화가 만개하여 그윽히 좋은 절기를 산에, 벌에, 들에 장식하고 있었다.",10817
죄와 벌,김동인,"─ 어떤 사형수의 이야기
“내가 판사를 시작한 이유 말씀이야요? 나이도 늙고 인젠 좀 편안히 쉬고 싶기도 하고, 그래서 사직했지요, 네? 무슨 다른 이유가 있다는 소문이 있어요? 글쎄, 있을까. 있으면 있기도 하고, 없다면 없고, 그렇지요. 이야기해보라고요? 자, 할 만한 이야기도 없는데요.”
어떤 날 저녁, 어떤 연회의 끝에 친한 사람 몇 사람끼리 제2차 회로 모였을 때에, 말말끝에 이런 이야기가 나왔다. 그리고 그 전 판사는 몇 번을 더 사양해본 뒤에, 이런 이야기를 하였다.
“나는 사법관이지 입법관이 아니었으니깐 거기에 대한 자세한 내용은 모르지만, 법률이 어떤 범죄에 대하여 형을 과하는 것은 현명한 여러 입법관의 머리에서 얼마 동안 연구되고 닦달된 뒤에야 처음으로 명문으로 될 것이 아닙니까? 그리고 우리 사법관은 법률의 명문의 모호한 점을 해석하며, 법률의 명문에 의지해서 범죄를 다스리는 것이 직책이지, 그 법률의 근본을 캐어가지고 이렇다 저렇다 하는 것은 권리에 지나치는 일이겠지요. 그러니깐, 나는 형의 비판이라든가는 하지 않겠습니다. 그리고 다만 내가 재직 때에 당한 한 가지의 예를 들어서, 내가 판사라는 지위를 사직한 이유를 간단히 말해보겠습니다.
내가 복심법원 판사 때의 일이외다. 어떤 날 어떤 사형수의 공소재판이 있어서 그것을 내가 맡게 되었는데, 예비지식으로 피고의 공소 이유와 제1심의 기록 등을 대강 눈에 걸쳐보니깐, 사람 셋을 죽인 살인강도범이었습니다. 더구나 피살자 세 사람 가운데 하나는 아직 철모르는 어린애로서, 그런 철모르는 어린애까지 죽인 살인강도는 성질로 보아 흉포무쌍한 자가 아니겠습니까. 그래서 그저 그만치 알아두었습니다. 대체 사형수라 하는 것은, 하여간 공소는 해보는 것이니깐…….
별로 신기하게 여길 사건도 아니므로, 그저 그만치 해가지고 공소 재판을 열었지요. 그리고 순서대로 주소, 성명, 연령, 직업, 전과의 유무 등을 물었는데, 스물세 살 났다는 젊은 사람이 전과 6범이었습니다.
열두 살 때에 소매치기를 비롯하여, 절도, 공갈, 강도, 등등 온갖 죄악을 다 범한 사람이었습니다. 많은 경험이 아닐지라도 이만하면 벌써 피고의 성질이 짐작될 것이 아닙니까. 그래서 마음으로는 벌써 공소해야 역시 사형이라고 생각하고 있었습니다. 그리고 다만 규칙에 의지해서, 공소한 이유를 물었지요. 그러면서도 피고가 무슨 핑계를 대거나 범행을 부인하는 말을 하려니 하고 있었습니다. 그랬더니 피고는 뜻밖의 대답을 하지 않겠습니까?
피고의 말은, 자기는 사형이 싫어서 공소한 것이 아니다. 다만 자기는 제1심에서 자기의 과거를 한번 다 이야기해볼 기회를 얻지 못해서 그 기회를 얻으려고 공소한 것이지, 사형이 억울해 그런 것이 아니라고 합니다그려. 자기의 범행은 죽어도 싸다고, 검사가 할 말까지 하겠지요. 그래서 나는 온화한 말로, 공판정은 범행을 조사해서 거기다가 형을 과하는 곳이지 피고의 경력 연구소가 아니니깐 그것은 허락할 수 없다고 거절해버리고 범행에 대해서 조사를 하려니까, 피고는 한참 머리를 수그리고 있더니 그러면 공소를 취하하겠다고 그러겠지요.
그래서 공소는 그만 취하해버렸는데, 한 이삼 일 뒤에 문득 그 생각이 나서, 원 대체 자기의 경력을 이야기 못하면 사형을 달갑게 받겠다던 그 피고의 경력은 어떠한 것인가……고, 호기심이 무럭무럭 나서, 어디 한번 알아 보자 하고, 한가한 틈을 이용해가지고 형무소로 찾아갔지요. 그리고 판사 대 피고의 지위가 아니요, 개인과 개인의 관계로서 그 사람을 면회를 했습니다. 그리고 그가 초췌한 얼굴로 기뻐서 내게 이야기한 바로서, 그 사람의 경력이 이런 것이었음을 알았습니다.”
그의 이름은 홍찬도라 하였다.
비교적 미남자였고, 얼굴로 보아서는 아무 흉포한 점이 없었다.
그는 사람을 셋을 죽였다. 무슨 큰 원함이 있어서 죽인 바도 아니요, 돈을 뺏으러 들어갔다가 들켜서 그만 세 사람을 죽인 것이었다. 처음에는 어른 두 사람을 죽이고, 달아나려다가 그는 곁에서 날뛰면서 울고 있는 서너 살 어린아이까지 마침내 죽인 것이었다. 이것이 혹은 잔혹한 일이라 할지 모르나, 이것은 그가 그 어린아이에 대한 자비심에서 나온 것이다. 이것이 그의 범죄 사실이었다.
그는 열한 살부터 벌써 죄를 짓기 시작하였다. 소매치기, 절도, 협박, 공갈, 강도, 이러한 모든 죄를 차례로 지으면서 오늘날까지 이르렀다. 범죄에서 감옥으로, 감옥에서 범죄로, 안정되지 못한 생애를 밟아오다가 마침내 스물세 살이라는 지금에 세 사람을 죽였다는 무서운 죄악으로써 사형의 선고를 받은 것이었다.
그러면 그는 천성이 그렇게 못된 사람이었던가. 부모의 유전으로 그런 못된 성질을 물려받았던가. 혹은 사귀던 친구가 나빴던가.
만약 친구가 나빴다 하면, 그런 못된 친구와 사귀는 것을 감독할만한 부모는 무얼 하였나. 자식을 감독할 줄을 몰랐나. 감독하려 하지를 않았나 또는 못하였나. 가령 못하였다 하면, 그이유는?
그의 아버지는 어떤 운송조에서 마차를 끌어주고 그날그날을 보내는 온량한 시민이었다. 그의 어머니도 역시 참한 여인으로서 남편을 공대하고 자식을 사랑할 줄 아는 온량한 아내였다. 이러한 부모 아래서 가난하나마 아무 부족한 불만을 모르고 그는 열한 살까지 자랐다. 그때 그는 보통학교 5학년생이었다.
그러나 사람의 생활에 병집은 언제 어디서 일어날지 전혀 모를 바였다. 이것은 하느님이 사람으로 하여금 잠시도 마음을 놓지 않도록 주의시키려는 자비심에서 나온 것이지, 혹은 악마가 사람의 세상을 위협하는 수단에서 하는 것인지는 모르나, 사람의 세상은 언제 어떤 곳에서 뜻하지 않은 괴변이 생길지 온전히 모를 바였다.
그의 아버지가 법률의 그물에 걸렸다. 일은 사소한 것이었다. 말하자면 그에게는 아무런 책임도 없는 일이었다. 어떤 날, 그의 부리는 말이 지나가는 자동차에 놀라서 구루마를 단 채로 거리로 달아났다. 놀란 말이 달아나서 돌아다니는데, 체면과 인사가 있을 리가 없었다. 마차에 치여서, 몇 사람은 중상을 당하고, 몇 사람은 죽었다. 그것뿐이었다. 그러나 그 즉사한 사람 가운데에는 불행히 그 지방의 장관이 있었다.
여기서 문제는 커졌다. 놀란 말이 장관을 알아볼 리가 없고, 장관이라 한들 마차에 치이면 죽는 것이 당연하지만, 장관이 죽었다 하는 것은 그 사건의 결과를 좀더 중대화하였다. 법률은 그를 꼭 벌해야 할 책임을 느꼈다. 그리고 육법전서를 편 결과, 형법 제 211조에서, ‘업무상 필요한 주의를 게을리하여 사람을 사상死傷에 이르게 한 자는, 3년 이하의 금고, 혹은 1,000원 이하의 벌금에 처함’이라는 조문을 얻어내고, 그에게 3년 동안을 형무소 안에서 지내기를 명하였다.
이리하여 비극은 마침내 이 집안에도 이르렀다.
인형으로서의 온공함과 얌전함은 배웠지만 아직 주부로서의 권리와 의무와 그것의 행사 방법에 대한 교육과 교양이 없는 찬도의 젊은 어머니는, 이런 일을 당하면 낭패할밖에는 다른 도리는 없었다. 어머니는 낭패하였다. 그리고 그 낭패에 대하여 아무런 방책도 생겨나지 않는 동안에 시간은 거듭하여 날이 되고, 날은 거듭하여 달이 되었다.
법률은 정당한 선고를 찬도의 아버지에게 내린 것이었다. 법률은 사회에서 대하여서나 찬도의 아버지나 모자에 대하여서는 아무런 가려운 일이 없었다. 세상의 질서를 유지하기 위하여 찬도의 아버지에게 내린 선고는, 세상의 정신 못 차리려는 사람들을 정신 차리도록 하려는 한 경종으로서, 이것은 법률의 정당한 사명이었다. 그러나 그 법률이 잊어버린 사람의 축에 한 패의 가련한 모자가 있었던 것이었다. 처세학이라는 것을 배우지 못한 때문에 밥을 굶고 옷을 헐벗지 않으면 안 될 가련한 모자가 있었던 것이엇다.
그러나 하느님이 사람을 내실 때에, 사람으로 하여금 먹을 것이 없어서 죽게까지는 내지 않았다.
찬도는 어느덧 학교에 안 다니게 되었다. 아니, 오히려 못 다녔겠지. 그리고 단칸방에서 이런 아들과 젊은 어머니가 주린 배룰 움켜쥐고 며칠을 참은 뒤에 어떤 날, 어머니는 나가서 쌀과 나무를 사 왔다.
아직껏은 쌀과 나무와 옷감이라는 것은 하늘이 비를 주듯 때때로(어린 찬도는 모르는 틈에) 내려주는 것쯤으로 알고 별로 신기하게 생각하지 않던 찬도는, 이번 사건의 뒤에 처음으로 쌀과 나무는 돈을 주고 사는 것이며, 그것이 돈을 주는 아버지가 없어졌으므로 떨어졌다는 것을 알았던 것이었다. 그랬던 것을, 어머니(며칠을 돈이 없어서 굶고 지내던)가 사왔다 하는 것은, 찬도에게는 뜻밖이었다. 웬돈? 누가 돈을 벌었나? 무엇을 하여 벌었나?
어떤 날 아침, 좀 일찍 깬 찬도는 머리맡에 흩어져 있는 음식 그릇들을 보았다. 찬도는 벌떡 일어났다. 그리고 거기 남은 부스러기라도 고르려고 하다가 갑자기 속이 불유쾌해져서 그만두고 어머니를 보았다. 어머니는 아직껏 깨지 않았다. 그 어머니의 얼굴에는 분이 발려 있었다. 찬도는 속이 몹시 언짢아졌다. 자기도 맛있는 음식을 먹고 싶은 것은 어머니도 잘 알 터인데, 밤에 혼자 사다 먹었다는 것은 찬도의 자존심에 거슬린 것이었다. 모반함을 받은 것 같은 분한 마음과 얄미운 어머니의 태도에 노염이 난 찬도는, 분김에 옷을 주워 입고 몰래 집을 나섰다. 그리고 노염과 분함이 차차 더해가는 하루를, 굶으며 그 근처를 돌아다니면서 어머니가 자기를 찾아 나와서 변명하기를 기다리다가 밤 10시쯤 하여 할 수 없이 집으로 돌아왔다.
집에는 웬 잔치가 있었다. 어머니는 웬 사나이와 마주 앉아서 음식을 먹고 있었다. 그러다가 슬그머니 들어오는 아들을 보고,
“온종일 어디 갔었니. 얼른 자라!”
하고 한마디 꽥 소리를 지른 뿐이었다. 음식을 먹으란 말도 없었다. 배고프지 않느냐는 말조차 없었다.
찬도는 자리를 윗목에 내려 펴놓고 누웠다.
“좀 가만가만 펴지, 몬지 나누나.”
어머니는 또 나무람을 하였다. 분함과 노염과 주림으로 자리 속에 들어는 갔지만 찬도에게 졸음이 올 리가 만무하였다. 음식 냄새가 코로 몰려 들어왔다. 그것은 몹시 좋은 냄새였다. 그러나 또한 몹시 역한 냄새에 다름없었다.
울고 싶은 마음, 아니 오히려 죽고 싶은 마음을 이를 악물고 참느라고 찬도는 목덜미를 와들와들 떨었다. 신경, 더욱 귀의 신경은 날카로워졌다. 행여나 ‘찬도야, 너도……’ 하기를 기다렸으나 그것은 헛바람이었다.
마침내 찬도는 일어났다. 그리고 몰래 이불 밖으로 기어 나와서, 문을 연 뒤에 문밖에 나섰다. 그리고 신을 신고 밖으로 막 뛰려 할 때에, 어머니가 따라 나와서 그를 붙들었다. 그리고 손에다 무엇을 쥐어주었다.
“50전이다. 뭘 나가서 사 먹어라.”
찬도는 욱하니 울었다. 아직껏 하루 종일을 참고 또 참았던 울음이었다.
“애도 울기는 왜…….”
어머니의 태도는 다시 쌀쌀해졌다. 이 한마디뿐, 어머니는 도로 들어가서 문을 절컥 닫았다.
아무리 어린 찬도일지라도 제 어머니의 하는 일의 의의를 알았다. 그것은 사람의 길에 벗어난 일이었다. 부끄러운 일이었다. 찬도에게는 그런 일을 하는 어머니가 천스러웠다.
그는 생활난과 정조라는 것의 가치를 비교할 만한 진보된 지식은 아직 못 가졌다. 하물며 제 어머니라는 사람과 생활난과 정조 관념의 삼각 관계를 이해할 리가 없었다. 그러나 수천 년간 그의 조상들이 신봉해오는 관념의 여파로서, 제 어머니의 하는 일이 지극히 천스럽고 부끄러운 일인 줄은 알았다. 그는 어머니를 경멸하지 않을 수가 없었다.
이리하여 사회의 질서를 유지하고자 행한 바 법률의 처분은, 여기서 그 부산물로서 모자간의 이반이라는 사회질서에 위반되는 일을 해놓았다. 그 뒤부터는 모자의 사이는 차차 벌어졌다. 아들은 제 어머니에게서 어머니의 행동에 대한 변명이 듣고 싶었다. 그러나 어머니는 변명하지 않았다. 그 대신 아들의 양해…… 묵인을 바랐다.
그러나 아들은 양해하지 않았다. 아들은 차차 어머니와 이야기하기를 피하였다. 그것을 갚으려는 듯이, 어머니도 차차 아들과 이야기를 피하였다. 그리고 처음에는 서로 ‘피하려’던 것이, 차차 어느덧 서로 ‘악의로써 대하게’ 되었다. 어미는 변변찮은 작은 일로도 차차 제 아들을 몹시 꾸짖는 일이 많아갔다. 할 수 있는 대로 이야기를 안했지만, 하게 되면 그것은 꾸중이나 욕설뿐이었다.
그러나 제 어머니를 경멸하는 아들에게는, 그 꾸중이 귀에 들어올 리가 만무하였다. 아들은 꾸중에 머리도 안 숙였다. 변명도 안 하였다. 대답조차 안 하였다. 못 들은 체하고 저 할 장난만 하였다. 이렇게 되면, 어머니는 더욱 성을 냈다. 그리고 발을 굴렀다. 그러나 아들은 제 태도를 고치지 않았다. 그는 어머니를 무시하는 것으로 유일의 대항책을 삼는 것이었다.
어머니는 아들이 그렇게 미워서 그러하였나. 혹은 부끄러움을 감추기 위하여 그런 태도로서 아들을 대하지 않을 수가 없었나. 이것은 알 수 없다. 알 필요도 없다. 다만 이리하여 모자간의 정애가 차차 없어졌다는 것을 알면 그뿐이다.
아들은 차차 ‘집안’ 이라는 것을 버리기 시작하였다. 아침에 밖으로 나가서 어두운 뒤에야 집으로 돌아오는 일이 차차 많아갔다. 그러나 찬도에게는 밤에나마 집에 들어오는 것은 할 수 없어서 하는 일이었다. 할 수만 있으면 안 돌아오고 싶었다. 이 사내 저 사내(대개가 노동자)가 이전의 찬도의 아버지가 행한 노릇을 하는 광경은 찬도에게는 보지 못할 노릇이었다. 영업(가령 찬도의 어머니가 하는 노릇을 영업이라 부를 수가 있다면)은 나날이 번성해갔다. 저녁때 사내의 그림자가 그 오막살이에서 뵈지 않는 날이 쉽지 않았다. 낮에는 웬 노파들이 많이 다녔다. 젊은 어머니의 이쁘장스러운 얼굴과 애교와 박리다매주의는, 오늘날 이렇듯 영업의 번성함을 보게 한것이었다.
찬도는 대게 낮에는 어디 나가 있었다. 그는 처음에는 갈 곳이 없어서 거리거리를 헤맸다. 그리고 공원에서 쉬었다. 점심은 대개 굶었다. 정 견딜 수가 없을 때에는, 제 집 부엌에 와서 도적질하여 먹었다. 그러나 그러는 동안에, 그도 어느덧 섞여서 같이 놀 만한 소년 그것조차 알지 못하였다. 그는 어느덧 소매치기의 첫 시험을 ‘축’ 으로 하여, 그전의 생활과 거기 관련된 온갖 군잡스러운 문제는 잊어버린 것이었다. 소매치기와 절도, 이러한 위태한 사다리를 그는 한 걸음 한 걸음 걸어 올라갔다.
그러다가 열일곱 살 나는 해에 첫번 형무소의 맛을 보았다. 형무소 안에는 많은 동지가 있다는 것은 이 소년의 마음을 더욱 든든히는 하였을망정, 손톱눈만치의 후회도 일으키게 못하였다. 뿐만 아니라 형무소는 이소년에게 범죄 방법을 가르치는 한 학교였다.
형무소에서 나온 그는 역시 그것으로 제 밥벌이(?)를 삼았다. 그것밖에는 다른 것을 취할 길도 몰랐거니와, 다른 길은 사회에서 그를 받아주지도 않았다. 이리하여 범죄와 형무소, 이러한 행정을 밟으면서 소년기에서 청년기에 들어선 그는 마침내 살인강도라는 듣기조차 무서운 죄목 아래서 사형의 선고를 받게 된 오늘의 범행까지 지은 것이었다.
그것은 어떤 첫여름이었다. 일없이 공원에 앉아서 낮잠을 자고 있던 그는, 누가 깨우는 바람에 상쾌한 졸음에서 깨었다. 깨어보니, 그것은 며칠 전에 찬도와 같이 출옥한 감옥 친구였다. 두 사람의 사이에는 한 가지의 계획이 성립되었다. 즉 어떤 집에 강도로 들어가 자는 것이었다. 찬도도 아무 뜻없이 쾌히 승낙하였다. 아직껏 해보지 못한 범죄라 하는 것은, 찬도에게는 매우 흥미 있는 것이었다.
이리하여 그들은 이튿날 밤이 깊어서, 어떤 집에 들어갔다. 그러나 여기서 찬도의 뜻밖의 일이 생겼다. 공범자는 돈을 다 뺏은 뒤에 준비했던 칼로 주인 부처를 죽였다. 그리고 유쾌한 듯이 칼을 휙 던져서, 담벽에 꽂아놓은 뒤에 휘파람을 불면서 나갔다.
여기서 물론 찬도도 그 공범자와 함께 달아나는 것이 옳을 것이었다. 그러나 찬도는 움쭉하지 못하였다. 눈앞에 보이는 피는 그의 온몸을 마비시켰다. 그는 마치 그 자리에 발이 붙은 듯이, 눈이 멀찐 멀찐 서 있었다. 공범자는 이런 일에 경험이 많았는지, 칼 맞은 사람은 찍소리도 못하고 한칼에 죽었다. 그러나 근육은 아직 흐물흐물하였다.
피! 그것은 과연 괴상한 물건이었다. 거기에 커다란 충동을 받은 찬도는 정신을 못 차리고 서 있었다. 그는 온 힘을 다하여 정신을 수습해 보려하였다. 그러나 애쓰면 애쓸수록 정신은 더욱 어지러워졌다.
10여 분이 지난 뒤에야 그는 펄떡 정신을 차렸다. 동시에, 아직껏 불같이 울어대는 어린아이가 있는 것을 처음으로 인식하였다. 그는, 발로써, 그 어린아이를 힘껏 찼다. 그리고 도망하려 뛰어나왔다.
그러나 그는, 그 집 문밖에서 순사에게 잡혔다. 순사는 어린아이가 너무도 우는 것이 수상하여, 그 집 문밖에서 동정을 엿듣고 있었던 것이었다.
이렇게 그 찬도의 경력을 이야기해오던 전 판사는, 잠깐 말을 멈추었다가 다시 이었다.
그런데, 그 사람에게는 제 말과 같이(그 제 말을 나는 믿습니다) 공범이 있었는데, 예심 조서 이하 초심 기록 아무 데를 보든 다 저 혼자 범행한 모양으로 됐지 공범의 이야기는 없거든요. 하기는 경찰서의 조사에는 잠깐 그런 이야기가 있었지만, 그 뒤부터는 늘 그것을 부인해왔어요. 그런데 그 이유로 그 사람이 제 입으로 내게 한 말을 듣자면, 자기는 아무 세상 철없는 순진한 어린애를 죽였으니깐 죽어도 싼데…… 자기는 어차피 사형될 터에, 공연히 남까지 끌어 넣어서 그 사람까지 죽이면 무얼하느냐고…… 그사람, 공범의 죄를 보자면 역시 열 번 죽여도 싸기는 하지만 그 사람에게는 처자가 있는 것을 생각하니깐, 자기의 어렸을 때의 생각이 나서 차마 불어 넣지 못하겠다고요. ‘피’ 를 본다 하는 것은 과연 무서운 것이외다. 아직껏 아무 반성 없이 온갖 죄악을 범해오던 그 사람도, 뜻하지 않은 피를 보고 그만 양심이 일어서면서 동시에 그런 고찰도 생긴 모양이지요.
그 사람은 제 경력을 다 이야기하더니 쓸쓸하게 웃으면서, 이것은 결코 자기가 감형을 받고 싶거나 그래서 한 것이 아니고, 왜 그런지(허영심이랄지) 죽기 전에 한번 이야기나 해보고 싶어서 한 것이라고. 그러면서 마지막 말로 자기는 죽어도 뒤에 남는 가족이라는 것이 없으니 안심이라고 하면서 도로 감방으로 끌려갔습니다.
나는 그날 밤 잠을 못 잤습니다 . 더구나 그 찬도의 아버지에게 3년의 형을 선고한 것은 나였습니다그려. 내가 지방법원에 재직할 때에 그 사건을 맡아 했는데, 내 생애 가운데 많은 과실상해죄를 처결했으니깐 기억에 없을 듯하나, 그 사건만은 그때에 이 지방의 장관이 마차에 치여 죽었다는 별다른 사건이었으므로 아직 기억에 남아 있어요 그리고 나는 거기 대하여 손톱 눈만치도 후회하거나 부끄럽게 생각지 않습니다. 당시에도 그렇게 생각했지만 지금도 그 일을 부끄럽게 생각지 않습니다. 그것이 내가 나라에서 맡은 책임이요, 온 국민에게 맡은 의무인 이상에 무엇이 부끄럽겠습니까. 찬도의 아버지도 그것을 억울하게 생각지 않았겠지요. 그는 공소도 안 했으니깐……. 그러나 우리가 생각도 안 해던 ‘이면’에는 이러한 참극이 생겨났다는 것을 어떻게 뜻이나 했겠습니까.
나는 그 이튿날부터 찬도의 감형 운동을 했습니다. 물론 내 경험에 의지해서, 그 운동이 효과가 없을 줄은 짐작은 했어요. 공범자를 드러내면 혹은 전 판결을 번복시킬지도 모르나 이것은 찬도의 의사가 아니니깐, 다만 찬도는 환경 때문에 못된 죄를 범했으나 잘 지도 하면 좋은 사람이 될 가능성이 있는 것을 유일의 이유로 감형 운동을 했습니다그려. 그리고 그 운동이 실패하게 된 것을 핑계 삼아가지고 판사를 사직하고 말았지요.
분명한 숫자를 모르지만 내가 형을 선고한 죄수만 하여도 20여년간에 수천명이 될 터인데, 그 가운데서 우리가 온전히 모르고 뜻도 안 한 비극과 참극이 얼마나 많이 생겼는지 생각하면 속이 떨립디다그려.
내가 사직한 후 사흘 뒤에, 찬도는 사형을 받았지요. 그때 입회하였던 검사의 말을 들으니깐 그 사람, 이름도 부르기가 별합니다, 찬도의 마지막 말은 ‘마음에 걸리는 것이 없습니다’ 는 한마디뿐이었다고요. 그리고 그 검사는 그 말을 회개한 죄수의 말로 해석하는듯합니다. 그러나 나는 그 말을 그렇게 해석하지 않습니다. ‘나는 처자가 없으니깐, 죽어도 뒤가 근심되지 않는다.’ 나는 이렇게 해석합니다. 이미 죽은 사람의 말이니, 어디 가서 뜻을 판단해달랄 수는 없지만, 어떻습니까, 내 해석이 오히려 그럴듯하지 않습니까?
전 판사는 의견을 묻는 듯이 좌중을 둘러보았다. 그러나 거기에는 대답하는 사람이 없었다.","“내가 판사를 시작한 이유 말씀이야요? 나이도 늙고 인젠 좀 편안히 쉬고 싶기도 하고, 그래서 사직했지요, 네? 무슨 다른 이유가 있다는 소문이 있어요? 글쎄, 있을까. 있으면 있기도 하고, 없다면 없고, 그렇지요. 이야기해보라고요? 자, 할 만한 이야기도 없는데요.”",7446
지구의 마지막 날,필립 와일리,"무서운 사자




""전보입니다.""
라고 말을 한 예쁜 스튜어디스는 무척 놀란 표정이었다.
그것은 당연한 일이었다. 이삼십 분 동안에 한 사람에게 무려 일곱 통의 전보가 오고 있었으니....... 주위의 승객들도 이상한 눈초리로 데이브를 힐끔힐끔 쳐다보곤 하는 것이었다. 데이브는 전보를 뜯어보았다.
""데이브 란스텔 씨, 당신이 운반하고 있는 가방 속에 든 비밀에 1만 달러를 지불하겠습니다. 여섯 시간만 딴 신문사보다 먼저 가르쳐 주실 수 없습니까?""
신문사들 사이의 경쟁으로 30분 동안에 천 달러에서 무려 1만 달러로 껑충 뛰게 되었다. 데이브가 운반하고 있는 검정 색 가방에 무엇인가 중대한 비밀이 있다는 냄새를 맡고 있는 것이 분명했다. 그러나, 데이브 자신도 자기가 운반하고 있는 것이 무엇인지를 전혀 알지 못하고 있었다. 운반은 여객기의 조종사가 하는 것이고 자기는 단지 보관하는 것에 지나지 않는 것이다. 그러나 아무튼 이상한 일인 것만은 틀림없었다. 남아프리카 케이프타운에 놀러 갔을 때 그는 그 곳의 천문대 대장으로부터 그 검정 색 가방을 미국까지 운반해 달라고 하는 부탁을 받게 되었다. 데이브는 그날 낮에 케이프타운에 있는 론진 경의 큰 저택에 초청되었다. 론진 경은 데이브에게 날카롭게 생긴 사람을 소개해 주었다.
""브론슨 교수님이시다. 여기 천문대의 책임을 맡고 계시지.""
교수는 고개를 끄덕일 뿐 아무 말도 하지 않고 데이브의 손을 힘차게 쥘 뿐이었다.
""앉아라, 데이브.""
론진 경의 말에 데이브와 교수는 자리에 앉았으나 여전히 교수는 입을 열지 않고 무엇인가 깊은 생각에 잠겨 있었다. 론진 경은 사냥이 유일한 취미이며 특기라고 생각했는데, 역시 벽에는 사자의 머리와 들소, 코끼리의 머리 등이 잔뜩 걸려 있었다.
""데이브를 여기에 오라고 한 것은 극히 중대한 것을 발견했기 때문이다.""
라고 론진 경은 말을 시작했다.
""지구에 대해서 이 이상 중대한 발견은 없을 것이다. 그러나 지금 자네에게 그걸 가르쳐 줄 수가 없네.""
""왜요?""
데이브가 그렇게 물었을 때 교수는 시선을 론진 경에서 데이브를 거쳐 벽의 사자에게로 옮기더니,
""저 사자가 없어진다는 것은 이상한 일이야.""
라고 중얼거렸다. 무의식중에 나오는 말인 듯했다. 론진 경은 고개를 끄덕였다. 무거운 침묵이 계속되었다. 그 침묵을 깨고 데이브는 교수에게 물었다.
""왜 사자가 없어진다는 겁니까?""




브론슨 교수는 그 말에는 대답하지 않고 딴 이야기를 꺼냈다.
""우리들이 당신을 부르게 된 것은 당신이 신뢰할 수 있는 사람이라고 생각했기 때문입니다. 우리는 이 중대한 발견을 될 수 있는 대로 빨리 뉴욕으로 보내야 합니다. 이 일을 맡아 주신다면 당신에게 중요한 일을 맡기겠습니다. 오늘 저녁에 프랑스로 갈 수 있게 제트기가 준비되어 있습니다만.......""
""좋습니다. 그렇지만 그렇게 중대한 일이라면 그 물건이 무엇인가를 알지 않고는......?""
""필름입니다.""
""필름이라고요?""
론진 경은 옆 책상에 덮어놓은 표범 가죽을 들쳤다. 문제의 검정 색 가방이 놓여 있었다.
""물건은 그 가방 속에 들어 있네. 브론슨 교수가 천문대 대장이니까 대강은 짐작할 수 있겠지. 이 필름은 남반구에 있는 최대의 천체 망원경으로 찍은 것으로, 북반구에서 볼 수 없는 부분이네. 이것을 뉴욕 시의 헨드론 박사를 만나서 직접 전달해 주면 되는 것이다.""
브론슨 교수가 말했다.
""우리들이 발견한 사실이 조금이라도 세상 사람에게 흘러 나간다면 무서운 일이 벌어지게 될 지도 모릅니다. 따라서 이 필름이 지니고 있는 비밀에 대해서는 당신에게도 가르쳐 드릴 수가 없는 것입니다. 헨드론 박사는 지금 윌슨 천문대에 계시지만 당신이 뉴욕에 도착할 때까지는 돌아와 당신을 기다리고 있을 겁니다.""
론진 경은 지도를 펼쳤다.
""안전하게 비밀을 지키고 빠르게 전달하려면 자네는 제트 여객기로 프랑스에 가서, 거기에서 다시 미국으로 가는 제트 여객기를 갈아타도록 하게. 필름을 전달한 다음엔 자네가 하고 싶은 대로 해도 좋아. 뉴욕에 머물고 있든지, 이곳으로 다시 돌아오든지 아니면 지구상의 어디든지.......""
교수는 고개를 끄덕였다.
""그래, 지구상 어디에라도....... 란스텔 씨, 사실은 내가 직접 운반하고 싶습니다. 그러나, 나는 지금 천문대를 비워 놓을 수가 없습니다. 당신이 내가 발견한 중요한 것을 운반하고 있다는 것을 누군가 눈치 챌는지도 모릅니다. 그러나 아무 것도 모르는 체 하십시오. 누가 물어도 그저 모르는 체 해야 합니다.""


란스텔이 두 사람이 부탁하는 것을 생각하고 있을 때 또 스튜어디스가 전보를 가지고 왔다.
""브론슨 교수가 발견한 것에 대해 당신과 독점 인터뷰를 하고 싶다. 2만 달러를 드리겠소.""
이 전보는 최초 천 달러 주겠다는 사나이에게서 온 것이었다. 만약 그 비밀을 안다면 돈 같은 것을 산더미같이 쌓아 놓아도 조금도 필요가 없다는 것을 알 것인데.......


그 날 저녁 뉴욕은 날이 따뜻하고 거리에서 사람들이 웅성대는 소리가 헨드론 박사가 살고 있는 높은 아파트까지 들려왔다. 박사의 딸 이브 헨드론은 테라스에서 안개가 자욱한 맨해튼을 바라보다가 공항 쪽으로 시선을 돌렸다. 옆에는 그녀의 약혼자 토니가 있었다. 아파트 안에서는 유쾌한 음악이 흐르고 춤을 추고 있는 사람들의 그림자가 창에 비치고 있었다.
""무엇을 그렇게 생각하고 있지? 이브.......""
""아무 것도 아니에요.""
""당신과 당신 아버님은 무언가 감추고 있는 게 분명해. 신문 기자들에게는 아무 일도 없다고 말하고 있지만....... 과학자들이 무엇인가 계획하고 있는 것이 틀림없어!""
""과학의 세계에는 항상 무언가 일어나고 있어요.""
이브는 말을 딴 곳으로 돌렸다. 그러자, 문이 왈칵 열려서 음악 소리가 크게 들렸다. 방안에서는 여섯 사람이 춤을 추고 있었다.
""토니!""
""왜?""
""저 사람들을 어떻게 내보낼 수가 없을까요?""
""할 수 있지. 나는 남아도 좋겠지?""
토니는 즐겁게 말했다.
""안돼요. 일이 있어요. 토니, 당신께만 비밀을 말씀해 드리죠. 란스텔이라는 사람이 지금 막 남아프리카에서 아버지를 만나러 서재에 와 있어요.""
""란스텔이라니, 누구지?""
""나도 모르는 사람이에요.""
""그런데, 그렇게 바쁘다는 일은 도대체 뭐지?""
""토니, 사실 란스텔 씨는 요 몇 개월 동안 남아프리카 천문대에서 이상한 별의 움직임을 계속 관측한 결과를 가지고 왔어요. 지금은 그것밖에 말할 수가 없어요. 그러나, 확실하게 밝혀지면 전 세계에 발표하게 될 거예요. 부탁이에요, 토니! 저 사람들을 보내 주세요.""
토니는 이브가 떨고 있는 것을 알았다. 그래서 그녀를 안심시켜야 된다고 생각하고 말했다.
""알았어, 이브! 내보내도록 하지.""
얼마 후 손님을 보내고 나서 토니는 남아프리카에서 온 데이브와 인사를 나눈 후 자기 아파트로 돌아왔다.

마지막 날의 모임




토니가 항상 다니는 클럽에는 일없는 사람들이 모여 체스(서양 장기)를 두거나 신문을 읽고 술을 마시며 떠들고 있었다. 제복을 입은 보이가 그 사이를 돌아다니며 심부름을 하고 있었다. 그러나, 토니는 클럽이 오늘 따라 활기에 차 있는 것을 느꼈다. 모두가 열심히 이야기를 하고 있었다. 보통 때와는 달리 왜 이렇게 떠들썩한가를 토니는 알고 있었다.
""야, 토니......!""
누군가가 소리를 질렀다.
""아니, 존! 이 소동은 도대체 어떻게 된 건가?""
""네게 물어보고 싶다. 너는 헨드론 박사를 잘 알고 있지?""
열 사람쯤이 토니의 주위를 에워쌌다. 그 중에는 며칠 전에 이브의 집에서 쫓겨 나온 사람도 있었다. 그 중 한 사람이 물었다.
""과학자들은 도대체 무엇을 생각하고 있는 거야7""
""난 전혀 몰라.""
""그러면 그 마지막 날의 모임이라는 것은 도대체 뭔가?""
""마지막 날의 모임인가 뭔가는 전 세계의 유명한 과학자들의 모임이라더군. 수개월 전부터 모이기 시작했다고 하더군.""
""전 세계?""
""암, 최고의 과학자들뿐이래. 헨드론 박사가 그 회장이라는 소문이야.""
""누구에게 그런 소릴 들었나?""
""오늘 오후 어떤 신문 기자에게 들었어. 수개월 전 어느 유명한 과학자가 중대한 발견인가 뭔가를 한 모양인데 너무나 놀라운 것이어서 과학자들도 겁을 내고 있다는군. 그리고 수개월 동안 모임을 갖고 의논을 계속해 온 모양이야. 처음에는 별로 주의를 끌지 않았으나 모이는 과학자가 거물급인데다가 아무런 발표도 없자, 이상하다고 생각하게 된 것이지.""
""그런데, 그렇게 중대하다고 할 수 있는 증거라도 있는가?""
""하여튼 그들은 암호로 서로 통신하고 있다는군.""
""암호?""
""글쎄, 편지나 전보나 모두 암호로 하기 때문에 그 사본을 손에 넣은 신문사도 그것을 해독할 수가 없다고 하더군.""
""마지막 날 모임의 회원과 그 일과는 무슨 관계라도 있는가?""
""암호로 통신하고 있는 모든 사람이 마지막 날 모임의 회원이라는 것이 밝혀졌어.""
그가 알고 있는 것은 그것뿐이었다. 토니는 클럽을 나왔다. 그를 태운 택시가 큰 거리 모퉁이에 섰을 때 신문을 파는 소년이 큰 소리로 외치고 있었다. 차안에서 몸을 내밀어 신문을 샀다. ""과학자들이 비밀리에 마지막 날의 모임을 결성함!"" 이라는 큰 제목이 눈에 들어왔다. 아파트에 돌아오니 가정부인 셀리 아줌마가 맞아 주었다. 의자에 앉은 토니는 이브의 집에 전화를 걸었으나 전화를 받지 않았다.
""아줌마, 하이볼 좀 갖다 줘요.""
토니는 가정부에게 그렇게 말하고 신문을 읽기 시작했다.




「놀랄 만한 중대한 발견에 전 세계의 과학계는 크게 흥분하고 있다. 미합중국을 위시하여 각 국의 과학자는 모두가 부정을 하고 있지만 본사는 10통 이상의 전보의 사본을 입수했다. 그것은 미국의 물리학자나 천문학자 등이 독일의 에른스트 교수와 프랑스의 삐엘 두갱 교수와의 사이에 교환된 것이었다. 본사에서 그 과학자들을 조사해 보니 예일대학의 레밍 교수, 콜롬비아 대학의 벨디스 박사, 유니버셜 전력의 헨드론 박사, 프린스턴 대학의 카터 교수라는 것을 알아냈다. 그 사람들은 암호 통신에 대해서 부정하고 있지만 몇 사람은 전보의 사본을 보이자 할 수 없이 인정하는 것이었다. 그리나, 그것은 몇 개의 연구 단체가 공동으로 하고 있는 순수한 과학적 연구라고만 말하고 있다. 그들은 그 연구가 일반 대중과는 관계가 없는 것이라고 말하고 있으나 그 연구의 내용을 설명하는 것은 모두가 거절했다. 그러나, 그것이 무엇인가는 드러나고 있는 중이다. 오늘 케이프타운의 론진 경과 브론슨 교수가 보낸 밀사가 수수께끼의 검정 색 가방을 가지고 미국에 도착한 즉시 헨드론 박사의 아파트로 직행했다. 헨드론 박사도 밀사의 도착 시간에 맞추어 윌슨 천문대에서 아파트로 돌아와 수수께끼의 검정 색 가방을 전달받았다. 이 불가사의한 비밀이 얼마나 중대한 것인가는 다음과 같은 사실로서 짐작할 수 있다. 즉 이 비밀 때문에 마지막 날의 모임이 이루어지게 된 것이다. 도대체 그 비밀은 과연 무엇일까?」


토니는 신문을 던지고 의자에다 몸을 푹 파묻고 깊은 생각에 잠겼다. 그러나, 신문에 난 그 정도로는 확실한 것을 도저히 알 수 없었다.
<마지막 날의 모임? 그것도 신문에서 만들어 내서 공연히 떠들썩하게 만드는 것이 아닐까? 하여튼 신문에서 무엇인가 확신이 있으니까 떠드는 것이겠지.>
마침 그 때 셀리 아줌마가 하이볼을 가지고 왔다. 그는 컵을 입에 대면서도 계속 생각에 잠겼다. 하여간 무엇인가 중대한 일이 일어나고 있는 것은 틀림없다고 결론지었다.
""어머니에게서 전화가 걸려오거든 내가 감기에 걸려 자고 있다고 말해 줘요. 옷을 따뜻하게 입고 있으니 안심하라고....... 아, 졸려....... 내일은 정말 바쁘겠다.""
그는 하이볼을 단숨에 마셔버리고 의자에서 일어났다. 그리고 이브에게 전화를 두 번이나 걸어 봤으나 계속 통화 중이어서 단념하고 침실로 들어갔다.","""전보입니다.""
라고 말을 한 예쁜 스튜어디스는 무척 놀란 표정이었다.
그것은 당연한 일이었다. 이삼십 분 동안에 한 사람에게 무려 일곱 통의 전보가 오고 있었으니.......",4316
지저탐험,쥘 베른,"수수께끼의 암호




""이봐, 악셀. 어디 있어? 빨리 와!“
연구실에서 마치 우레 같은 아저씨의 고함 소리가 들렸다.
""젠장, 또 아저씨의 말버릇인 '빨리 와'가 시작됐네. 이 모양이니 마음놓고 낮잠도 못 자겠어.""
나는 투덜거리며 침대에서 내려와 상의를 입었다. 나는 악셀이라고 하는데 올해 열 여덟 살이다. 태어난 지 얼마 안 되어서 부모를 여의게 되자 아저씨네 집에 맡겨졌는데, 지금은 아저씨의 연구실에서 조수 노릇을 하고 있다. 우리 아저씨는 리이덴브로크라고 하는데, 도이칠란트 함부르크에 있는 대학의 지질학 교수다. 키가 크고 다부진 몸집으로, 커다란 쇠테 안경을 끼고 있다. 원래 나이는 쉰 살이지만, 언뜻 보기엔 마흔 살 정도로밖에 보이지 않는다.
""뭘 꾸물거리고 있는 거야, 악셀. 내가 부르고 있는 게 들리지 않아?“
또 아저씨가 호통을 쳤다.
""벌써 와 있어요. 그렇게 큰 소리로 부르지 않아도 똑똑히 들려요.“
나는 연구실로 들어갔다. 방에는 천장까지 닿는 시렁이 사방으로 둘러져 있어서, 여러 가지 광석 표본이 꽉 차 있었다. 이 표본을 고쳐 진열하고 먼지를 털고 이름표를 붙이는 것이 내가 맡고 있는 일이다. 아저씨는 유럽에서도 유명한 학자이지만, 성질이 급해서 화를 잘 내는 게 흠이었다. 아저씨는 책상 앞에 앉아 낡아빠진 큼직한 책을 살펴보고 있다가, 내 발소리를 듣고 뒤돌아보며,
""악셀, 빨리 이리 와서 이 책을 봐라. 이건 정말 대단한 책이야.“
""무척 지저분한 책이군요. 어디서 구한 거여요?“
""오늘 아침에 고서점에서 찾아 낸 거야. 이건 지금으로부터 8백 년 전에 아이슬란드에서 만들어진 책이지.""
""대관절 어떤 내용인데요? 저는 도무지 읽어 낼 수가 없군요.“
""응, 너는 읽지 못할 게다. 이건 룬 문자거든.""
""룬 문자라는 건 뭡니까?""
""여태 그것도 모른단 말이냐. 한심한 녀석이구나. 룬 문자란 옛날 노르웨이와 아이슬란드에서 사용되고 있었던 글자야. 아무튼 읽을 줄 몰라도 좋으니, 이 책을 손에 들고 잘 보란 말야.""
아저씨는 나에게 그 책을 건네주었다. 그 때 책갈피 속에서 한 장의 종이 조각 같은 것이 스르르 방바닥에 떨어졌다. 집어 들어보니 그것은 몹시 낡아서 갈색으로 변해 버린 양피지였다. 그 양피지 위에는 그림인지 부호인지 알 수 없는 글씨 같은 것이 어수선하게 늘어 놓여 있었다.
“악셀, 그건 뭐냐?”
“모르겠어요. 이 책 속에서 떨어지더군요.""
""이리 줘 봐.”
양피지를 받아 든 아저씨는 한동안 물끄러미 바라보고 있더니, 이내 눈이 반짝반짝 빛나기 시작했다.
“이건 룬 문자가 틀림없지만, 무슨 뜻인지 나는 통 모르겠다. 어때, 악셀, 너는 이걸 읽을 수 있겠니?“
나는 참다못해 아저씨가 읽지 못하시는 걸 제가 어떻게 읽을 수 있단 말입니까? 하고 말해 버릴까 생각했지만, 또 야단을 맞을 것 같아서 잠자코 있었다. 아저씨는 양피지를 책상 위에 놓고 눈살을 찌푸린 채 골똘히 생각에 잠겨 있다. 그 때 문이 열리고 가정부 마르타 할멈이 얼굴을 들이밀었다. 마르타 할멈은 통통하게 살찐 자그마한 몸집으로 늘 나를 따뜻하게 대해 주고 있기 때문에, 나는 할멈을 퍽 좋아했다.
“주인님, 식사 준비가 됐습니다.“
마르타 할멈이 말했다.
“뭐요, 식사라고? 식사 따윈 개한테나 줘 버려요!”
아저씨가 우레 같은 목소리로 호통을 쳤다.
할멈은 깜짝 놀라서 달아났다. 나도 그 뒤를 따라 식당으로 들어갔다. 식탁 위엔 할멈이 정성을 들여서 만든 음식들이 늘어 놓여 있었다. 따끈한 수프와 햄을 넣은 오믈렛, 자두 소스를 친 송아지 불고기, 음료로는 프랑스산 포도주이고 식후의 디저트는 설탕에 절인 참새우였다. 나는 몇 번이나 군침을 삼키면서 아저씨가 오기를 기다렸다. 그러나 아무리 기다려도 아저씨는 오지 않았다.
“주인님은 어떻게 되신 걸까요? 여느 때엔 늘 식사시간을 기다리고 계시곤 했는데, 어디 몸이라도 불편하신 게 아닐까요?“
할멈이 걱정스러운 듯이 말했다.
“아무 데도 아프지는 않아요. 골똘히 무슨 생각에 잠겨 있는 겨여요. 하지만 나는 배가 고파 눈이 핑핑 돌 것 같아서 먼저 먹어야겠어요.“
나는 포크를 집어들었다. 음식은 어느 것이나 모두 맛이 훌륭했다. 정신없이 퍼먹고 있는데 또 아저씨의 고함치는 목소리가 들려왔다.
“뭘 하고 있는 거야, 악셀? 빨리 오란 말야!”
“곧 갑니다.”
나는 당황해서 설탕에 절인 참새우를 입에 넣은 채 허겁지겁 달려갔다.
“악셀, 이건 아무래도 암호문 같구나.”
“암호라고요? 보물을 묻어 둔 장소라도 적혀 있다는 말씀입니까?“
“글세, 그건 아직 모르지만, 어쨌든 누구든지 해독하지 못하도록 글씨가 바꿔져 있는 거야. 알겠나, 악셀. 내가 이 암호를 한 자씩 알파벳으로 읽어 갈 테니, 너는 내가 읽는 대로 다른 종이에 써 보란 말야.“
“그러지요.”
나는 아저씨가 읽는 글자를 하나하나 빠짐 없이 적어갔다. 아저씨는 내가 다 쓴 것을 손에 들고 오랫동안 살펴보고 있다가,
“소용없구나. 이렇게 해 봐도 무슨 뜻인지 전혀 알 수가 없어. 도대체 누가 이렇게 알아내기 어려운 암호를 썼을까?“




하고 못마땅한 듯이 말하고는, 그 종이를 책상 위에 던져 놓았다. 나는 문득 생각나서, “아저씨, 어쩌면 이 암호를 쓴 건 이 책의 임자일지도 몰라요. 이 책 어디엔가 그 임자의 이름이 씌어 있을지도 모릅니다.“
“그렇겠구나, 악셀. 좋은 생각을 해냈다. 그걸 찾아보도록 하자.“
아저씨는 처음부터 그 책을 주의 깊게 살펴보기 시작했다. 그러자, 표지의 아래쪽에서 책임자의 이름인 듯한 룬 문자가 발견되었다.
""아르네 사크누셈‥‥‥ 이 책임자는 아르네 사크누셈이야!“
아저씨가 자랑스러운 듯이 소리쳤다.
""아르네 사크누셈이라는 건 누구입니까?“
""16세기의 아이슬란드의 유명한 과학자지. 그 사람이 이 암호를 썼다면, 이건 절대로 엉터리나 장난으로 쓴 건 아냐. 뚜렷한 의미가 있는 거지‥‥‥ 좋아, 나는 반드시 이 암호의 수수께끼를 풀어 볼 테다.“

아름다운 소녀




아저씨는 또다시 알파벳으로 쓴 암호를 책상 위에 놓고 살펴보기 시작했다. 간혹 입 속으로 중얼중얼 혼잣말하면서. 나는 몹시 지루하고 따분해져서 사방을 둘러보았다. 이윽고 내 눈은 벽에 걸려 있는 그로이벤의 초상화로 옮겨졌다. 그로이벤은 올해 열 일곱 살이 되는 금발의 아름다운 소녀다. 나와 마찬가지로 어려서 부모를 여의고, 이 아저씨네 집에 맡겨졌었다. 외모가 아름다울 뿐 아니라 마음씨가 곱고 학문을 무척 좋아한다. 내가 연구실에서 표본을 정리할 때엔 몇 시간이고 나를 거들어 주곤 했다. 어쩌다 쉬는 날이면 나는 그로이벤을 데리고 엘베 강가에 놀러 가곤 했다. 물결이 잔잔한 곳에는 수련 꽃이 피어 있고, 눈송이같이 새하얀 백조가 헤엄치고 있었다. 우리는 손을 잡고 강가를 거닐면서, 날이 저무는 것도 잊은 채 다정하게 이야기를 나누곤 했다. 그리고, 우리 둘은 어느 새 아저씨도 모르게 결혼을 하기로 약속했다. 그런데 그로이벤은 일주일 전쯤부터 친척집에 일을 거들어 주러 간 채 여태 돌아오지 않았다. 나는 몹시 쓸쓸했다. '빨리 돌아왔으면 좋을 텐데‥‥‥‘ 내가 입 속으로 중얼거렸을 때, 아저씨가 느닷없이 탁자를 탁 치면서, ""이젠 알았다. 암호를 풀 열쇠를 찾아냈어!“ 하고 외쳤다. 나는 바짝 정신을 차렸다.
""알겠나, 악셀. 사크누셈은 암호문을 가로로 쓰기 않고 세로로 쓴 게 틀림없어. 마치 중국이나 일본글처럼 말이야. 악셀, 무엇이든 좋으니 네가 마음속으로 생각한 걸 세로로 써 보아라. 세로로 대여섯 자씩 쓰는 거야, 어서 해 봐.""
나는 시키는 대로 문득 떠오른 생각을 세로로 적어 보았다.
""어때, 이젠 됐니?“
""예, 됐습니다.”
""그럼, 그걸 옆으로 읽어 봐.”
""loulyir(아이오미 어) luudt (루우드테), ovcetu(오브세투)‥‥‥ 잘 읽지 못하겠어요, 아저씨. 무슨 뜻인지 통 모르겠습니다.”
""하하하, 그렇게 된 거야. 그게 암호거든 옆으로 읽으면 무슨 뜻인지 알 수가 없지만, 세로로 읽으면 알 수 있지. 이리 줘 봐라.”
아저씨는 나에게서 종이 조각을 받아 들자 큰 목소리로 읽었다.
""I love you very much, my dear little Grguben (아이러브 유 베리 머치, 마이 디어 리틀 그로이벤).”
'나는 너를 매우 사랑한다, 귀여운 그로이벤.’




나는 찔끔했다. 무심코 엉뚱한 말을 써 버린 것이다. 어떻게 하면 좋을까?
""이건 뭐냐, 악셀. 너는 그로이벤을 사랑하고 있다는 말이냐?”
아저씨가 어안이 벙벙해진 것같이 말했다.
""예...... 저어...... 아니......“
나는 얼굴이 홍당무같이 새빨개져서 고개를 숙였다. 얼마나 야단 맞을까 하고 각오하면서...... 그러나 다행히 아저씨는 암호 생각으로 머리가 가득 차 있어 그 이상 그로이벤에 대해서는 말하지 않았다.
""그럼 악셀, 다음엔 다른 일을 해 보자. 네가 아까 알파벳으로 쓴 암호가 있었지? 그 말 가운데 처음 한 자씩을 골라내어 한번 가로로 써 봐라.""
나는 아저씨가 시키는 대로 낱말의 맨 처음 한 자씩만을 골라내어 가로로 늘어놓아 보았다. 그러자 도저히 이해할 수 없는 묘한 것이 되어 버렸다.
""도대체 이건 뭐야......? 아까보다 더 알쏭달쏭해져 버렸구나.“
아저씨는 낙심한 듯 암호가 적힌 종이 조각을 책상 위에 도로 놓고는,
""내가 너무 오랫동안 생각하다 보니 머리가 좀 이상해진 것 같구나, 악셀. 그러니 바깥에 나가 머리를 식히고 오겠다.“
이렇게 말하고 밖으로 뛰어나가 버렸다.","""이봐, 악셀. 어디 있어? 빨리 와!“
연구실에서 마치 우레 같은 아저씨의 고함 소리가 들렸다.",3460
청춘,나도향,"1
안동(安東)이다. 태백(太白)의 영산(靈山)이 고개를 흔들고 꼬리를 쳐 굼실굼실 기어 내리다가 머리를 쳐들은 영남산(嶺南山)이 푸른 하늘 바깥에 떨어진 듯하고, 동으로는 일월산(日月山)이 이리 기고 저리 뒤쳐 무협산(巫峽山)에 공중을 바라보는 곳에 허공중천이 끊긴 듯한데, 남에는 동대(東臺)의 줄기 갈라산(葛蘿山)이 펴다 남은 병풍을 드리운 듯하다.
유유히 흐르는 물이 동에서 남으로 남에서 동으로 구부렸다 펼쳤다 영남과 무협을 반 가름하여 흐르니 낙동강(洛東江) 웃물이요, 주왕산(周王山) 검은 바위를 귀찮다는 듯이 뒤흔들며 갈라 앞을 스쳐 낙동강과 합수(合水)치니 남강(南江)이다.
옛말을 할 듯한 입 없는 영호루(暎湖樓)는 기름을 흘리는 듯한 정적 고요한 공기를 꿰뚫어 구름 바깥에 솟아 있어 낙강(洛江)이 돌고 남강이 뻗치는 곳에 푸른 비단 같은 물줄기를 허리에 감았으니, 늙은 창녀(娼女)의 기름 때 묻은 창백한 얼굴같이 옛날의 그윽한 핑크(pink) 색 정사(情史)를 눈물 흐르는 추회(追懷)의 웃음으로 듣는 듯할 뿐이다.
서쪽으로 고개를 돌리자, 태화산(太華山) 중록(中麓)에 말없이 앉아 있는 서악(西岳) 옛 절 처마 끝에는 채색 아지랑이 바람에 나풀대고 옥동(玉洞) 한절[大寺] 쓸쓸히 빈 집에는 휘― 한 바람이 한문(閑門)을 스치는데 녹슬은 종소리가 목쉬었다.
노래에 부르기를 성주(城主)의 본향(本鄕)이 어디메냐고 읍(邑)에서 서북으로 시오리를 가면은 바람에 불리고 비에 씻긴 미륵(彌勒) 하나가 연자원(燕子院) 옛 터전을 지킬 뿐이다.
낙양촌(洛陽村)의 꿈 같은 오계(午鷄)의 울음소리 강물을 건너 귓속에 사라지고, 새파란 밭두덕에 나 어린 새악시의 끓는 가슴 타는 마음을 짜내고 빨아내는 피리소리는 어느 밭 두덩에서 들리는지 마는지,
벽공(碧空)을 바라보니 노고지리 종달종달 머리를 돌이키니 행화(杏花) 도화(桃花) 다 피었다. 할미꽃 금잔디 위에 고달피 잠들고, 청메뚜기 밭 두덩에 콧소리 맞춰 춤춘다.
일요일이다. 오늘도 여전히 꽃 피고 나비 춤추는 파랗게 개인 날이다.
석죽색(石竹色) 공중이 자는 듯이 개이고 향내 옮기는 봄바람이 사람의 품속으로 숨바꼭질한다. 버들가지에는 단물이 오르고 수놈을 찾고 암놈을 찾아 날개를 쳐 푸르륵 날고 목을 늘여 길게 우는 새들은 잦아지는 봄꿈에 취하여 나뭇가지에서 몸부림한다.
반구(伴鷗) 귀래(歸來)의 두 정자를 멀리 바라보는 곳에 낙동강 푸른 물이 햇볕에 춤을 추며 귀에 들리는 듯이 고요한 저쪽 모래톱에는 사공이 조은다.
신세동(新世洞)에서 빙그르 서남으로 돌아가는 제방 위에는 머리를 모자에 가리고 웃옷을 한 팔에 걸은 방년 이십의 소년은 얼굴이 향내가 나는 듯이 불그레하게 타오르고, 두 눈은 수정 알 박은 듯이 영롱한데, 머리는 흑단(黑檀)같이 검고 눈썹은 붓으로 그린 듯하고 두 입 가장자리는 일수 조각장이가 망칠까 마음을 졸여 새긴 듯이 못 견디게 어여쁘다.
그는 영호루 편을 향하여 걸어갔다. 걸음걸음이 젊은이의 생기가 뛰고 허리를 휘청 고개를 까닥, 흐르다 넘치는 끓는 핏결이 그의 핏속에서 춤춘다.
그는 버들가지를 꺾어 입 모퉁이를 한 옆으로 찡그리며 한 손에 힘주어 그것을 틀었다. 그리고 주머니에서 칼을 꺼내어 피리를 내었다. 그러나 그는 그것이 만족치 못한 듯이 길 옆에 내던지고 또다시 댓 걸음 앞으로 가다가 다시 버들가지를 찢어 내버렸다. 그리고는 그것을 아래위 툭 잘라 꺾어 던지고 다시 비틀어 입으로 잡아 빼었다. 그러나 공교히 옹이의 마디가 쭉 훑는 바람에 애써 비튼 버들을 반가름하여 놓았다.
그 소년은 잠깐 눈을 밉상스럽게 찡그리고 한참 그것을 바라보더니 휙 집어 풀 위에 던져 버리고 얄상궂게 싱긋 웃으면서,
“빌어먹을 것 괜히 애만 썼네.”
하고 또다시 버드나무를 쳐다보았다.
이번에는 기름하고 휘청휘청하는 놈을 길게 찢었다. 그리고는 풀 위에 주저앉았다. 마음 유쾌한 잔디가 앉아 있는 몸을 시원하게 하고 마음 어루만지는 듯이 편안하게 한다.
그는 피리를 내었다. 칼을 대고 가지를 돌려 아래위 쓸데없는 것을 베어 버리고 정성을 다하고 마음을 졸여 살며시 빼낸 것이 버들피리다. 그는 그 끝을 둘째손가락 위에 대이고 칼날을 세워 혀를 내려고 살짝 겉꺼풀만 벗겼다. 그러고 또다시 저쪽 편 혀를 내려 하다가 그는 갑자기
‘에쿠.’ 
하고 칼 든 손으로 그 둘째손가락을 꼭 쥐었다. 그리고 한참 있더니 그 손가락을 입에다 넣고 호호 불었다. 내려는 피리는 그의 겨드랑이에 끼어 있었다.
손가락에서는 진홍빛 붉은 피가 솟아올랐다. 그러나 그 소년의 주머니에는 종이도 없고 수건도 없었다. 양복 입은 그에게 피나는 손가락을 동여맬 만한 옷고름이나마 없었다.
쓰리고 아픔을 견디다 못하여 상을 찌푸리고 사람의 집을 찾아간다는 곳이 영호루 높은 집 옆으로 돌아 초가라 삼간을 해정히 짓고서 오는 이 가는 이에게 한 잔 술 한 그릇 밥을 팔아 가면서 그날 그날을 지내가는 주막집이었다.
“물 주소.”
콱 닥치는 감발한 장돌뱅이,
“그런둥 그런둥, 허허허.”
큰 웃음 웃는 촌양반이 밥을 먹고서 막 일어서 들메인 미투리를 두어 번 구르고,
“야, 주인 아즈먼네이 또 만납시다이.”
“응.”
하는 군소리에 뭉치인 인사를 던지고 언제 보아도 그저 그대로 말 한마디 없는 영호루만 쳐다보고서 무슨 감구지회가 그의 마음을 쓰다듬는지 반 얼빠진 사람처럼 한참 있다가 어디론지 가 버린다.
주막집은 잠깐 조용하였다. 부엌 구석에 조을던 누런 개 한 마리가 앞발을 버티고 기지개를 켜고 긴 혀를 내밀어 콧등을 두어 번 핥더니 그대로 푸르륵 털고 나아온다.
그 소년은 그 주막집 마루 끝까지 들어서며,
“여보, 주인.”
하고 주인을 찾았다. 뒤꼍에서 손을 씻었는지 치맛자락에 물 묻은 것을 훔치며 나오는 사오십 가까운 중년의 노파가 양복장이가 이상한 듯이 슬며시 내다보며,
“왜 그러십니까?”
하며 그 소년을 바라보았다.
그 소년은 온순한 어조로,
“그런 게 아니라요, 내가 손을 다쳤는데 처맬 것을 좀 얻으려 하는데요.”
하며 그 손가락을 내다보였다. 손가락 끝에는 누른 빛 도는 혈장(血漿)이 엉키어 붙었다. 그 노파는 끔찍하게 여기는 듯이 얼핏 달려들며,
“에그, 그거 안되었습니다그려.”
하고 한참이나 들여다보더니,
“가만히 계시소.”
하고서 마루 위로 올라가려 하였다.
그때 어떠한 처녀가 물동이를 머리에 이고 그 마당 한 가운데로 들어섰다. 발은 벗었으나 살빛은 검노른데 바짓가랑이 밑으로 보일 둥 말 둥 하는 종아리는 계란빛 같이 매끈하고, 행주치마를 반허리에 감았으니 내다보느냐 숨어드느냐 몽실 매끈한 겉가슴이 사람의 마음을 무질러 녹이는 듯하다. 고개는 잘 마른 인삼 같으며 가늘지도 않고 굵지도 않고 매끈 동실한데 귀 밑의 섬사한 솜머리털이 보는 이의 눈을 실눈 감듯이 가무 삼삼하게 한다. 두 뺨에는 연홍빛 혈조가 밀려 올랐고 쌍꺼풀 졌는지 말았는지 반쯤 부끄러움을 머금은 두 눈에는 길다 하면 길고 알맞다 하면 알맞을 검은 속눈썹이 쏟아져 나오는 신비스러운 안채를 체질하듯이 깜박한다. 코는 가증하게도 오똑 갸름하고 청춘의 끓는 피 찍어 묻혔느냐 그의 입술은 조금만 힘주어 다물지라도 얼크러져 터질 듯이 얇게도 붉다. 흑단 같은 검은 머리에 다홍 댕기 들이지나 말지 이리 휘휘 저리 설기 들다 남은 머리가 반쯤 곁 귀 위에 떨어졌는데, 머리에 인 물동이에서 진주나 보석을 흘리는 듯이 대굴 따르륵 구르는 물방울은 소매 걷은 분홍 저고리에 남이 알면 남편 생각 간절하여 혼자 울은 눈물 흔적이라 반웃음 섞어 놀려 먹을 만치 어룽지게 할 뿐이다.
그 처녀는 허리를 구부리고 물동이를 내려 정지간 물독 속에 물을 부었다. 그리고 머리에 얹었던 똬리를 다시 오른손 네 손가락에 휘휘 감았다.
이것을 본 그 소년의 손가락 상처는 깨끗하게 나은 듯이 쓰림도 모르고 아픔도 몰랐다. 다만 몽환의 낙원에서 소요하듯이 아무 때도 없고 흠도 없는 정결(情結)의 나라에 들었을 뿐이었다. 환락에 차고 찬 그의 두 눈에서는 다만 칠야(漆夜)의 명성(明星)을 끼어안으려는 유원(幽遠)한 애회(愛懷)와 이 꽃잎의 이슬을 집으려는 청정한 애욕의 꽃잎에 명주실 같은 가는 줄이 그 처녀의 머리서부터 발끝까지 고치 엮듯 하였다. 그러고 그의 심장은 나 어린 그 처녀를 지근거려 보는 듯이 부끄러움과 타오르는 뜨거운 정염(情炎)이 얼기설기한 두려움으로 소리가 들리도록 뛰었다.
노파는 방에서 나왔다. 마루를 내려와 그 처녀를 보더니,
“양순(良淳)아, 반짇그릇은 어쨌는?”
하고서 화가 나서 몰아세우는 듯이 묻는다.
“왜 방안에 없어요, 왜 그러세요?”
하면서 방안으로 들어가는 양순의 은실 같은 목소리가 구슬이 튀는 듯한 발걸음과 함께 그 소년의 신경의 끝과 끝을 차디찬 얼음으로 비비는 듯도 하고 따가운 젓가락으로 집어내는 듯도 하였다.
방에 들어간 양순은,
“이것 아니고 무어세요?”
하며 승리자의 만족한 웃음을 웃는 듯이 자기 어머니를 바라보았다. 그러다가는 비로소 처음으로 마당에 그 소년이 서 있는 것을 보았다. 그는 누가 치맛자락을 잡아당기는 듯이 멈칫 하고 섰다. 그러다가는 앵두빛 같은 웃음을 웃으며 누가 간지르는 듯이 정지로 뛰어들어갈 때에는 그 처녀 육체의 바깥에 나타나지 않는 모든 부분 샅샅이 익지 못한 청춘의 푸른 부끄러움이 숨어들었다.
노파는 헝겊을 가지러 마루에 던져 놓은 반짇고리로 가까이 갔다. 그러나 거기에는 쓸 만한 오라기가 하나도 없었다.
“이것 어떻게 하는?”
하고 주저주저할 때,
“무엇을 어떻게 해요? 왜 그러세요?”
하고 부끄러움을 삼켰는지 점잖고 얌전하게 얼굴빛을 가라앉힌 양순이는 다시 나왔다. 뒤적뒤적 가위 소리를 덜컥거리며 반짇고리를 뒤지는 노파는,
“저기 서신 저 양반이 손을 다치셨는데 싸매 드릴 것이 없구나.”
하니까 양순은 다시 고개를 돌이켜 그 소년을 쳐다보더니 다시,
“응, 잠깐만 기다리세요?”
하고 다시 방안으로 들어가 똘똘 뭉친 조각보 보퉁이를 들고 나오더니 이리 끄르고 저리 헤쳐 한 가락 자주 헝겊을 꺼내어 오니, 그것은 작년 섣달 설빔으로 새 댕기를 접을 때에 끊고 남은 조각이다.
“여기 있어요.”
하고서 자기의 헝겊을 그 젊은 소년이 그의 손에 감는 것이 그다지 기뻤던지 서슴기는 그만두고 간원하듯 내주었다.
소년은 그것을 받았다. 그 헝겊이 그리 곱지는 못하였으나 자기의 손을 감을 때 봄바람 같이 부드러우며 노곤한 햇볕같이 따뜻하였다. 피가 몰려 흥분된 손가락은 마음 시원하도록 차지근하였다.
이리 감고 저리 동이기는 하였으나 한 손으로 맬 수는 없었다. 그래서 그 끝은 입에 물고 한끝은 오른손에 쥐고서 거북하게 매려 할 때 양순은 이것을 바라보더니 가엾이 여기는 듯이,
“제가 매 드릴까요?”
하고 두 손을 들어 그 소년의 윤기 있는 손가락을 매어 주었다. 그리고 그 소년이 고맙다고 인사를 하려 할 때 녹는 듯한 반웃음을 살짝 웃고서 아무 소리 없이 싹 돌아섰다.


2
그 소년은 의성군(義城郡) 출생으로 대구상업학교(大邱商業學校)를 작년에 마친 유일복(柳一馥)이라는 사람이다. 학교를 마치자 대구은행 안동지점 계산과에 근무하게 되어 오늘까지 계속해 온 것이다.
그는 그 주막집에서 집으로 향하여 돌아오려다가 또다시 영호루에 올라갔다. 고개를 돌리면 이름만 가진 영가(永嘉) 구읍의 쇠잔한 자취가 한가히 족재(簇在)하고 내다보면 자기의 그리운 고향으로 통한 주름살 같은 넓은 길이 낙동강의 허리를 잘라 남으로 통하였다.
그윽한 감구의 회포가 그의 마음을 수연하게 물들이는 동시에 아까 본 그 처녀의 달콤한 웃음이 애연한 인상을 박아 준 듯하다. 아무것도 없는 자기 주위가 무엇이 있어 못 살게 구는 듯하고 가득 찼던 자기 마음이 이지러진 반달같이 한 귀퉁이가 비었다가 또다시 동그란 보름달처럼 가득 찼다 하는 것 같았다. 그의 마음 한 귀퉁이가 비는 듯할 때에는 뜻 모르는 눈물이 흐르려 하고 그의 가슴이 찰 때에는 넘쳐흐르는 기쁨이 그를 몹시도 즐거웁게 하였다.
그가 머리를 쳐들어 하늘을 바라볼 때에는 끝없이 퍼진 하늘이 자기의 모든 장래를 말하는 것 같이 길어 보였으며, 그가 고개를 숙여 땅을 내려다볼 때에는 발밑에 살살 기어다니는 개미보다 저 자신이 별로 커 보이지는 않았다.
그는 오늘에 비로소 그 전에 맛보지 못하던 비애를 맛보았으며 예전에 당해보지 못하던 기쁨을 당하였다.
그는 웬일인지 자기의 몸뚱이를 돌고 또 도는 뜨거운 피가 약동하는 그대로 자기의 육체의 모든 관능을 모래사장에 비비고 싶도록 발휘하여 보고도 싶고, 촉루(髑髏)의 곰팡내 흐르는 암굴에서 이 세상 모든 것을 눈 딱 감아 버리고 요염한 정(精)의 육향(肉香)에 취하여 그대로 사라지고도 싶었다.
“나는 이제 집으로 돌아가야지.”
혼자 군소리를 하기는 십여 차나 하였으나 발에다 송진을 이겨 붙이지도 않았을 것이요 몸에다 동아줄을 얽어 놓지도 않았으나 초가 삼 간 작은 집, 보이지 않는 그 방안에 혼자 앉아 바늘을 옮기는 그 처녀의 흔적 없이 잡아 낚는 이성(異性)의 매력이 그를 잡아 놓았다.
그는 하는 수 없이 또다시 영호루에서 내려왔다. 그리고도 다시 한 번 그 집 뒤를 일부러 돌았다. 행여나 그 처녀가 다시 한 번 눈에 띠었으면! 다시 한 번 나를 바라나 보았으면!
그러나 그 처녀의 숨소리나마 들리지 않았다. 다만 괴괴 정적한 마을 집에 저녁연기가 자욱할 뿐이었다.
그는 가기 싫은 다리를 힘없이 끌어 서문(西門) 밖 법상동(法尙洞) 자기 여관을 찾아들어온다.
한 걸음 떼어 놓으니 한 걸음이 멀어지고 두 걸음 떼어 놓으니 두 발자국 떠나온다. 뒤를 돌아다보나 살금살금 기어오는 저녁 그늘이 벌써 그 집을 싸돌아 보이지 않으며 실모래 깔린 길이 그리로 연했으나 자기 맘 전해 줄 것은 하나도 없다.
그가 자기 은행 옆에 왔을 때였다. 누구인지,
“어데 가쇼?”
하는 이가 있었다. 일복은 다만 망연히 그를 바라보다가,
“네, 집에 갑니다.”
하였다.
“어데 갔다 오십니까?”
“영호루에 바람 좀 쏘이러 갔다 옵니다.”
“혼자요?”
“네, 혼자요.”
“그런데 우리 집에 한번 놀러 오시지요.”
“참 간다 간다 하고 못 가 뵈어서 죄송합니다.”
“별 말씀을 다 하십니다. 한번 놀러 오십쇼.”
“네, 이따 저녁 후에 가겠습니다.”
“그러세요. 그러면 기다리지요.”
그는 삼십이 가까운 그 고을 보통학교 교원인 이동진(李東眞)이었다.
일복은 자기 사관(舍館)에 돌아와 남폿불을 켜 놓고 저녁 예배를 보러 가리라 하고 성경과 찬송가를 찾아 놓고 저녁상 들어오기를 기다렸다.
남폿불이 때 없이 팔락팔락할 때에 그 속에서 꼼지락거리는 것도 그 처녀이었으며 뒤쪽 귀퉁이 어두컴컴한 곳에서 춤추는 듯하는 것도 그 처녀의 환영이었다. 그가 그 옆의 책을 집어 글을 볼 때 그 글자와 글자를 쫓아 내려가는 것도 그 처녀의 어여쁜 자태이었으며, 그가 편지를 쓰려고 붓을 들어 한 줄 두 줄 써 내려가는 것도 그 처녀의 그림자뿐이었다.
그가 저녁을 먹을 때였다. 편지 한 장을 주인 노파가 갖다 준다. 그것은 자기의 친구에게서 온 것이었다.


사랑하는 유군!
오래도록 군의 음신(音信)을 얻어듣지 못하여 나의 외로운 생애가 더욱 적막하다. 나는 웬일인지 아직 나 어린 군에게 이 편지가 쓰고 싶어 못 견딜 만치 쓰고 싶었다. 그래서 종작이 없고 두찬(杜撰)의 흠이 있을는지 모르지만 쓰고 싶어 쓰는 것이니까 거기에 진실이 있을 줄은 믿는 바이다.
군은 이 세속에 무엇이라 부르짖는 수많은 대명사의 껍질을 씀보다도 먼저 사람이 되기를 나는 바란다. 예술가가 됨보다도 학자가 됨보다도 무엇보다도 먼저 사람이 되어야 할 것이다.
우리 인생이 최고 이상을 향하여 부단의 노력을 하고 있다 하면 그 최고 이상이라 하는 것은 참사람일 것이다.
그러면 그 참사람이 되려면! 되지는 못하더라도 되려고 노력이라도 하려면 거기에는 그 무슨 힘이 있어야 할 것이다. 그 힘을 창조하는 그 무슨 신앙이 있어야 할 것이다.
유군이여! 나는 달구다 내버린 무쇳덩이다. 나는 참쇠가 못 된다. 참으로 쇠의 사명을 완전히 하는 참쇠다운 쇠가 되려면 그것을 불에 달구어 메로 때려야 할 것이다. 장도리 쇠메가 제아무리 많을지라도 그 쇠를 완전히 연단(鍊鍛)할 수 없는 것과 같이 우리 사람을 아무리 이성적으로 교육하고 훈어(訓御)하고 지도(指導)할지라도 가슴속에서 활활 붙는 사랑의 불길로 녹을 만치 달궈 내지 않으면 참사람이 못 될 것이다.
사랑의 불길! 아아 유군! 나의 가장 친애하는 유군! 나의 동생 같은 유군! 나를 신임하여 주는 유군!
쇠가 불 속에 들어간다 함은 무엇을 이름인가? 철광(鐵鑛)에서 캐어 낸 차디찬 광철(鑛鐵)이 도가니에 들어간다 함은 무엇을 이름인가? 거기에 참으로 쇠 된 본분을 완전히 하려는 근본정신의 발휘할 기회를 얻는 것이 아닌가? 그러나 그 광철은 쪼들림을 당할 터이다. 귀찮음을 맛볼 것이다.
인간 사회에 무근(無根)한 연쇄를 이룬 우리 인생도 정(情)의 불길에 들어가 이성(理性)의 마치로 두들여 맞어 참으로 사람이 되려는 그 고통은 어떠하며, 그 가슴 아픔은 어떠할까? 자기의 영육을 정의 불길에 눅히고 달굴 때 또는 이성의 마치로 두드릴 때 사붓사붓 박히는 마치의 흔적이 그의 가슴을 쓰리게 할 때, 아아 눈물 지으며 한숨 쉴 터이다. 어떠한 때에는 해 돋는 월계빛 하늘 같은 장래를 바라보고 너무 기쁜 눈물의 웃음을 웃을 것이며 그 어떠한 때에는 해 지는 석조(夕照)에 빠져 가는 저녁 해 같은 낙망의 심연에서도 헤맬 터이다.
유군이여! 만일 그대가 처음으로 이성을 동경하게 되거든 그가 웃을 때 군도 모르게 웃을 것이며 그가 눈물질 때 군도 군 모르게 울 것이다. 그때의 그대는 지순(至純)할 것이며 지정(至淨)할 것이다. 조화가 무르녹는 진주 같은 문자를 주루룩 꿰어 놓은 일 편의 시(詩)였을 것이다. 아니라, 아무 시인도 그것을 시로 표현하기 곤란할 만치 청정무구(淸淨無垢) 지순지성(至純至聖)이었을 것이다.
만일 그대가 그 찰나를 얻었거든, 그 순간을 얻었거든 그것을 연장하여라. 그것을 무한히 연장하기에 노력하라!
나는 옛날에 그것을 얻었었으나 그것을 연장하지 못한 까닭에 무쇳덩이가 되어 버렸다. 군에게는 희망이 있다. 그대가 만일 그 찰나를 연장시키려 노력하다가 반(半) 발의 반(半) 발을 연장시켰을 때 그것이 끊기려 하거든 그것을 놓지 말고 붙잡고 사라져라. 감정과 이성의 조화 일치가 참사람 되는 데 유일한 궤도라 하면 감정의 모든 것인 사랑의 연장이 끊어지려 할 때 그 이성 혼자만 남는다 하면 그것은 궤도를 벗어난 유량(流量)일 것이니 그대는 참사람이 못 될 것이라, 최고 이상에 이르지 못하는 자여, 인생의 사명을 이루지 못할 사람일 것이다. 그러므로 그대는 반 발의 반 발만큼 참사람 되는 것이 마땅하다. 그래서 그대는 참사람으로 사라지는 것이 도리어 인생의 근본적 정신에 부끄러움이 없을 것이다.
사랑하는 유군! 나는 나중으로 군이 사랑에 눈뜨거든 먼저 사랑을 얻으라! 하는 것이다. 사랑을 위하여 너의 이성을 수고롭게 하라! 그리하여 그 사랑을 얻은 그 후에 군에게 생(生)의 광명을 얻을 수 있는 것이며 절대의 세력을 부여하는 신앙이 생길 것이다.
   김우일(金友一)
유일복(柳一馥)의 것


편지를 다 본 그의 마음은 바늘 끝으로 찌르는 듯하기도 하고 또는 치륜(齒輪)과 치수(齒輸)가 절조 있게 맞아나가는 것과 같이 그의 편지에 써 있는 글의 의미와 정신이 자기 가슴속에서 혼자 휴지(休止)하였던 무슨 치륜과 서로 나가 맞아 돌아가기를 시작하는 듯하였다.
그리고 어떠한 사물을 만나든지 반드시 자기 가슴에서 새로이 약동하는 그 처녀의 춤추는 듯하는 모양을 끌어내어 그것과 조화를 시키려고만 하는 그에게 자기의 가장 경모하는 김우일의 편지를 볼 때 끓는 물로 밀가루를 반죽하는 것과 같이 차지고 끈기 있게 그 처녀와 또는 자기와 그 편지의 정신을 혼일(混一)할 수가 있었다.
그는 그 편지를 보고 가장 큰 힘을 얻었다. 그리고 그 전보다 더 그 편지를 요 경우 그 시기에 보내 준 그 김우일을 신뢰할 생각이 생겼으며 절대의 애착하는 마음이 그를 잡아당기었다.
그리고는 다시 그 편지를 펼쳐 들고,
‘만일 그대가 처음으로 이성을 동경하게 되거든 그가 웃을 때 군도 군 모르게 웃을 것이며 그가 눈물질 때 군도 군 모르게 울 것이다…….’
하고 다시 한 번 읽어 보았다.
그리고는,
‘그대가 만일 그 찰나를 얻었거든, 그 순간을 얻었거든 그것을 연장하여라. 그것을 무한히 연장하기에 노력하여라.’
하고 다시 읽었다.
“그렇다. 나는 웃었다. 그 처녀가 웃을 때 나도 모르게 나는 웃었지! 그렇다. 나는 얻었다. 그 찰나를 얻었다. 나는 그것을 연장할 터이다. 연장하려고 노력할 것이다.”
그렇게 부르짖고는 주먹으로 상을 한 번 치고 벌떡 일어서 무엇을 얻은 듯이 한 번 웃었다.
“그렇다. 나는 그 찰나를 연장할 터이다.”
구두를 신으면서도 중얼거리었다. 대문으로 나서 큰길로 걸어가면서,
‘나는 웃었다. 그가 웃을 때 나도 나 모르게 웃었다……. 나는 얻었다. 그 찰나를 얻었다. 그것을 무한히 연장할 터이다. 노력할 터이다.’","안동(安東)이다. 태백(太白)의 영산(靈山)이 고개를 흔들고 꼬리를 쳐 굼실굼실 기어 내리다가 머리를 쳐들은 영남산(嶺南山)이 푸른 하늘 바깥에 떨어진 듯하고, 동으로는 일월산(日月山)이 이리 기고 저리 뒤쳐 무협산(巫峽山)에 공중을 바라보는 곳에 허공중천이 끊긴 듯한데, 남에는 동대(東臺)의 줄기 갈라산(葛蘿山)이 펴다 남은 병풍을 드리운 듯하다.",7636
초인부대,로버트 하인라인,"수상한 사나이




달세계의 로켓이 지구에 도착했다.
“나의 이름은 애브너. 무역상입니다.”
라고 말하고 세관을 통과한 남자는 바로 지하철 전차에 올랐다.
남자는 곧장 세면실로 들어가서 문을 잠갔다. 전기 면도기를 꺼내서 수염을 밀고, 턱수염도 떼어버렸다. 눈썹도 짧게 하고, 머리에 바른 기름도 씻어낸 다음, 달세계의 옷을 벗고 보통 양복으로 갈아입었다.
<이로써 나는 길리아드 대위이다……. 아주 분주하구나.>
하며 남자는 거울에 비친 자기 얼굴을 보고 빙그레 웃었다.
길리아드 대위도 애브너도 이 남자의 진짜 이름은 아니다.
남자는 달세계의 옷을 갈가리 찢어서 변기에 흘려보내고, 애브너의 이름으로 된 신분 증명서도 찢어버렸다. 그리고 가방의 덮개도 벗겨버렸는데, 가방은 이때까지는 갈색이었으나 이번에는 거슬거슬한 은색이 되었다.
지하철 전차가 멈추었을 때, 처음부터 가지고 있었던 것은 가방 속의 마이크로필름 2다스뿐이었다. 이 남자가 목숨을 걸고서라도 지키지 않으면 안 되는 중요한 필름이다.
타고 있던 손님들이 모두 내린 다음, 그는 옆에 있는 차로 옮겨 타더니 곧 나와서 플랫폼으로 나갔다. 그리하여 지상으로 올라가는 엘리베이터에 몸을 실었다.
“선생님, 신세계 호텔입니까요…….”




하며 키가 조그만 남자가 그의 가방을 받아들려고 했다. 호텔의 손님을 끄는 인객꾼이었다.
“훌륭한 호텔입죠. 이 근처에서 가장 좋다고 자신 있게 말할 수 있습죠. 달세계에서 고생하셨다면, 좀 싸게 해드릴 수도 있습니다요.”
길리아드 대위라는 이름을 사용할 때에는 언제나 사보이 호텔에 투숙하기로 되어 있다. 그러나 이 새로운 호텔에 투숙하는 편이 보다 남의 눈에 띄지 않을지도 모른다.
가방을 놓는 것은 아무래도 꺼림칙했으나, 인객꾼에게 맡기지 않으면 아마 이상한 사람이라고 생각하리라.
귀중한 가방이라는 인상을 주게 되면 더욱 좋지 않다. 그러나 이러한 인객꾼이 가방을 가지고 도망치게 할 어리석은 남자는 아니었다.
그는 가방을 인객꾼에게 넘겨주며 유쾌하게 말했다.
“그럼, 가기로 할까.”
“감사합니다요, 선생님.”
하고 인객꾼은 가방을 받아들고, 길리아드 대위에 앞서서 엘리베이터로 들어갔다.
인객꾼은 구석에 가서 가방을 내려놓았다. 길리아드 대위는 한쪽 발을 가방에 바싹 붙였다.
엘리베이터는 곧 만원이 되고, 그는 주위의 사람들로부터 밀렸다. 그런데 뒤에서 유난히 이상하게 미는 사람이 있다.
그는 주머니에 닿은 손을 얼른 붙잡았다. 그놈은 손을 빼려고도, 또 당황해하지도 않았다.




엘리베이터가 멈추자 길리아드 대위는 사람들이 모두 나갈 때까지 왼손으로 가방을 들고, 오른손으로는 놈의 손을 잡고 있다가 밖으로 끌어냈다.
말할 것도 없이 그놈은 바로 그 인객꾼이었으며, 남자의 지갑을 쥐고 있었다.
“선생님, 자칫하면 이 지갑을 잃을 뻔했습니다요. 주머니에서 빠지려고 했거든요.”
놈은 참 심장도 강하다. 부끄러워하거나 비는 것은 고사하고 그렇게 말하는 것이었다.
길리아드 대위는 지갑을 안주머니에 넣고, 재미있다는 듯이 중얼거렸다.
“지퍼가 열려 있지도 않았는데 지갑이 빠지려고 했을까……? 이봐, 경찰관은 어디 있지?”
인객꾼은 멈칫하는 듯했으나, 뻔뻔스럽게 말했다.
“그래봤자 별 수 없을걸요.”
남자는 잠깐 생각에 잠겼다. 듣고 보니 그렇기도 하다. 본 사람은 자기밖에 없으며, 놈의 손을 잡고 있는 것만으로는 경찰관도 곤란하리라. 더욱이 자기의 신분도 알려지고 싶지 않다.
그는 놈의 손목을 놓아주었다.
“그럼 가봐. 특별히 용서해 주겠다.”
그러나 이 뻔뻔한 인객꾼은 움직이려고 하지 않았다.
“팁을 줄 수 없을까요?”
길리아드 대위는 주머니에서 10센트를 꺼내서는 휙 던졌다.
“썩 꺼져버렷! 그 손목이 부러지기 전에 말야.”
하고 길리아드 대위는 역전 광장에서 신세계 호텔 쪽을 향해 걸어갔다.
그는 이미 눈치를 채고 있었다. 그 인객꾼이 아무래도 수상한 자라는 것을……. 사람들 틈에 끼여서 뒤쫓아 올 것이 분명하다. 놈은 소매치기일까, 아니면?
그는 길가에 있는 가게로 들어가 문 옆에서 신문을 사려고 멈추었다. 5센트를 넣으면 최신판의 신문이 자동적으로 인쇄되어 나오는 것이다.




신문이 나오는 것을 기다리고 있는 동안에, 그는 옆에 있는 우편용 튜브를 세 개 집어들고 돈을 지불했다. 편지나 작은 물건은 우편 튜브에 넣어 우체국의 우체통에 집어넣으면 압축 공기의 힘으로 보내질 주소로 핑 날아가는 것이다.
벽의 거울을 슬쩍 보았더니, 그 인객꾼은 역시 미행을 하고 있었다. 지금은 가게 밖에서 기다리고 있었다.
길리아드 대위는 음식점으로 들어가서 맥주를 주문하고, 비어 있는 자리로 가서 앉으며 커튼을 내렸다. 그러곤 재빨리 가방을 열고, 조그마한 마이크로필름 아홉 개를 끄집어내어 한 개의 우편 튜브에 넣었다. 그리고 보낼 주소를 쓰는 곳에 ‘시카고 사서함 1060, 레이먼드 칼라한’이라고 썼다.




또 전자 기호도 썼다. 튜브는 전자 장치에 의해 보낼 곳에 따라 나누어진다. 그 장치가 행선지를 정하는 데 필요한 기호도 썼다. 이로써 틀림없이 칼라한에 닿게 되는 것이다.
서둘러서 행선지를 쓰고, 튜브를 치우기 전에 여 종업원이 들어왔다. 여자는 맥주를 놓으면서 힐끗 튜브를 보았다.
“그걸 부쳐드릴까요?”
길리아드 대위는 얼른 생각했다. 어딘지 가볍게 보이는 여자지만, 그 인객꾼의 무리는 아닐 것이다. 이 가게에 들어올 줄 미리 알고 있었을 리는 없으니까…….
그렇다면 튜브를 부치고 오겠다는 것은 단지 팁을 받기 위해서리라. 이 여자에게 부탁하면 거리로 나가자마자 부쳐줄지도 모른다.
“고마워요. 그러나 우체국 앞을 지날 거니까……. 자, 맥주 값 받아요.”
라고 말하며, 그는 지갑에서 1달러 짜리를 꺼냈다.
“거스름돈은 가져도 좋아요.”
“어머, 감사합니다.”
하고 여자는 기쁜 듯 생긋 웃고는 나갔다.
그런데, 길리아드 대위는 한대 얻어맞은 기분이 되어 가지고 자기 지갑을 보고 있었다. 자기 것이 아니었던 것이다!
<이거 야단났구나. 좀더 빨리 알았더라면 좋았을 것을……. 그 인객꾼 놈이 바꿔치기 한 거다. 놈을 산채로 껍질을 벗기는 한이 있더라도, 누구의 조종을 받고 그런 짓을 했는지 조사했어야 했다.>
크기나 모양도 똑같다. 무게도 같고 가죽까지도 같다. 그러나 어쩐지 자기 것과는 다른 느낌이다.
안을 열어보니, 돈도 거의 같게 들어 있다. 그거 가입해 있는 탐험가 그룹의 회원증도 들어 있고, 개의 사진도 들어 있다. 그런데 그것은 모두 잘 만들어진 가짜였던 것이다.
보다 더 확실히 구별할 수 있는 방법이 있다……. 그는 칸막이를 한 방의 전등을 껐다. 그러고 나서 주머니칼을 꺼내 지갑의 솔기를 조심조심 째보았다.
비밀 주머니는 붙어 있지 않았다. 또 카드도 들어 있지 않았다. 진짜 지갑에는 카드가 들어 있는 것이었다. 만일 그 지갑을 훔친 사람이 밝은 곳에서 카드를 끄집어내면 폭발하게 되어 있는 것이다.
놈들이 자기가 가지고 있는 마이크로필름을 노리고 있는 것은 확실하다. 지갑을 훔쳐 그 속에 없다는 것을 알면, 다시 뒤쫓을 것은 뻔한 일이다.
그러나 아무래도 이 가게까지는 오지 못하리라.
길리아드 대위는 가게를 나오자, 광장을 가로질러 우체국으로 향했다.
그러자 두 사나이가 그에게 가까이 접근해 왔다.
<이자들이구나. 무슨 짓을 할 모양이다. 나의 주의를 딴 데로 돌리려고…….>
생각한 대로였지만, 너무나도 엉뚱한 일이 일어났다.
꽈앙!




굉장한 폭발 소리가 남과 동시에, 번쩍 하는 눈부신 빛이 일어났다.
“아이쿠!”
“사람 살려!”
함성과 울부짖는 소리가 광장 한복판에서 뒤섞여 일어났다.
무서운 놈들이다. 길리아드 대위의 주의를 딴 데로 돌리기 위하여, 많은 사람들 속에 폭탄을 던진 모양이다.
두 사나이가 길리아드 대위를 향해 달려왔다. 그러나 대위는 소동에 정신을 팔고 있는 척하면서, 앞에 오는 사나이의 무릎을 힘껏 걷어찼다. 때를 같이하여 다음 사나이를 가방으로 내리쳤다. 그리고 주춤하는 그자의 배를 힘껏 걷어찼다.
무릎을 채인 사나이는 땅에 쓰러져, 얼굴을 일그러뜨린 채 가슴에 손을 넣으려고 했다. 권총이나 칼을 빼려고 하는 것이다. 대위는 재빨리 놈의 머리를 걷어차고, 유유히 그자를 타고 넘어 우체국으로 걸어갔다.
<천천히 걸어야 한다. 천천히 걷는 거다. 서두르면 당장에 눈치챈다!>
그는 자신에게 타이르면서, 될 수 있는 대로 천천히 걸었다. 뛰어가면 두 놈에게 발각되고 만다.
우체국은 가까워졌다. 아직 뒤쫓아오는 발소리는 들리지 않는다. 그는 간신히 우체국에 도착하여 안으로 들어갔다.
우편 튜브에 보낼 주소를 타자하는 기계 옆에 너더댓 명의 사람들이 서 있었다. 길리아드가 뒤에 서자, 그 뒤에 곧 한 사나이가 다가왔다.
길리아드 대위는 세 개의 튜브를 꺼내 천천히 보낼 주소를 타자하기 시작했다.
‘뉴욕, 탐험가 그룹, 길리아드 대위’
그 보낼 주소 다음에 전자 기호를 찍었다. 될수록 뒤에 있는 사나이에게 잘 보이도록…….
그러고 나서 그는 튜브를 보내는 곳으로 갔다. 뒤에 있던 사나이는 당황해하면서 길리아드 대위의 뒤를 쫓아왔다.
그는 담배를 꺼내는 척하며 그중 한 개를 주머니에 들어 있는 진짜 우편 튜브와 바꿔치기 했다.
씨익!
압축 공기의 소리가 울리면서 우선 한 개의 튜브가 날아갔다.
피융, 피융!
둘째, 세 번째 것이 날아가자 길리아드 대위는 힘있게 돌아서며, 바로 뒤에 있는 사나이의 발을 힘껏 짓밟았다.




“아야얏.”
“이크, 정말 죄송합니다.”
그는 즐거운 듯 이렇게 말하고, 그자로부터 떨어져 우체국에서 나왔다.","달세계의 로켓이 지구에 도착했다.
“나의 이름은 애브너. 무역상입니다.”
라고 말하고 세관을 통과한 남자는 바로 지하철 전차에 올랐다.",3500
타임 머신 (The Time Machine),허버트 조지 웰스,"믿겨지지 않는 일




시간 여행가(우리들은 그를 이렇게 부르기로 했다)는 우리들에게 엄청나게 어려운 문제를 설명해 주고 있었다. 그의 회색 눈동자는 반짝거리고, 언제나 창백하기만 하던 그 얼굴에 생기가 넘쳐흐르고 있었다. 난롯불은 벌겋게 달아 있었고 은으로 만든 백합꽃 모양의 촛대에서는 밝은 불빛이 유리 술잔의 거품을 환히 비쳐 주고 있었다. 우리가 앉은 의자는 그가 고안해서 만든 것으로, 그냥 앉기만 하는 게 아니라 앉은 사람을 포근하게 감싸주는 느낌이 드는 것이었다. 방안은 식사를 마친 뒤의 태평스러운 분위기로 가득 차 있었다. 모두들 거북한 마음에서 벗어나 자유롭고 안온한 상태에 놓여 있었다. 시간 여행가는 가느다란 손가락으로 긴요한 점을 가리키면서 얘기를 꺼냈다. 우리들은 의자에 편히 앉은 채, 이 새로운 역설(우리에게는 그렇게 생각되었다)을 힘들여 말하고 있는 그 진지한 태도와 풍부한 지식에 감탄하고 있었다.
""잘 들어주게. 이제부터 나는 거의 모든 사람들로부터 인정받고 있는 두세 가지 관념을 부정해 보일 테니 말일세. 예를 들면 기하학(도형의 성질 및 공간의 성질을 연구하는 수학의 한 분야)이라는 것, 즉 자네들이 학교에서 배운 기하라는 건 틀린 생각 위에 이루어진 것이란 말일세.“
""이건 굉장히 큰 문제부터 시작하는군.
하고 따지기 잘 하는 붉은 머리털의 필비가 말했다.
""어떤 일이든 나는 확실한 비유를 들지 않고 자네들에게 인정을 바라지는 않네. 내가 자네들에게 인정해 주기를 바라는 일은 자네들도 이제 곧 이해하게 될 테니까. 자네들도 잘 알고 있겠지만 수학상의 선, 즉 다시 말하면 굵기가 없는 선이라는 것은 실제로는 존재하지 않는 걸세. 자네들도 그렇게 배웠겠지? 이와 함께 수학적 평면이란 것도 실제로는 존재하지 않아. 그런 것은 단지 추상으로 파악하는 것에 지나지 않는단 말이야.""
""그렇지.“
심리학자가가 대꾸했다.
""그리고 가로, 세로, 높이 밖에 없는 육면체란 것도 실제로는 존재하지 않아.""
""그 말에는 반대하겠네.""
하고 필비가 입을 열었다.
""육면체는 존재할 수 있어. 그리고 실제로 있는 모든 물체는........""
""대개들 그렇게 생각하고 있지. 그러나 잠깐 기다리게. 순간적인 육면체란 것이 존재할 수 있겠나?""
""무슨 뜻인지 모르겠는걸.""
하고 필비는 말했다.
""얼마의 시간 동안 존속하지 않는 육면체란 것이 실재로 존재하는가 말이네.""
필비는 가만히 생각하고 있었다
""지극히 당연한 일이지만........""
시간 여행가가 말을 이었다.
""실존(현실전인 존재․실재)하는 물체는 모두 네 방향으로 넓이를 가지고 있네. 가로, 세로, 높이, 그리고 지속 시간이지. 그런데도 우리들의 육체의 본질적인 관점에서, 거기 관해선 이제 설명을 하겠지만, 우리들은 이 사실을 항상 잊고 있는 걸세. 사실은 네 개의 차원이 있는데 그 중 셋은 흔히 우리들이 공간의 세 평면이라고 말하는 것이고, 또 다른 하나는 시간이네. 그렇지만 앞에서 말한 세 차원과 시간의 차원 사이에 우리들은 자칫하면 있지도 않은 구별을 하려고 하지. 우리들의 의식은 나서 죽을 때까지 시간에 따라 한 방향으로 숨가쁘게 달려가고 있기 때문이야.“
그건......?“
젊은 친구가 램프 불에다 꺼진 담배에 불을 붙이려고 애를 쓰면서 말했다.
""그건......잘 알겠습니다.“
""아무튼 이런 사실을 세상 사람들이 알지 못하고 넘기는 것은 참으로 이상한 일이네.“
시간 여행가는 어느 정도 기분이 좋아졌는지 이야기에 열을 올리고 있었다.
""사실은 이것이 제 4차원의 본래의 의미라는 거야. 세상에는 제 4차원에 대해서 말은 많이 하면서도 그것을 모르는 사람도 있어. 4차원이란 시간을 다만 다른 각도에서 본 데 지나지 않지만 말일세. 시간과 공간의 세 차원과의 사이에는 우리들의 의식이 시간을 따라 옮겨간다는 것 외에는 아무런 차이도 없는 것일세. 그런데도 바보 같은 사람들은 이 관념에 대한 그릇된 생각 밖에는 알지를 못한단 말야. 그들이 이 제 4차원에 대해 어떤 말을 하고 있는지 들은 적이 있는가?“
""나는 듣지 못했어.“
하고 이 지방의 시장이 말했다.
""이렇게 말하고 있다네. 수학자들이 생각하고 있듯 이 공간은 세 가지 차원, 즉 가로, 세로, 높이라고 해도 좋을 것을 가지고, 서로 직각으로 이어지는 세 평면에 의해 항상 한정되어 진다는 거야. 그런데 철학자들 중에는 왜 하필 세 평면만 생각하는가, 왜 이 세 직각과 관계 있는 또 하나의 방향을 생각해선 안 되는가 하고 반문해 온 사람이 있었네. 그리고 그들은 4차원 기하학이라는 걸 정립하려고까지 했었네. 뉴컴 교수(1835～1909. 미국의 천체 역학자)가 바로 한 달쯤 전에 뉴욕 수학 협회에서 여기에 대해서 연설을 했었네. 자네들도 알고 있다시피 우리들은 두 차원 밖에 갖지 않은 평면 위에 삼 차원의 물체의 형태를 나타낼 수가 있네. 마찬가지로 3차원의 물체로서 4차원의 물체를 나타낼 수도 있다고 그 사람들은 생각하고 있는 거야 그 원근법(멀고 가까움을 그림에 표현하는 방법)을 잘 이해 할 수 있다면 말이네, 알겠나?“
""알 것 같은 생각이 드는군.“
시장이 중얼거리고는 눈살을 찌푸리고 깊이 생각하는 듯, 마치 주문이라도 외는 것 같이 중얼중얼 입술을 움직이고 있었다.
""흠, 알았네.“
잠시 후 그는 그렇게 말하고 금방 변한 사람처럼 밝은 얼굴이 되었다.
""알았으면 된 걸세. 사실 말이지, 나는 요새 한 동안 이 4차원 기하학에 대해 연구를 해 왔다네. 연구 결과에는 꽤 기묘한 것도 있어. 이를테면 여기 어떤 사나이의 여덟 살 때의 사진이 있다고 하세. 또 한 장은 15세 때의 것이고, 17세, 23세, 이렇게 여러 나이 때의 사진이 있네. 이 사진들은 모두가 말하자면 단면이고, 그 사나이의 한결 같이 변하지 않은 4차원적 존재를 3차원적인 표현으로 나타낸 것이네. 과학자는...""
시간 여행가는 지금 자기가 말한 것을 여러 사람에게 납득시키기 위해 잠깐 사이를 두었다가 얘기를 계속했다.
""시간은 공간의 일종에 지나지 않는다는 걸 잘 알고있네. 여기에 통속적인 수학 도표가 있지. 기상도라네. 내 손가락이 가리키는 이 선은 기압계의 움직임을 나타내고 있는 걸세. 어제는 꽤 높았지만 밤이 되자 내려가고, 그러다 오늘 아침에는 다시 올라 그 뒤로 서서히 여기까지 올라와 있네. 물론 수은은 일반적으로 안정되어 있는 공간의 어느 차원에서도 이런 선을 긋지는 않았어. 하지만 착실히 수은은 이런 선을 따라간 거야. 그러므로 우리들은 이 선이 시간의 차원에 따라 옮아갔다고 하지 않을 수 없는 것이네.“
""그렇군.“




의사가 난롯불을 물끄러미 지켜보면서 말했다.
""정말 시간이 공간의 네 번째 차원에 불과한 것이라면 어째서 다른 것으로 여기게 됐으며 또 그렇게 생각해 왔을까? 게다가 우리들은 공간의 세 차원 중에서는 돌아다닐 수가 있는데 어째서 시간 속에서는 돌아다닐 수 없는 것인가?""
이 말에 시간 여행가는 빙긋이 웃음을 띠었다.
""우리들이 자유로이 공간을 돌아다닌다는 건 확실한 것인가? 우리는 좌우로 혹은 앞뒤로 맘대로 갈 수가 있네. 인간은 언제나 그렇게 해 왔지. 우리들이 두 차원에서는 자유로이 움직일 수 있다는 걸 인정하기로 하세. 그러나 위아래로는 어떤가. 인력이 우리를 제한하고 있네.""
""그렇다고만 할 건 아니지.“
하고 의사가 대꾸했다.
""기구가 있어.“
""하지만, 기구가 발명되기까지는 인간은 순간적으로 뜀질을 하여 오르거나 뛰어내리는 일 밖엔 자유로이 상하로 운동을 하지 못했네.""
""아니야. 조금씩은 아래위로도 운동할 수 있었어.""
의사가 말했다.
""위로 오르기보다는 내리는 편이 쉽지. 훨씬 쉬워.""
""그렇지만 시간 속에서는 전혀 움직이지 못한다. 우리들은 현재로부터 빠져나갈 수가 없단 말이네.""
""여보게, 바로 그것이 자네가 잘못 알고 있는 점이네. 그리고 온 지상 사람들이 잘못 생각해 온 점이지. 우리들은 항상 현재의 순간으로부터 빠져 나오고 있단 말이야. 우리와 정신은 물질적인 게 아니라서 차원도 갖지 않지만, 태어나서 죽을 때까지 일정한 속도로 시간 차원에 따라 움직이고 있는 걸세, 만일 우리들의 생존이 지상 100킬로미터에서 시작됐다고 한다면 우리는 아래를 향해 떨어져 내려가겠지만, 그러나, 우리들은 시간 속을 내려가고 있는 걸세.“
""그런데, 곤란한 일은........""
하고 심리학자가 입을 열었다.
""........공간에서는 어느 방향으로도 움직이게 되지만, 시간 속에서는 자유로이 움직일 수 없단 말이야.“
""나의 대발명도 실은 거기서 생겨난 걸세. 그러나 시간 속을 맘대로 돌아다니지 못한다는 건 잘못된 생각이네. 가령 내가 사진을 특별히 생생하게 생각해 냈다고 하면 나는 그 사건이 일어났던 순간으로 되돌아가 있는 것이네. 말하자면 방심 상태가 되어 일순간 그 때로 되돌아가는 거야. 물론 아무리 짧은 시간이라도 그 곳에 멈추어 있을 수는 없지. 마치 야만인이나 동물이 땅 위에서 2미터 이상 위에 멈추어 있지 못하는 것처럼. 그러나 문명인은 그 점에 있어 야만인보다는 훨씬 우수하네. 기구를 타고 인력을 이겨내고 올라갈 수가 있으니까 말이네.""
""그렇다면 왜 우리들은 시간 차원에 따라 정지를 하거나 속도를 빨리 하거나 되돌아오거나 반대 방향으로 여행할 수도 있다는 생각을 해서는 안 된단 말인가?“
""그야 아무리 해 봤댔자......""
하고 필비가 대꾸했다.
""왜 안 된다는 거지?“
하고 시간 여행가는 질문을 했다.
""이치에 맞지 않으니까.“
""무슨 이치?“
시간 여행가가 다그쳐 물었다.
""말로는 검은 것을 흰 거라고 우길 수도 있지만, 나를 납득시키지는 못하네.“
하고 필비가 대답했다.
""그래도 머지 않아 자네는 내가 4차원의 기하학을 연구한 목적을 알게 될 걸세. 오래 전부터 나는 기계에 대해서 대단한 생각을 갖고 있었어.“
""시간 여행을 하는 기계 말입니까?""
하고 청년이 물었다.
""운전하는 사람이 원하는 대로 공간과 시간을 날아 어느 쪽으로라도 자유로이 여행을 하는 기계라네.""
필비는 서슴지 않고 큰 소리로 껄껄 웃어댔다.
시간 여행가가 말했다.
""나는 그걸 실험을 통해서 증명했어.“
""그건 역사가에게 아주 편리한 것이 되겠는데.""
하고 심리학자가 말을 이었다.
""과거로 여행을 해서, 이를테면 헤이스팅스의 전쟁 (1066년, 노르망디 공 윌리엄이 해롤드 2세의 앵글로색슨 군을 쳐부순 전쟁)의 기록이 정확한가 어떤가 확인을 하고 올 수가 있을 테니 말이네.""
""자네가 그런델 갔다가는 눈총을 받거나 푸대접을 받을 것이 뻔해.“
하고 의사가 덧붙여 말했다.
""우리들의 조상들은 엉뚱한 곳에서 온 사람에 대해서 그다지 관대하지는 않았으니 말이네.“
""호머와 플라톤의 입으로부터 직접 그리스말을 배울 수도 있을지 모르겠군요.“
하고 청년이 말했다.
""그런 짓을 하다가는 자네는 학위 예비 시험에 낙제하기 알맞을 거네. 독일의 학자들이 그리스말을 개량해 버렸으니 말이지.“
""그리고 또 미래로도 갈 수 있지요.“
청년이 또 말했다.
""이런 건 어때? 돈을 몽땅 예금해 놓고 이자가 붙는 대로 두었다가 자기는 미래에 가서 기다리고 있는 것 말입니다.“
""거기가 만일 공산주의 사회라면 어떻게 되지?""
하고 나도 한 마디 거들었다.
""이건 너무나 어처구니없는 얘기들이로군.“
하고 심리학자가 말했다.
“그럴 걸세, 나도 그런 생각이 들어서 여태까지 잠자코 있었던 거야!“
""실험을 통해서 증명을 했다고 했지? 자네는 그걸 증명해 보이겠다는 건가?""
하고 내가 소리쳤다.
""실험이라고?“
벌써 머리가 멍해지기 시작한 필비가 큰 소리로 물었다.
""하여간 자네의 실험을 보여 주게. 결과는 뻔한 것이겠지만.“
심리학자가 경멸하는 어조로 말했다.
시간 여행가는 싱긋이 웃으며 우리들의 얼굴을 둘러보았다. 그러고는 여전히 가느다란 웃음을 띄우며 두 손을 바지 주머니에 넣은 채 천천히 방을 나갔다. 연구실로 통하는 긴 복도를 타닥타닥 걸어가는 소리가 들렸다.
""도대체 뭘 만들었다는 걸까?""
심리학자가 우리들의 얼굴을 둘러보며 말했다.
""괴상한 요술 같은 것이겠지.“
의사가 대답했다.
필비는 노천 극장에서 구경한 요술쟁이의 얘기를 하려고 했으나 아직 앞 얘기가 끝나기도 전에 시간 여행가가 돌아왔다. 그래서 필비의 모처럼의 얘기는 하지 못하게 되고 말았다. 시간 여행가가 손에 들고 있는 것은 조그마한 탁상시계 정도의 크기로 된 번쩍번쩍 빛나는 금속 세공물로, 매우 정교하게 만들어져 있었다. 그것은 상아와 무언지 투명한 결정체(안정하여 일정한 형태를 이룬 물체)가 사용된 것이었다. 이제 여기서 미리 양해를 얻지 않으면 안 되겠지만, 이제부터 일어난 일은, 만일 그의 설명을 인정하지 않는다면, 전혀 설명할 길이 없는 일들이다. 그는 방 안 여기 저기에 놓여 있는 8각형의 작은 테이블 하나를 가져다가 난로 앞에 두 다리를 얻을 수 있도록 놓았다. 그리고는 그 테이블 위에 지금 말한 기계를 놓고 의자를 다가앉았다. 이 기계 외에 테이블 위에 있는 물건은 갓이 있는 소형 램프 뿐으로, 그 밝은 불빛이 이 모형을 환히 비춰 주고 있었다. 방에는 열 두 자루 가량의 양초가 있어서 두 개는 난로 위의 선반 위에 있는 놋쇠 촛대에 켜 있고, 몇 자루는 벽에 붙은 촛대에서 타고 있어서 방안은 환하게 밝았다. 나는 난로에 제일 가까운 안락 의자에 앉아서 그 의자를 시간 여행가와 난로 사이로 끌어갔다. 필비는 시간 여행가 뒤쪽에 앉아 그의 어깨너머로 넘겨다보고 있었다. 의사와 시장은 오른쪽에서 시간 여행가의 옆얼굴을 지켜보고, 심리학자는 왼쪽에서 보고 있었다. 청년은 심리학자 뒤에 서 있었다. 우리들은 모두 주의해서 지켜보았다. 이런 데서라면 아무리 조심하고, 아무리 감쪽같이 한다고 해도 속임수를 쓸 순 없을 것 같았다. 시간 여행가는 우리들을 한 번 휘돌아 본 뒤에 다시 그 기계를 들여다보았다.




""그래 어떻게 하는 건가?""
하고 심리학자가 물었다.
""이 작은 기계는......?""
시간 여행가는 테이블 위에 팔을 얹고 기계 위에서 두 손을 맞잡으며 말했다.
“단지 모형에 지나지 않네. 기계에게 시간 속을 여행하게 하려는 것이 나의 계획이라네. 자네들도 눈치 챘겠지만 이 기계는 이상스럽게 비뚤어져 있고, 이 가로지른 막대 근처가 묘하게 반짝반짝 빛나고 있는 것 같지 않은가? 마치 실제로 존재하는 물건이 아닌 것 같을 걸세.""
그는 손가락으로 그 부분을 가리키며,
“여기 조그만 흰색 레버 (지렛대)가 있고 이쪽에도 하나 있네.“
의사는 의자에서 일어나 가까이 들여다보았다.
""곱게 된 거로군."" 하고 그는 말했다.
""만드는데 2년이 걸렸다네.""
시간 여행가가 대답했다. 우리들은 모두들 가까이 들여다보았다. 그러자, 그는 말했다.
""자, 이제 자네들에게도 잘 알아 달라고 하는 거지만, 이 레버를 누르면 기계는 미래를 향해 날아가고, 이쪽 레버를 누르면 반대로 운동을 하네. 이 걸상은 시간 여행자가 앉는 자리야. 이제 내가 이 레버를 누르면 기계는 날아가 보이지 않게 될 걸세. 미래 세계로 날아가서 사라져 버릴 걸세. 잘 보아주게. 테이블을 잘 보고 있어서 속임수 같은 게 아님을 잘 보아달란 말이네. 이 모형을 없애 버리고도 사기꾼으로 불리는 일이 있어선 난 못 견디게 되니까 말야.“
한 1분쯤 시간이 흘렀다. 심리학자는 내게 말을 하려는 듯하더니 그만 두는 것 같았다. 시간 여행가가 레버에 손가락을 내밀었다.
""아니야.“
그는 별안간 말했다.
""자네가 해 주게.“
시간 여행가는 심리학자를 돌아보며 그의 손을 잡더니 손가락을 내밀라고 했다. 이리하여 타임 머신의 모형을 끝없는 여행의 길에 띄워 보낸 사람은 다른 사람 아닌 바로 심리학자, 그 사람이 되었다. 우리들은 모두 레버가 도는 걸 보았다. 진정 속임수는 없었다고 생각했다. 휘익 바람이 일더니, 램프 불이 흔들거렸다. 난로 위 선반에 있는 촛불 하나가 꺼졌다. 작은 기계는 갑자기 돌기 시작하더니 희미해져서 1초 동안쯤 유령이나, 희미하게 빛나는 놋쇠와 상아의 소용돌이처럼 보이다가 휙 사라져 버렸다. 테이블 위에는 램프 외에 아무 것도 없었다. 한 1분 동안 아무도 입을 여는 사람이 없었다. 이윽고 필비가 말했다.
""정말 놀랬다!“
심리학자는 어리둥절해 있다가 제 정신이 나자, 재빨리 테이블 밑을 들여다봤다. 그걸 보고 시간 여행가는 통쾌하게 웃었다.
""그래 어떤가?“ 하고 그는 조금 전의 심리학자의 말투를 흉내내어 물었다. 그리고는 일어나 선반 위에 있는 담배 갑에서 파이프에 담배를 담기 시작했다. 우리들은 서로 얼굴을 바라보았다.
""자네는 정말 제 정신으로 그 기계가 시간 여행을 떠났다고 믿고 있나?“
의사가 말했다.
""물론!“
시간 여행가는 한 마디로 대답하고 허리를 굽혀 난롯불을 불쏘시개에 옮겨 붙였다. 그리고는 뒤돌아 서서 파이프에 불을 붙이며 심리학자의 얼굴을 건너다보았다. 심리학자는 침착한 것처럼 보이려고 담배를 집어들었으나 거꾸로 물고 불을 붙이려 했다.
""그리고 저기엔 거의 다 완성이 된 진짜 기계가 있다네.“
하며 시간 여행가는 연구실 쪽을 손으로 가리켰다.
""완성이 되면 내가 직접 시간 여행을 떠날 작정이네. 자네는 아까 그 기계가 정말 미래를 향해 갔다고 생각하나?“
하고 필비가 말했다.
""그것이 미래인지 과거인지 확실한 것은 잘 모르지만.“
잠시 후 심리학자가 문득 생각난 듯이 말했다.
""어디로 갔다면 과거로 간 게 틀림없을 거야.""
""어째서?“ 하고 시간 여행가가 물었다.
""가령, 그것은 공간을 움직여 가지는 않는다고 하고, 만일 미래로 갔다고 한다면 아직 여기에야 할 것일세. 지금의 시간을 지나갈 것이니까.""
""그렇지만 만일 과거로 갔다고 하면 우리들이 그 방에 들어왔을 때에도 보였을 게 아닌가? 지난 목요일 날, 여기 왔을 때에는 물론이고 전전 주의 목요일에도, 그 전의 목요일에도!“ 하고 내가 말했다.
""그 참 어려운 문제로군.""
시장이 막연하게 말하며 시간 여행가를 바라보았다. 시간 여행가는,
""조금도 어려울 건 없어.“하며 심리학자를 향해 말했다.
""자네도 생각해 보게. 자네라면 설명이 되겠지. 그 기계는 식역 (어떤 의식 작용의 발생과 소실과의 경계) 아래의 표상이지. 알겠나? 희박하게 해서 나타낸 표상이란 말일세.""
""물론 그렇지.“
하고 심리학자는 말하고 나서 우리들에게 대해서 보증이라도 하는 듯이 말했다.
""심리학에서는 쉬운 문제야. 깜박 잊고 있었어. 간단히 알 수 있는 것인데. 이로써 그저 역설(언뜻 보면 진리에 어긋나는 것 같으나 사실은 그 속에 일종의 진리를 품은 말)도 훌륭히 설명이 되네. 우리는 그 기계를 볼 수도 느낄 수도 없는 거야. 돌아가고 있는 차바퀴의 바큇살이나 공중을 날아가는 탄환과 마찬가지로 말이야. 만일 그 것이 우리보다 50배나 100라 해도 더 빠르게 움직이고 있다고 하면, 또 만일 우리가 1초 나아갈 동안에 1분이나 나아간다고 하면, 그 기계의 인상은 멈춰 있을 때의 인상의 50분의 1이나 100분의 1이 될 걸세. 지극히 명료한 일 아닌가!“
그는 기계가 놓여 있던 공간에서 손을 저어 보이고는,
""어때, 알겠는가?“
하며 웃음을 지었다. 우리들은 자리에 앉은 데로 1분쯤 빈 테이블 위를 지켜보고 있었다. 시간 여행가는 어떻게 생각하느냐고 우리들에게 물었다.
""오늘 저녁엔 꽤 당연한 것 같이 들리지만........"" 하고 의사가 말했다.
""내일까지 기다려 주게. 아침이 되어 올바른 생각이 되살아날 때까지 말이네.“
""진짜 타임 머신을 구경하겠나'?""
시간 여행가가 우리들을 보고 물었다. 그리고는 램프를 들고 찬바람이 들어오는 긴 복도를 지나 연구실까지 우리들을 데리고 갔다. 나는 지금까지도 확실히 기억하고 있다. 흔들리는 램프 불빛에 그의 기묘하게 큰 머리의 그림자가 펄럭이고 있었던 것을. 우리들은 모두 여우에게 홀린 듯한 기분으로 그의 뒤를 따라 갔다. 연구실에는 아까 우리들 눈앞에서 사라져 버린 조그만 기계를 아주 커다랗게 확대해 놓은 것 같은 기계가 놓아져 있었다. 니켈과 상아의 부분품이 붙어 있고, 결정의 덩어리를 줄로 갈고 자르고 한 부분품도 있었다. 기계는 거의 완성되어 있었지만 비틀어진 결정의 막대기가 몇 개 아직 덜 되어 몇 장의 도면 옆에 놓여 있었다. 나는 좀더 자세히 보고 싶어서 그 중의 한 개를 집어들었다. 석영인 듯 했다.




""이보게 자네......?""
의사를 불렀다.
""자네는 지금 제 정신인가? 아니면 이건도 트릭(속임수)인가?......하긴 크리스마스 때 자네가 보여 준 그 유령처럼 말이네.“
""이 기계를 타고........""
하며 시간 여행가는 램프 불을 높이 쳐들며 말했다.
""나는 시간을 여행할 작정이야. 알겠나? 세상에 나서 난 아직 이렇게까지 진심이 되 본 일은 없었네.“
우리들은 누구나 어떻게 생각해야 좋을지 갈피를 잡지 못했다. 나는 의사의 어깨 너머로 필비와 눈이 마주쳤다. 그는 진지한 태도로 한쪽 눈을 찔끔해 보였다.","시간 여행가(우리들은 그를 이렇게 부르기로 했다)는 우리들에게 엄청나게 어려운 문제를 설명해 주고 있었다. 그의 회색 눈동자는 반짝거리고, 언제나 창백하기만 하던 그 얼굴에 생기가 넘쳐흐르고 있었다. ",7608
태양계 요새,돌레짤,"토성의 테를 산책하다




""아아――""
기지개를 켜며 크게 하품을 했다. 그는 젊은 전파 천문학자 돌 큐르비. 지구에서 14억 3천만 킬로미터나 떨어져 있어도 하품이 나오는 것은 마찬가지다.
""지루하니까 하품이 날 수밖에. 태양계의 어디를 가도 이렇게 지루해서야 일할 맛이 없는데.""
""그래. 꼭 요새 안에서 사는 기분이야. 그러나 태양계 최고 위원회에서 결정한 일이니까 하는 수 없지.""
라고 대답한 사람은 사이가 좋은 페트 프리튼, 광학 천문학자이다.
""정말이야. 유령에 싸여 있는 요새라고 하는 것이 좋겠네. 높은 사람들이 자기들 멋대로 무서워하고 있으니까.""
이 세 번째로 입을 연 사람은 게르트 비디히라고 하는 환경 공학 엔지니어이다.
""견딜 수가 없어. 토성의 궤도 이상 벗어나서도 안 된다고 하잖아. 그 내부의 지름이 30억 킬로미터는 되지. 그러나 은하계의 크기에 비하면 하나의 모래알에 지나지 않아.""
""최고 위원회의 마음을 알 수가 없어. 모험 정신이 없으니까 따분해서 못 견디겠군. 우리가 그만한 기술을 못 가지고 있는 줄 아는 모양이지.""
""어때, 다음 근무까지는 아직 시간이 있지. 토성의 테까지 산책이나 해 볼까? 기분 전환으로 말이야""
""좋고 말고!""
큐르비의 의견에 모두 소리 높여 찬성을 했다.


그들은 토성의 제 2위성 엥게라도스에 있는, 태양계 요새 기지의 대원들이었다. 앞에서도 말했듯이 지구에서 14억 3천만 킬로미터로서, 우주선으로 3개월이나 걸리는 곳이다.
목성, 소행성 케레스. 그리고 화성의 궤도를 사람이 없는 중계 스테이션이 돌고 있기 때문에 무선이면 지구와의 연락은 곧 할 수가 있다.
곧 할 수 있다고 말하지만. 그것은 우주이므로 빨라도 1시간 15분이다.
인류는 너무나도 빨리 태양계를 개발해 왔다.
달과 화성, 그리고 금성에서 사는 사람도 많아졌을 뿐 아니라, 거기서 태어난 아이들도 지금은 어른이 되어 훌륭하게 일하고 있다.
사람끼리의 전쟁은 이미 옛날 이야기로 되고 말았다. 게다가 배우기 쉬운 언어가 만들어지고, 태양계의 어디를 가든 그 언어로 얘기 할 수 있다.
그런데 웬일인지 최고 위원회는 토성의 궤도 밖으로 나가는 것을 허가하지 않는다.
토성의 제 2위성 엥게라도스는 토성에서 23만 8천 킬로미터 떨어진 곳을 돌고 있다. 지름이 5백 킬로미터이므로 달과 비교할 수는 없으나, 태양계 행성의 위성 중에서는 큰 편이다.
태양에서 굉장히 멀기 때문에, 몹시 춥다. 그래서 기지는 지하 100 미터에 있다. 물론 추위를 피하기 위해서이다.
""큐르비, 프리튼, 비디히 세 사람 사령실로!""
라는 소리가 갑자기 스피커에서 울려왔다.
세 사람은 서로 얼굴들을 마주 앉았다.
""뢴트겐 대장이야. 대체 무슨 일이지? 지금은""
하고 비디히가 고개를 갸웃했다.
대장 알렉스 페드로프의 명령이다. 뢴트겐은 그의 별명으로서, 부하의 비밀 이야기를 너무 잘 알기 때문에 붙여진 이름이다.
그러나 천리안이라도 가진 것은 아니고, 집회실에 정밀한 마이크를 비밀리에 장치해 놓았던 것이다. 비겁하게 보일지 모르나, 여기는 우주에 떨어진 작은 섬이다. 이런 곳의 대장이 된 사람은 부하의 기분을 하나에서 열까지 세밀하게 파악하지 않으면 안 되는 것이다.
페드로프 대장은 세 사람을 쳐다보더니 의자에서 일어섰다.




""수고한다. 너희들의 휴식은 아직 8시간 남아 있다. 그때까지 무엇을 할거야? 말해 봐, 아니 방해하려는 것은 아니야.""
""잠깐 토성의 테에 소풍이라도 할까 하고요. 괜찮겠습니까?""
돌 큐르비가 대표로 대답했다
""괜찮고 말고. 나도 같이 가면 안 될까? 때로는 기분 전환을 시킬 필요가 있지. 여기의 상황은 지루하니까.“
하며 대장은 빙긋이 웃었다.
세 사람은 좀 의아하게 생각했으나, 동행인이 한 사람이라도 더 생겨서 기뻤다.
대장은 여전히 웃으면서 말했다
""여기서 달의 태생은 나 혼자 뿐이야. 사람은 대체로 고향의 별 환경에 따라가지. 달에는 공기가 없다. 즉 멀리까지 잘 보인다. 그러므로 달에서 태어난 사람은 특별히 눈이 좋아. 하하하……""
그러자 비디히가 풀이 죽은 목소리로 말했다.
""그러면 나 같은 사람은 곤란하군요. 금성에서 태어났으니까요. 그곳은 항상 두꺼운 구름에 싸여 있으니까, 시야가 매우 나쁘지요.""
""그 반면 금성인들은 몸 주위의 것을 잘 관찰하지. 자네가 환경 공학을 선택한 것이 그 때문인지도 몰라.""
""그러면 나는 어떨까요?""
하고 물은 사람은 큐르비이다.
""자네가 태어난 지구는, 태양계에 흩어져 있는 인류에게 생명의 샘이라고 해도 좋다. 너의 전문인 전파 천문학도 지구에서 가장 진보되어 있다. 그리고 프리튼은 화성 태생의 광학 천문학자이다. 이 두 개의 천문학이 형제인 것처럼, 지구와 화성과도 형제지간이다. 더욱이 자네 고향은 아이슬란드였었지. 즉 너는 바이킹의 자손이 되는 셈이다. 네가 남달리 모험을 좋아하는 것도 까닭이 있는 거다. 콜럼버스 보다 500년 전에 아메리카 대륙을 발견한 레이프의 이야기, 그린란드에 식민지를 건설한 에이릭의 이야기…… 어렸을 때 열심히 읽었다.""




큐르비는 눈을 빛내면서 말했다.
""아버지도 자주 말씀하셨지요. 그런 배로 북해의 심한 파도를 헤치고 건너간 것은, 지금의 무선과 레이더가 있는 우주선으로 이 별에서 저 별로 나는 것보다 더욱 용기 있는 일이었을 것이라고요.“
""나도 그렇게 생각한다. 자. 시간이 가니까 출발 준비다. 테의 바깥쪽까지 10만 킬로미터지. 정찰정 게본 호로 간다. 화학 연료를 사용해서, 초속 10 킬로미터로 하면 얼마나 걸리나?""
프리튼이 재빨리 노트에 계산했다.
""16분 40초입니다.""
""좋아. 그럼 그 동안 날아가는 거리는?""
""5 천 킬로미터.""
""됐어. 그럼 나머지 9만 5천 킬로미터에는……""
""9천 5백 초 걸립니다. 즉……""
""2시간 30분이면 되겠지. 좋아, 7시간이면 돌아 올 수 있어.""
정찰정은 공처럼 둥근 모양인데, 앞뒤에 사람이 타는 방과 동력실이 붙어 있다.
화학 연료라고 하지만, 옛날의 로켓처럼 요란한 소리나 연기를 뿜어내지 않는다. 조금도 추진에 지장을 주지 않으며, 소리 없이 나아가게 한다.
엥게라도스의 작은 중력에 익숙해져 있으므로, 가속이 되면 고통스럽지만 그것은 훈련으로 단련되어 있다.
언제 보아도 토성은 훌륭하다. 캄캄한 우주 공간에 당당하게 떠 있다.




게본 호는 적도를 향해서 똑바로 토성에 가까이 갔으므로, 옆에서 본 테는 붉은 줄이 되어 큰 별을 둘로 갈라놓고 있다.
먼 태양의 빛을 받아서 테는 토성 위에 어두운 그림자를 드리우고 있었다.
이윽고 정찰정은 가장 바깥쪽의 테 가까이로 갔다. 토성의 테는 3개로 되어 있는데, 모두 같은 중심을 갖고 있는 것이다.
""유영 준비!""
네 사람은 에어 록으로 들어가서 우주복을 입었다. 온도 조절, 공기 공급, 무선 연락, 소형 추진 장치…… 모두 이상없다.
게본 호는 속도를 테의 공전 속도에 맞추었다. 이 속도라면 14 시간에 토성을 한 바퀴 돈다.
이상한 경치였다.
눈앞에 바위벽이 우뚝우뚝 서 있다. 헤아릴 수 없는 크고 작은 바위들이 줄지어 서 있고, 토성의 주위를 돌고 있다. 만일 지구의 달이 폭발한다면 아마 이렇게 될는지도 모르겠다.
""내가 선두에 선다. 간격 1킬로미터로 따라와라. 전망이 좋을 성싶은 바위 위에 내리자.""




대장이 앞서고, 그 뒤로 모두 우주 공간으로 뛰어 나갔다. 조그만 로켓을 잘 조종해서 나아가는 것이다.
""이건 굉장한, 굉장한 모험이다.""
비디히가 혼자 중얼거리는 소리를 듣고, 큐르비가 받아서 말했다.
""뭘, 대단치 않아. 좀더 신나는 모험을 하고 싶다구!""
무선으로 하는 말이므로 물론 대장에게도 들린다
""가만, 가만. 급히 서두르면 안 돼. 생각한 것보다 실제로 부딪쳐 보면 그다지 즐겁지는 않을 거야, 알겠니? 저기 큰 바위에 내린다""
네 사람은 무수히 깔린 바위 위에 서서히 미끄러져 내렸다. 바위의 흩어져 있는 모습은 불가사의한 힘으로 지탱되어, 오랜 옛날부터 조금도 변함이 없다. 이따금 바위와 바위의 틈 사이에서 저쪽의 공간이 바라다 보인다.
목적지에 착륙했다. 잘못 움직이면 그 반동으로 뛰어올라 갈 것 같다.
프리튼은 열심히 사방을 살펴보더니 말했다.
""대장님 이상합니다. 테의 저쪽 끝을 보니 먼 쪽이 높아져 있는 것 같아요""
""네가 말한 대로다. 알겠나, 천체는 모두 공이다. 둥글다. 그 지면이 평평하다고 생각되지만 그렇지 않아. 그러나 이 테의 표면은 가까이서 보면 울퉁불퉁하게 되어 있지만, 태양계에서 유일한 완전한 평면을 가진 천체이다. 그래서 평면에 익숙지 않은 눈으로는 오히려 먼 쪽이 높아 보이는 거지.""
테의 안쪽에 갈 시간은 없었다. 거기에는 가스가 있고, 정찰정의 조종도 어렵다.
바위가 별똥별로 되어, 메탄과 암모니아의 토성 대기 중에서 타고 있는 것을 구경하고 싶었으나, 그건 나중으로 미루기로 했다.
""대장님, 아직 토성에 내린 사람은 없죠?""
하고 프리튼이 또 다시 물었다.
""아직 없지. 대기권에 들어가면 캄캄해진다는 것 밖에 알고 있지 않다. 레이더는 말을 듣지 않는다. 자, 시간이 거의 다 되어 간다. 한 번 더 잘 봐 두라.""
이때였다. 그들의 리시버에 기지의 대장 대리로부터 긴급 통신이 들어온 것은,
""이쪽은 오우엔, 대장에게 전함. 게본 호 중계로 연락하십시오.""
우주복에 장치된 무전기로는 10만 킬로미터 떨어져 있는 기지까지는 닿지 않는다.
""이쪽은 페드로프, 현재 게본 호에 되돌아가는 중이다. 무슨 일이야?""
""목성과 토성 궤도 중간에서 접근 중인 물체를 레이더가 포착했습니다!""
""알았다. 곧 가겠다. 경보를 내라. 다른 기지에도 곧 연락을.""
오우엔은 당황하지 않고 명령을 실행했다. 연락이라고 하지만 전자 계산기, 발신기, 안테나 등을 조정하는 것이라 복잡한 일이었다.
게본 호에 도착해서, 큐르비는 우주복을 벗으며 말했다.
""기지에 있었으면 좋을 뻔했어. 내 전파 망원경으로 포착할 수 있는 건데!""","""아아――""
기지개를 켜며 크게 하품을 했다. 그는 젊은 전파 천문학자 돌 큐르비. 지구에서 14억 3천만 킬로미터나 떨어져 있어도 하품이 나오는 것은 마찬가지다.",3619
합성 뇌의 반란,레이먼드 존스,"사 고




""앗, 으악!“
존은 귀를 울린 그 비명을 지금도 또렷이 기억하고 있다. 마사의 비명이었다. 존의 아내인 마사의 비명, 그것이 최후였다




존이 운전하던 차는 마사를 옆에 태운 채, 산길에서 골짜기로 추락해 갔던 것이다.
벼랑의 높이는 30미터나 되었었다. 골짜기의 물은 허옇게 거품을 일으키며 번쩍거리고 있었다.
차체는 골짜기에 찌부러져 있었다. 존도 마사도 차에서 기어 나오지 않았다.
존의 차가 골짜기에 추락한 바로 뒤, 산길에 노란 빛깔의 차가 멈추고 있었다. 그리고 거기서 세 사람이 골짜기를 내려다보고 있었다.
(성공이다.)
라는 듯이, 그들은 서로 머리를 끄덕이고는 노란 빛깔의 차에 다시 올라타고 가버렸다
아무도 그 광경을 본 사람은 없었다.
존과 마사는 이렇게 해서 죽었다. 확실히 죽은 것이다.
그런데 그 후 얼마쯤 지났을까
(여기는 어디야, 어떤 곳일까? 나는 지금 어디에 있는 건가?)
존은 정신이 났다. 아무 것도 보이지는 않았다. 세계가 캄캄했다.
소리도 들리지 않는다. 손을 움직여 보려고 해도 다리를 움직여 보려 해도 손이 어디 있는지 다리가 어디 있는지, 움직이고 있는지 움직이지 않고 있는지 도무지 알 수가 없었다.
냄새도 맡을 수 없었다. 나 자신이 자고 있는지 깨어 있는지도 알 수가 없다. 더운지 추운지도 모르겠다.
(여기는 병원인가 보다. 틀림없을 거다. 아아, 나는 살아 있었구나 마사는 어떻게 되었을까? 살아 있어 주었으면......)
그래서 존은 소리를 쳤다.
""마사, 마사 ! 간호원, 간호원!“
그러나 분명히 소리를 친 것 같은데, 자기의 말소리가 들리지 않는다.
(어떻게 된 셈일까? 내가 귀머거리가 되었는가, 아니면 벙어리가 된 것인가 ? )
하고 존은 까닭을 알 수 없어, 가만히 생각해 보고 있었다.
그러다가 조금씩 그때의 일이 머리에 떠올랐다




(그때.... 그때 나는 마사와 신혼 여행 드라이브를 하고 있었지, 마사의 오빠인 데밍 박사의 별장을 향하여...... 그 별장이 산 속 호숫가에 있었으므로, 우리들은 데밍 박사에게 별장을 빌리려고 그 곳으로 차를 달리고 있었다. 그런데 길모퉁이에서 노란 색의 차가 불쑥 나타나서, 그걸 피하려다가......
아아, 나는 터무니없는 실수를 했어. 마사에게 미안해. 마사는 어떻게 됐을까? 마사는, 마사는......)
정신이 들고나서, 꽤 오랜 시간이 지나간 모양이었다. 이틀이나 사흘쯤은 지났을 것 같다.
그러나 여전히 여기가 병원인지, 치료를 해 주고 있는지, 그냥 내버려두고 있는지, 자기 몸이 침대에 누워 있는지 전혀 알 수가 없었다.
한결같은 어둠과, 소리 하나 들리지 않는 세계-만져볼 수도 없고, 눈으로 볼 수도 없는 세계가 계속되고 있었다.
콘크리트 속에 몸이 묻혀 있으면서도 죽지 않고 살아 있을 수 있다면, 그게 바로 이런 느낌이 아닐까?
다만 알 수 있는 것이 꼭 한 가지 있었다. 나 자신이 숨을 쉬지 않는다는 것이었다.
숨을 쉬지 않는데, 어떻게 살아 있는 것일까?
아마도 1주일은 족히 지난 것 같았다. 존의 앞쪽이 희미하게 밝아져 왔다. 무엇친지 이따금 움직이는 것이 희미하게 느껴졌다. 그것은 사람의 그림자 같기도 했다.
희미하던 그림자는 점점 또렷해졌다. 그리고 겨우 알게 되었다. 누군가가 들여다보고 있다. 자기 신부의 오빠인 데밍 박사였다.
""데밍씨! 마사는, 마사는? 가르쳐 주시오. 내 말 안 들려요? 가지 마시오. 대체 어떻게 됐어요? 데밍 박사, 박사님........""
그러나 데밍 박사에게는 아무 소리도 들리지 않는 모양이었다. 괴로운 표정을 하고서 그냥 지나간다.
""데밍씨, 말 좀 해 주시오. 가지 말고 가르쳐 주시오,""
하고 존은 여전히 들리지도 않는 소리를 짜내고 있었다.
이때, 문득 존은 깨달았다. 지나가는 데밍 박사를 눈길로 따라갈 수 없다는 것을. 존의 눈은 움직여지지 않았다.
(나는 몹시 큰 상처를 입고 있나 보다. 눈의 신경도 상한 모양이다. 그래도 앞쪽만이라도 볼 수 있는 건 아주 조금씩이나마 나아가고 있는 증거겠지. 좀더 있으면 마사와 내가 어떻게 되어있는가 알게 되겠지.)
존은 단념하려는 듯, 큰 소리를 질렀다. 들리지 않는 소리지만, 살려 달라고 외치고 싶어서 비명을 지른 것이었다.
(여기는...... 아아, 여기는 인공 두뇌 센터 실험실이다! )




그러고 보니 본 적이 있다. 데밍 박사가 나간 자리에서 정면에 보이는 것이 검은 녹색의 커다란 계기판이었다. 조그만 표시등이 가득 줄을 지어 붙어있다.
존은 지금 자기가 어떻게 되어 있는지를 확실히 깨달았다.
불쌍한 존! 가엾게 죽은 존은 지금 두뇌만으로 되어 있다. 가로, 세로, 높이, 모두 각각 15센티쯤 되는 플래티나 (백금) 상자에 담겨져 있다. 그 상자로부터 전선과 관이 이어져 있을 뿐이었다.
존의 몸뚱이는 완전히 없어진 것이었다.

데밍 박사




인공 두뇌 센터는 조그만 마을이 하나 들어앉을 만큼 큰 건물이었다. 정식 이름은 '미합중국 정부 두뇌 센터‘라고 한다.
이 건물 가운데 있는 잘 꾸며진 방에, 두 사나이가 마주보고 앉아 있었다.




한 사람은 데밍 박사, 다른 한 사람은 관리 부장인 헤닝거였다. 헤닝거 부장은 여송연을 피워 물고 몸을 의자에 뒤로 젖히고 앉아 있었다.
데밍 박사가 말했다.
""당신은 존과 마사의 뇌를 다른 목적에 쓰는 일도 할 수 있을 거요. 하지만 이 두 사람의 뇌를, 새로운 인공 두뇌 장치에 넣는 일만은 제발 하지 말아 주시오.""
그러나 헤닝거 부장은 얼굴에 엷은 웃음을 띠고 말했다.
""데밍 박사, 자네는 인공 두뇌학에 있어서 일류 학자가 아닌가. 그런데도 괴상한 말을 하는군. 그야 마사가 자네 누이동생이고, 존이 마사의 신랑이었다는 것은 나도 알고 있어. 박사, 이 두뇌 센터가 인공 두뇌에 쓰려고 얼마나 과학적으로 잘 훈련된 훌륭한 뇌를 갖고 싶어하는가는 자네가 더 잘 알고 있을 거야.
존이나 마사도 자기들이 만일 죽거든 자기 뇌를 연구용이거나 실험용이거나, 또 실습용으로나 마음대로 써도 좋다고 하는 계약을 두뇌 센터와 맺었단 말이네. 그러므로 그 두 사람은 계약을 한 대가로, 이 두뇌 센터에서 설비가 완전한 연구실을 얻어 쓰고 있는 게 아닌가. 존은 젊은 사람으로서 손꼽히는 생화학자였지. 그것도 인공 두뇌를 마음껏 이용해서 연구한 덕택이 아닌가.
마사도 인공 염료의 연구자로서 훌륭한 사람이었네. 역시 인공 두뇌로 연구에 패 많은 도움을 받았다고 생각해.
아니, 두 사람뿐이 아니야. 이 두뇌 센터는 재주 있는 사람들을 거의 5백 명이나 모아놓고, 자유로이 하고 싶은 연구를 하게 하고 있는 걸세.
인공 두뇌를 언제나 쓰고 싶은 대로 쓸 수 있고 비용도 정부에서 얼마든지 받게 되어 있네. 그리고 그 연구가 앞으로는 세상 사람들을 위하는 일이 되고, 또 자기들이 이곳의 연구원들은 많이 이용한 인공 두뇌가 더욱 좋아지도록, 자기가 죽은 후에는 자기의 뇌를 써도 좋다는 계약을 하고 있네.
어떤가? 이거야말로 훌륭한 제도가 아닌가. 우리 나라는 이 두뇌 센터의 인공 두뇌에게, 나라 일의 전부를 결정하도록 맡기고 있지. 우리 미국은 좋아지기만 하네. 인간이 머리를 짜서 걱정할 필요는 없네. 정부는 인공 두뇌가 내놓는 해답에 따르기만 하면 되는 거야.
그런데도 데밍 박사, 자네는 뭘 망설이고 있는가? 존이나 마사는 죽었어. 골짜기에 떨어져서 말야. 나는 그 일에 대해서 몹시 슬프게 생각하고 있네. 하지만 죽은 두 사람에게서 뇌를 꺼내어, 인공 영양으로 다시 뇌를 살리고 인공 두뇌 장치에 넣는 것이 어째서 나쁘다는 건가? 다시 말하지만 존과 마사는 죽었네.""
""그렇게 말씀하시지만, 저는 인공 두뇌 장치 속에 사람의 뇌를 넣는 일이 옳은가 어떤가에 대해서 의심하기 시작한 것입니다.""
하고 데밍 박사는 진지한 얼굴로 말했다.
헤닝거 부장은 턱을 내밀며 여송연을 고쳐 물었다.
""무슨 소리를 하고 있는 건가, 데밍 박사? 자네가 그런 이상한 말을 하는 걸 알면, 정부에선 자네를 이 센터에서 내쫓을 걸세.""
""누가 뭐라도 인공 두뇌는 빛나는 성적을 올리고 있으니까 말이네. 나라의 예산도 10초만 기다리면 척 내주지 않는가. 국가의 여러 가지 생산 계획도 하루 동안이면 세밀한 것까지 방침을 세워주지. 그리고 그대로 실행해서 틀림이 없으니, 참으로 훌륭한 인공 두뇌야, 덕택에 미국은 이상적인 나라로 풍족한 정의의 나라, 평화의 나라가 되네. 이것이 모두 인공 두뇌의 덕택이 아니고 무엇인가.




아직 전자 두뇌를 쓰고 있던 그 시절의 일을 생각해 보게. 전자 두뇌 같은 건 멋없이 커서 자리만 크게 잡고, 모호한 답밖에 내지 못해 마치 바보스런 거인처럼 믿을 수 없는 것이 아니었던가. 전자 두뇌가 생긴 후 75년이나 걸려서, 인간은 간신히 쓸모 있는 인공 두뇌를 발명했네. 그것이 인간의 뇌를 그 장치의 극히 작은 한 부분에 사용한 새로운 장치이네, 그러나 아직 5년밖에 안 되었어. 이 장치를 많이많이 만들어, 이 두뇌 센터에 설치하지 않으면 안돼. 갓 죽은 사람으로부터 뇌를 꺼내어 이 장치에 사용하는 것이 가장 좋은 사용법이라네. 데밍 박사, 뭘 우물쭈물하는가?
존과 마사의 뇌는 다른 연구에 사용하기는 아까운 좋은 뇌라네. 꼭 인공 두뇌 장치에 넣지 않으면 안 되네. 그래도 할 말이 있으면, 이번 위원회 때 발표하게나. 단 그런 말을 했을 때, 자네가 어떤 곤란에 부딪칠지 그건 모르겠네.""
이렇게 헤닝거 부장은 위협하는 태도로 말하고는, 고개를 돌렸다.","""앗, 으악!“
존은 귀를 울린 그 비명을 지금도 또렷이 기억하고 있다. 마사의 비명이었다. 존의 아내인 마사의 비명, 그것이 최후였다",3396
합성 인간,A. 베리야에프,"첫 대면


지난날 그것도 훨씬 전에 죽은 사람이 살아있다는, 더욱이 동체는 없이 머리만이 살아 있는 것을 보았다고 한다면 그 아무도 참말로 여기지는 않으리라. 그러나 로랑은 그것을, 그 믿을 수 없는 사실을 자기 눈으로 직접 본 것이다. 그것도 이 번화한 파리의 한복판에서 말이다. 그 날, 로랑은 학교 선생님의 소개장을 가지고 케룬 교수에게 취직을 부탁하러 갔던 것이다. 케룬은 소개장을 다 읽고 나더니 이렇게 말했다.
""당신은 여의사로군요. 그건 참 다행한 일입니다. 마침 내 연구실에서 당신 같은 사람이 필요하던 참인데. 좋아요. 곧 일해 보시도록 해요.""
이 말을 듣고 로랑은 기쁨을 감추지 못했다. 지금까지 그토록 취직할 곳을 찾아다녔지만, 파리 안에서는 학교를 갓 졸업한 햇병아리 여의사를 써 줄만한 데라고는 아무 데도 없었기 때문이다. 이제야 앓아 누워 계신 어머니를 제대로 보살펴 드릴 수가 있게 되었구나 하고, 로랑은 안도의 한숨을 내쉬었다.
""그런데 당신의 신경은 강하겠지요? 혹시 가족 가운데 정신병이나 알코올 중독자는 없겠지요?""
하고 케룬이 물었다.
""아뇨, 없어요.""
""그럼 좋아요. 그러나 한 가지 조건이 있어요. 당신은 비밀을 지킬 수 있는지요? 나의 실험실에서 본 일을 결코 다른 사람에게 말하지 않겠다고 굳게 맹세할 수 있나요? 아니, 뭐 그렇게 두려워할 성질의 것은 아닙니다. 내가 범죄를 저지른 것도 아니겠고, 절대로 당신께 폐가 되는 일은 없을 겁니다.""
로랑은 그 말을 듣자 다소 불안했지만, 범죄하고는 관계가 없다니까 걱정할 필요는 없겠다는 생각이 들었다.
""약속하겠어요. 비밀을 지키겠다고요.""
그러자 케룬은 벨을 울려 흑인 하인을 불러서는 이렇게 일렀다.
""존, 로랑 양을 안내해서 실험실 안을 보여드리지.""


로랑은 존을 따라 옆방으로 들어갔다. 방안에 있는 장 속에는 금속제의 기구들이 꽉 차 있었으며, 테이블 위에는 유리제의 기구들인 가득 진열되어 밝은 전등 불빛을 받아 눈부시게 반짝이고 있었다. 방 한가운데는 해부대가 놓여 있었다. 로랑이 해부대 옆에 있는 유리 상자를 들여다보았을 때였다. 로랑은 깜짝 놀라 자기도 모르게 한 발짝 뒤로 물러섰다. 유리 상자 안에 있는 사람의 심장이 팔딱팔딱 움직이고 있는 것이 아닌가! 심장에는 굵은 파이프가 달려 있었으며, 유리 상자 밖에 있는 플라스크와 연결되어 있었다.




그러나 그것보다 더욱 로랑을 놀라게 한 것은 그 머리였다. 금속으로 된 4 개의 발이 달린 유리판 위에 있는 머리의 동맥과 정맥에는 관이 연결되어, 그것이 각각 한 쌍이 되어 유리판을 뚫고 그 옆에 있는 플라스크에 연결되어 있다.
목에는 그것보다도 더 굵은 관으로 실린더하고 연결되어 있다.
실린더나 플라스크에는 압력계며 온도계 등, 그밖에도 로랑에게는 무엇에 쓰이는지조차 알 수 없는 기구들이 장치되어 있었다.
죽은 사람의 머리? 아니, 죽은 사람의 머리가 아니다. 머리는 틀림없이 살아 있으니까, 깜박깜박 눈을 떴다 감았다 했던 거다.
로랑은 온 몸이 오싹해서 부들부들 떨었다. 문득 로랑은 이 머리를 틀림없이 어디선가 본 기억이 났다. 그렇다! 이 머리는 얼마 전에 급환으로 세상을 떠난 유명한 외과 의사 도우엘 박사의 머리임에 틀림없다. 박사는 시체에서 떼어낸 심장이나 그 밖의 기관들을 소생시키는 실험을 하여, 세계를 깜짝 놀라게 했던 대학자였다.
박사의 머리는 생전과는 판이하게 모습이 변해있었다. 눈은 움푹 패이고 볼은 살이 다 빠졌으며, 피부는 미라처럼 누렇게 변해 있었다. 이따금 박사의 강연을 들으러 다닌 로랑이 잘못 보았을 리는 만무하다. 그 박사의 머리가 어째서 이런 실험실에, 그것도 살아서 말이다!
그때 마침, 머리가 무엇인가 말하고 싶은 듯 입술을 조금 움직였다. 로랑은 너무나 격심한 공포에 악! 하고 외치며 그 자리에 쓰러질 뻔했다. 존이 재빨리 로랑의 몸을 안듯이 붙들었다. 그리고는 케룬의 서재 쪽으로 데리고 나왔다. 로랑은 무서움에 새파랗게 질린 얼굴로 케룬에게 물었다.
""저 머리는 혹시..""
""도우엘 박사의 머리가 아니냐는 말씀이시군. 맞아요, 저 머리는 내가 소생시킨 박사의 머리랍니다.""
""왜 그런 무서운 일을 하시는 거여요?
""그렇지 않아요. 절대로 무서운 일도 나쁜 일도 아니고 말고. 나와 박사는 죽은 사람을 다시 살려내는 방법을 연구하고 있었답니다. 그런데 애석하게도 박사께서는 도중에 지병인 천식의 발작으로 세상을 떠나고 말았지요. 그래서 지금은 내가 혼자서 그 연구를 계속하지 않으면 안되게 되었어요. 박사께서는 돌아가시기 전에 자기의 시체를 이 연구를 위해 써 달라고 유언하셨습니다. 박사께서는 일생을 과학을 위하여 몸을 바쳐오셨기 때문에, 죽은 뒤에까지도 자기의 몸을 학문을 위해 바치리라고 생각한 겁니다. 그래서 그렇게 유언하셨을 겁니다. 그러므로 나는 그 유언에 따라 박사의 유체를 실험 재료로 해서, 박사의 머리를 소생시킨 것입니다. 나는 유감스럽게도 박사의 머리밖에 소생시킬 수 없었지만, 아무튼 이건 과학의 대 승리입니다.""




""무서운 일이군요. 무서운 범죄입니다.""
""아니, 범죄라니? 죽음에서 해방시켜 목숨을 다시 소생시키는 일은, 우리 인류가 오랜 옛날부터 바라온 꿈이었단 말이오. 나는 그것을 이룩해 냈습니다. 인류는 이 나에게 감사를 표해야 마땅합니다. 하지만 아직 이 실험은 완전히 끝난 건 아니지요, 완전한 것으로 해서 학계에 발표할 때까지는 절대로 비밀로 해 두지 않으면 안 된단 말이오. 당신도 학문을 위해 이 비밀을 꼭 지켜 줘야겠어요. 만일에 이 약속을 어긴다면 당신에게 이로울 것은 없을 거요.""
하고 케룬은 위협하듯 말했다. 로랑은 선뜻 약속해 버린 것을 후회했다. 그러나 만일 케룬의 말이 사실이라면, 이것은 범죄가 아닐지도 모르겠다. 더욱이 모처럼 얻게 된 직장을 그만둔다는 것은, 지금의 경우 로랑에게 있어서는 중대한 문제가 아닐 수 없다.




""그럼, 내일 아침 9시에 출근하도록 해요.""
이렇게 말하며, 케룬은 로랑을 전송했다. 로랑은 그날 밤 무서운 꿈을 꾸었다. 물끄러미 로랑의 얼굴을 바라보고 있던 박사의 머리가 갑자기 유리 테이블에서 쑥 올라오더니, 로랑에게 달려드는 것이었다. 로랑은 깜짝 놀라 문을 열고 도망치려고 했다. 그러나 아무리 문을 열려고 해도 꿈쩍도 하지 않는다. 머리는 바로 뒤에서 달려드는데 마침 그때, 어디선지 모르게 매의 모양을 한 케룬이 박사 머리에 달려들어 서로 맞붙었다. 로랑은 그 틈에 겨우 문을 열고 다음 방으로 뛰어들었다. 그런데 이건 또 박사의 머리가 뒤따라 뛰어드는가 하면, 그 뒤를 매 모양의 케룬이 따라온다. 로랑은 차례차례 문을 열고 도망치려고 하지만 문은 끝없이 계속되고, 박사의 머리는 점점 가까워지며 그 목에서 씩씩 하는 기분 나쁜 소리가 귀밑까지 따라왔다.




""로랑, 왜 그래? 몹시 괴로운 모양이구나.""
라는 어머니의 목소리에 로랑은 가까스로 눈을 떴다. 그러나 아직 가슴이 두근거리고 온 몸은 땀에 흠뻑 젖어 있었다. 로랑은 내일부터 자기가 나가야 할 실험실을 생각하니 몸서리가 쳐졌다. 과연 그 무서운 일에 자기의 신경이 얼마나 견뎌낼 수 있을는지, 어쩌면 얼마 안 가서 미쳐버리지나 않을는지 하고 불안하기 이를 데 없었다.

열리지 않는 마개의 비밀


그 다음 날부터 로랑은 케룬의 실험실에 다니게 되었다. 머리는 먼저와 같은 장소에 있었다. 머리는 로랑이 방안에 들어오는 기척을 알아차리면 눈을 들어 그녀의 얼굴을 자세히 바라보았다. 로랑은 이제 어제와 같은 무서움을 느끼지 않았다. 그녀는 방긋 웃으며 머리에게 인사를 했다. 머리도 그것에 대답하듯 눈인사를 보냈다. 머리는 말을 할 수 없는 모양이다. 박사의 머리는 코에 체온계가 꽂혀 있었다. 일정한 시간이 되면 체온기를 뽑아 체온을 조사한다. 목의 동맥과 정맥에 이어져 있는 플라스크에는 머리의 생명을 유지하는 데 필요한 영양제와 산소가 들어 있는 액체가 있으므로, 이 플라스크에도 온도계며 압력계가 부착되어 있다. 머리의 체온에 맞추어 플라스크 속의 액체 온도나 압력을 조절하는 것이, 주로 로랑이 하는 일이었다. 로랑의 일은 낮뿐이고, 밤은 존이 대신 기계 당번을 했다. 맨 첫날에 케룬은 로랑에게 기계를 취급하는 방법을 이것저것 설명해 주었다. 그러나 머리의 목과 이어진 실린더의 취급 방법만은 설명하지 않을 뿐만 아니라 이렇게 말했던 것이다.
""이 실린더의 마개는 결코 열어선 안 돼요. 이것을 열면 이 머리는 당장 죽어버리니까.""
아무튼 로랑이 새로운 일거리를 얻은 지 2주일이 지났다. 로랑은 이미 기분 나쁜 머리하고도 익숙해졌을 뿐만 아니라, 오히려 조금은 친밀감까지 가지게 되었다. 머리 쪽에서도 로랑에게 친밀감을 느끼는 듯 아침마다 로랑이 실험실에 들어가면, 다소 미소를 지으며 인사 표시로 눈을 깜박거렸다. 머리는 여전히 말은 못했지만, 어느 사이엔가 머리와 로랑간에는 두 사람만이 통하는 '말'이 형성되어 있었다.




예를 들면 머리는 ""그렇습니다."" 라는 말 대신에 눈을 아래로 내리깔고, ""아닙니다."" 라고 할 때는 눈을 위로 떠 보였다. ""안녕하셔요?"" 하고 로랑이 물으면, 머리는 미소를 지으며 눈을 아래로 내리깐다. 그것은, ""고맙습니다. 아주 건강합니다."" 라는 뜻인 것이다. 이제 로랑은 실험실에 나가는 것이 즐겁기까지 했다. 로랑의 일은 일자로 정해져 있었다. 아침 실험실에 들어서면 우선 민첩하게 기계들을 조사하고, 그 다음은 머리의 체온을 재어 일기에 기록한다. 그리고 나면 알코올에 적신 해면으로 머리의 얼굴이나 귀, 눈과 코를 깨끗이 씻고 빗으로 머리카락을 곱게 빗겨 준다. 로랑의 부드러운 손이 닿으면 박사의 머리는 아주 기분이 좋은 듯 만족스러운 표정을 짓는 것이었다. 이렇듯 날마다 머리의 시중을 들고 있는 동안에, 어느 사이엔가 로랑은 머리에 대해서 마치 불구의 자식을 불쌍히 여기고 두둔하는 어머니와 같은 심정을 가지게 되었다. 아무튼 아침 일과가 끝나면 로랑은 박사의 머리와 독서를 시작한다. 우선 로랑은 새로 나온 의학 잡지나 의학에 관한 책들을 안고 와서 머리에게 보여 준다. 머리는 일일이 그것을 눈으로 보고, 읽고 싶은 논문이 있으면 신호를 한다. 로랑은 박사의 머리가 읽고 싶다는 잡지나 책을 받침대 위에 기대 놓고, 머리의 움직임에 주의하면서 책장을 넘기며 읽게 한다. 머리는 다만 책을 읽는 것뿐이 아니고, 중요한 사항이 써 있는 곳이면 붉은 선을 그을 것을 로랑에게 부탁했다. 로랑은 연필로 한 자 한 자 확인하면서 머리가 원하는 대로 붉은 선을 쳐주었다. 로랑에게는 박사의 머리가 무엇 때문에 그러한 일을 하는지 알 수가 없었다. 아마 머리는 아무 일도 할 수 없기 때문에 시간을 보내기 위해 책을 읽거나, 또 옛날의 하던 습관대로 중요한 곳에 밑줄을 긋거나 하는 것이려니 생각했다. 그러던 어느 날, 로랑은 자기 집에서 의학 잡지를 읽고 있던 중 케룬 교수의 새로운 논문을 발견했다. 그 논문에는 다른 학자들의 논문도 많이 인용되어 있었지만, 그것은 모두가 도우엘 박사에게 부탁을 받아 자기가 붉은 줄을 쳐 준 곳뿐이었다. 이건 대체 어떻게 된 일일까? 케룬은 박사의 머리가 연구한 것을 자기 이름으로 잡지에 발표하고 있다. 이런 비겁한 일도 있을까 하고 로랑은 화가 치밀었다. 그 다음날, 로랑은 실험실 안에 들어서자마자 갑자기 머리를 향해 이렇게 물었다.
""선생님, 선생님은 즐겨 논문에 붉은 줄을 긋고 계십니다만, 그것은 무엇 때문이죠? 케룬 교수는 그것을 이용해서 자기 이름으로 논문을 쓰고 있어요. 그걸 선생님께서는 알고 계시는지요.?""
물론 로랑은 머리가 말을 할 수 없으니까 대답할 리가 없다는 것을 잘 알고 있다. 그러나 케룬의 그 비겁한 행위가 얄미워 로랑은 이렇게 물어보지 않고서는 견딜 수가 없었던 것이다. 그러자 박사의 머리는 갑자기 슬픈 표정으로 되면서, 심각한 눈초리로 로랑을 지긋이 바라보았다. 그리고서 머리는 눈을 실린더의 마개를 향해 크게 두 번 위쪽으로 치떴다. 머리의 표정에 따라 박사의 생각을 대개 알 수 있게 된 로랑이다. 그것을 보자 머리가 그 마개를 열어 달라고 부탁하고 있음을 알았다.




""안 돼요, 박사님. 그걸 열면 선생님께서는 돌아가시게 돼요.""
하고 로랑은 외쳤다. 그러자 박사의 머리는 마치 머리를 흔들 듯이 얼굴의 근육을 씰룩거리며 입술을 자꾸만 움직였다. 그것은, <아니, 나는 죽지 않아요. 그러니 꼭 좀 저 마개를 열어 줘요.>라고 말하고 있는 것이다. 나중에는 머리는 눈물을 흘리면서 원망스러운 표정으로 로랑을 바라보았다. 그러자 로랑은 필시 여기에는 무슨 까닭이 있음에 틀림없다고 생각했다. 케룬은 믿을 수 없는 인간이다. 어쩌면 저 마개를 열어도 박사의 머리는 죽지 않을지도 모른다. 그렇게 생각한 로랑은 결심하고 실린더의 마개를 비틀기 시작했다. 그때였다. 머리의 목에서 씨익 하는 소리가 나는 것과 동시에,
""고, 맙, 소,""
라는, 고장난 축음기 같은 목쉰 듯한 떨리는 목소리가 끊길 것처럼 들려왔다.","지난날 그것도 훨씬 전에 죽은 사람이 살아있다는, 더욱이 동체는 없이 머리만이 살아 있는 것을 보았다고 한다면 그 아무도 참말로 여기지는 않으리라.",4706
행성에서 온 소년,패트리샤 라이트슨,"버릇없는 소년




""아무리 도시를 새롭게 한다는 이유가 있다고 해도 말야. 그렇게 오랜 역사가 새겨진 탑이 있는 건물까지 깨뜨려 버리지 않아도 되지 않느냐 말야.""
올해 13살인 조지 애덤스는 옆에 서 있는 친구 루크 디에게 불만을 쏟아 놓듯이 소리쳤다.
""너는 그렇게 말하지만, 예외를 인정해 주다가는 여기저기에 낡은 건물들이 벌레 먹은 이빨처럼 남아 있게 되어서, 도시의 근대화는 이루어지지 못하는 거야.""
루크 디는 같은 나이의 조지가 감상적이라는 듯 비웃는 어조로 말했다.
그러나 다행히도 그 소리는 와르르 하고 무너져 쏟아지는 탑의 벽돌 소리에 묻혀서 조지 귀에는 잘 들리지 않았다.
여기는 오스트레일리아에서 첫째 가는 상업 도시, 인구 약 2백 7십 2만의 시드니다. 조지가 말한 대로 시드니에서는 지금 새로운 도시 건설이 진행되고 있다. 여기뿐만 아니라, 시내 여러 곳에서 낡은 건물이 파괴되고 근대적인 그러나 살풍경한 아파트가 세워지고 있는 것이다.
파괴 작업은 크레인(기중기)과 파괴용 쇳덩어리를 사용하여 행해지고 있었다. 그 때문에 노무자들은 머리에서부터 뿌연 먼지를 눈처럼 뒤집어쓰고 있었다. 몸이 먼지에 뒤덮이니 피로도 더해지는 듯하여 해가 아직 높은데도 작업을 끝냈다. 그리고, 영국인의 오스트레일리아 총독이 뽐내고 있을 적의 관습에 따라, 맥주를 마시러 돌아가 버린 것이다.
크레인은 큰 철제 창틀을 떼어 낸 상태에서 중단되어 있었다. 창틀이 빠져나갔기 때문에 창문은 20퍼센트나 더 넓어져서, 집안이 환히 들여다보였다. 루크 디는 혼자 기운이 나서,
""좋아! 내가 탐험을 좀 하고 와야지.""
하고는, 철거 작업중인 집으로 뛰어들어갔다. 벽돌더미를 넘어 가서는 벽에 붙어 날쌔게 기어올랐다.
이 광경을 본 어른들이 모두 ""저런 ! 저런 ! "" 하며 놀랐다. 루크는 그걸 눈치챘는지 보란 듯이 포즈를 취하며 조지를 돌아보았다.
(쳇! 또 시작했구나.)
조지는 속으로 혀를 찼다. 루크는 전부터 사람들이 많이 모인 데서는 별나게 흥분하며, 레인저 부대(특별 공격대 ․결사대) 같은 짓을 해 보이는 버릇이 있었던 것이다.
루크는 점점 기세가 올라, 계속 벽을 오르고 있다. 조지는 시시한 생각이 들어 휙 돌아서서 그곳을 떠나려 했다.
그러자 갑자기 눈앞에 한 소년이 나타났다. 야위고 검은 피부에 앞니가 쑥 내민 것이 유달리 눈에 띈다. 친구의 하나인 데이비드 게이트였다.
데이비드는 조지의 얼굴을 보자,
""야, 조지, 내기는 아무래도 내가 이긴 거지? 자, 20센트 내 놔.""
하며, 때묻은 손을 내밀었다.
""내기라니, 무슨 내기야?""
""얼빠진 소리 마. 왜 3일 전에 여기서 내기하지 않았어?""
"".......""
""그때 넌 분명히 말했어. 크레인을 쓰면 3일 동안에 바로 오늘까지 건물도 탑도 깨끗이 철거시키고 땅바닥이 평평하게 정리된다고 했지? 그 때 난 말했어. 반도 파괴하기 어려울 거라고. 그래 우린 20센트 걸고 내기를 하지 않았느냐 말이야. 저것 봐 건물은 저렇게 남아 있지. 그래서 루크 디가 언제나처럼 저 건물에서 인기를 모으고 있단 말야.""
데이비드는 루크 쪽을 턱으로 가리켰다.
포오지는 쳇! 하고 혀를 차고는 주머니에서 20센트 짜리 동전 2개를 꺼내어 그 중 하나를 데이비드에게 주면서 말했다.
""데이비드, 1개 더 갖고 싶지?""
""그야 싫을 리 있나?""
""그럼 한 번 더 내기를 하자. 이번에는 철거 날짜 같은 것 말고 눈싸움으로 하자. 마주 노려보기 말이다. 먼저 웃는 쪽이 20센트 내는 거야.""
""좋아, 해 보자.'
두 소년은 20센트를 위해, 온몸의 힘을 얼굴과 눈에 모아 가지고 상대를 노려보기 시작했다.
먼저 내기를 걸어온 조지의 눈싸움은 대단한 실력이었다.




그렇다 해도 무슨 우스꽝스러운 얼굴을 한 것은 아니었다. 얼굴에서 핏기를 싹 없애 가지고는 창백한 데드 마스크(죽은 사람의 얼굴에서 본을 떠서 만든 가면) 같이 되어 눈을 부릅뜨기만 하는 것이다.
그렇지만 상대편인 데이비드도 만만치는 않았다. 온통 얼굴이 주름투성이가 되어 조지를 노려보고 있었다.
1분, 2분, 눈싸움은 계속되었다.
3분쯤 됐을 때, 조지는 목덜미에 무언지 뜨거운 것이 닿는 걸 느꼈다.
그와 함께 찬 기운이 몸에 소름을 끼치게 했다.
'이건 데이비드가 아닌 또 다른 누가 우리들을 노려보고 있는 거야. 왜? 왜 그런 짓을 하지?'
조지는 오른손을 들어 타임을 요구했다. 데이비드가 화를 낼 거라 생각했다.
그런데 데이비드도
""조지, 누군가가 우리를 노려보는 것 같지 않아?""
하고, 소리쳤다.
두 소년은 동시에 오른쪽을 돌아다보다가 앗! 하고 숨을 죽였다.
10미터 가량 떨어진 보도에 12, 3살쯤 돼 보이는 소년이 서 있었다. 이 근방에서 본 적이 없는 얼굴이다. 눈 하나 깜짝 하지 않고 조지와 데이비드를 뚫어져라 노려보고 있었다.
""저놈이다. 저놈이 우리들 눈싸움을 방해했어. 건방진 녀석이다.""
조지는 시비를 걸려고 그 소년 쪽으로 걸어갔다.
그런데 두세 걸음 나아가자, 그 소년은 방향을 바꾸어 돌아섰다. 그러더니 금새 가랑잎처럼 몸을 훌쩍 날려 바람에 날려 가는 것 같은 속력으로 바다 쪽을 향해 달아났다. 그건 꼭 경관에게 들킨 범인과 같은 거동이었다.
""뭐야, 그 자식, 별난 놈이군. 야, 조지, 이번 내기는 무승부다.""
데이비드는 휘파람을 불며 가 버렸다.

유령의 집 탐험




조지는 웬일인지 그 버릇없는 소년의 모습이 잊혀지지 않았다. 마침 저녁밥 때까지는 시간이 넉넉히 있었으므로, 그 버릇없는 소년이 달아난 바다 쪽을 향해 내리막길을 걸어갔다.
2, 3번 길모퉁이를 돌아서 길에서 5, 6미터나 낮은 곳에 백동백나무와 녹나무에 둘러싸인 큰 고옥(지은 지 오래 된 집)이 있었다. 터가 넓어 여기저기에 정원수들이 있고, 클로버의 연분홍색 꽃이 융단을 펴놓은 듯 가득 피어 있었다.
건물을 적어도 2백 년을 지난 것 같았다. 녹이 슨 철판 지붕이 저녁 햇볕에 둔하게 빛나고 있었다.
2층은 주택이지만 1층은 철문이 내러져 있는 것으로 보아 차고인 듯했다.
2충에는 널찍한 베란다가 있고 아래에서 층계를 올라가게 되어 있었다. 그러나 사람이 살고 있는 듯한 기색은 전혀 없었다.
""유령이 사는 집인가 보다. 얼마 안 가서 철거되고 새로운 빌딩이 서게 되겠지.""
조지는 혼자 중얼거리며 지나치려 하다가 이상한 것을 발견했다.
서양 협죽도(늘푸른 딸기나무)의 화분이 있는 베란다에 허연 주발이 놓여 있었다.
그리고 아마도 들개인지 희고 야윈 개가 베란다의 층계를 재빠르게 뛰어올라가더니 주발에 머리를 처박고 무언지 맛있게 먹고 있지 않는가.
""이상한데……. 그렇다면 저 유령의 집에 누군가가 살고 있으면서 저 들개를 기르는 모양이군.""
조지는 더욱 주의해 바라보았다.
그러다가 2층 베란다에 가까운 유리창이 약 30센티쯤 열려 있는 걸 알았다.
(틀림없이 누군가가 저 집에 살고 있어.)
호기심에 사로잡힌 조지는 유령의 집 탐험을 계획했다.
유령의 집의 집터는 높이 1미터 가량의 쇠그물로 둘러싸여 있었지만 곳곳에 부서진 데가 있어서 조지는 손쉽게 울안으로 들어갈 수 있었다.
무성한 잡초를 헤치며 건물을 향해 들어가자, 아까 본 흰 개가 달려와서 조지의 냄새를 킁킁 맡았다.
""이 봐, 그러지 말고 안내를 해 줘.""
조지의 말을 알아들었는지 개는 꼬리를 빳빳이 세우고 2충 베란다를 오르는 층계를 앞서서 올라갔다.
조지도 뒤따라 계단을 오르려했지만 그 층계가 보기보다 훨씬 낡은 것임을 알게 되었다.
""이건 위험한데……. 조심해서 올라가야지 까딱 잘못하면 무너지겠어. 역시 이 집은 오래 동안 비어 있던 게 틀림없군.""
조지는 조심조심 층계를 올라 베란다에서 열려 있는 창문으로 방안을 들여다보았다.
매캐한 곰팡이 냄새가 코를 찔렀다. 마루에는 잿빛먼지가 2센티나 수북히 쌓여 있어서 흰 개가 꼬리를 흔들 때마다 뿌옇게 먼지가 일었다.
조심조심 방안에 들어간 조지는 아래층으로 내려가는 층계를 찾아 사방을 살폈다.
그러나 어떻게 된 건물인지 층계는 보이지 않았다. 그 대신 마루 한 구석에 네모난 뚜껑 같은 것이 있어 아래층 방을 내려다 볼 수가 있었다.
채광(햇볕을 받아들임)을 위한 창이 있기는 했지만, 아래층은 위층에 비해 훨씬 어두웠다. 바닥은 콘크리트로 되어 있는데 곳곳에 웅덩이처럼 파인 데가 보였다.
""하하, 알겠다. 저건 욕실이었어. 어떤 놈이 들어와서 타일을 몽땅 벗겨다가 팔아먹은 거야.""
조지는 아래층 한 귀퉁이에 도어가 있는 걸 발견했다.
조지는 조심스레 쇠 계단을 내려가서 도어를 열고 보잘 것 없는 1층으로 들어갔다.
셔터가 내려져 있는 곳은 역시 차고였다. 기름이 들었던 엠(M)표 석유 깡통과 낡은 스토브, 이미 풍화해서 못 쓰게 된 타이어가 3개 쌓여 있었다.
""적어도 한 3년은 비워 둔 모양이야.""
조지는 이렇게 중얼거렸지만, 퍼뜩, 차고 바닥에 식료품 전문의 슈퍼마켓의 포장지가 버려져 있는걸 발견했다.
""슈퍼마켓의 포장지가 있는 걸 보면, 필경 누가 여기 살면서 개까지 기르고 있는 게 틀림없는데…….""
조지는 가슴이 뛰기 시작했다.
""어른일까? 아니면 혹시라도 자활(자기 능력으로 독립하여 살아감)생활을 즐기는 아이들일까?""
조지는 수수께끼의 거주자의 정체를 밝히려고 마음을 크게 먹고 차고 한쪽 구석으로 걸어갔다.
거기에는 5, 6장의 그림이 버려져 있었다.
조지는 그 그림들이 너무나 엉터리인 것을 보고 놀랐다.
노랑, 파랑, 빨강, 초록들의 원색을 써서 기묘한 동물과 나비를 그린 것인데, 어느 것이나 데생이 되어 있지 않았다.
'유치원 애들이라도 이보다는 잘 그릴 거야. 아니 어쩌면 머리가 돈 사람이 그린 건지도 몰라. 하지만 이런 것이 천재의 걸작인지도 모를 일이지. 아무튼 이건 이 집에 살고 있는 사람의 그림일 텐데.'
이런 생각을 하다가 조지는 왠지 무서움을 느껴 몸서리를 쳤다. 그리고 손에 쥐고 있던 그림을 버리려고 했을 때, 갑자기 뒤쪽에서 쇳소리 같은 목소리가 덮어씌우듯 들려 왔다.","""아무리 도시를 새롭게 한다는 이유가 있다고 해도 말야. 그렇게 오랜 역사가 새겨진 탑이 있는 건물까지 깨뜨려 버리지 않아도 되지 않느냐 말야.""",3616
혈의 누,이인직,,"일청전쟁의 총소리는 평양 일경이 떠나가는 듯 하더니, 그 총소리가 그치매 사람의 자취는 그리고 산과 들에 비린 티끌 뿐이라.",24311
